cell_id,MT-ND1,MT-CO1,TH,DDC,SLC6A3,NURR1,LAMP1,LAMP2,CTSD,SQSTM1,HSPA8,PSMB5,GENE_0,GENE_1,GENE_2,GENE_3,GENE_4,GENE_5,GENE_6,GENE_7,GENE_8,GENE_9,GENE_10,GENE_11,GENE_12,GENE_13,GENE_14,GENE_15,GENE_16,GENE_17,GENE_18,GENE_19,GENE_20,GENE_21,GENE_22,GENE_23,GENE_24,GENE_25,GENE_26,GENE_27,GENE_28,GENE_29,GENE_30,GENE_31,GENE_32,GENE_33,GENE_34,GENE_35,GENE_36,GENE_37,GENE_38,GENE_39,GENE_40,GENE_41,GENE_42,GENE_43,GENE_44,GENE_45,GENE_46,GENE_47,GENE_48,GENE_49,GENE_50,GENE_51,GENE_52,GENE_53,GENE_54,GENE_55,GENE_56,GENE_57,GENE_58,GENE_59,GENE_60,GENE_61,GENE_62,GENE_63,GENE_64,GENE_65,GENE_66,GENE_67,GENE_68,GENE_69,GENE_70,GENE_71,GENE_72,GENE_73,GENE_74,GENE_75,GENE_76,GENE_77,GENE_78,GENE_79,GENE_80,GENE_81,GENE_82,GENE_83,GENE_84,GENE_85,GENE_86,GENE_87,GENE_88,GENE_89,GENE_90,GENE_91,GENE_92,GENE_93,GENE_94,GENE_95,GENE_96,GENE_97,GENE_98,GENE_99,GENE_100,GENE_101,GENE_102,GENE_103,GENE_104,GENE_105,GENE_106,GENE_107,GENE_108,GENE_109,GENE_110,GENE_111,GENE_112,GENE_113,GENE_114,GENE_115,GENE_116,GENE_117,GENE_118,GENE_119,GENE_120,GENE_121,GENE_122,GENE_123,GENE_124,GENE_125,GENE_126,GENE_127,GENE_128,GENE_129,GENE_130,GENE_131,GENE_132,GENE_133,GENE_134,GENE_135,GENE_136,GENE_137,GENE_138,GENE_139,GENE_140,GENE_141,GENE_142,GENE_143,GENE_144,GENE_145,GENE_146,GENE_147,GENE_148,GENE_149,GENE_150,GENE_151,GENE_152,GENE_153,GENE_154,GENE_155,GENE_156,GENE_157,GENE_158,GENE_159,GENE_160,GENE_161,GENE_162,GENE_163,GENE_164,GENE_165,GENE_166,GENE_167,GENE_168,GENE_169,GENE_170,GENE_171,GENE_172,GENE_173,GENE_174,GENE_175,GENE_176,GENE_177,GENE_178,GENE_179,GENE_180,GENE_181,GENE_182,GENE_183,GENE_184,GENE_185,GENE_186,GENE_187,GENE_188,GENE_189,GENE_190,GENE_191,GENE_192,GENE_193,GENE_194,GENE_195,GENE_196,GENE_197,GENE_198,GENE_199,GENE_200,GENE_201,GENE_202,GENE_203,GENE_204,GENE_205,GENE_206,GENE_207,GENE_208,GENE_209,GENE_210,GENE_211,GENE_212,GENE_213,GENE_214,GENE_215,GENE_216,GENE_217,GENE_218,GENE_219,GENE_220,GENE_221,GENE_222,GENE_223,GENE_224,GENE_225,GENE_226,GENE_227,GENE_228,GENE_229,GENE_230,GENE_231,GENE_232,GENE_233,GENE_234,GENE_235,GENE_236,GENE_237,GENE_238,GENE_239,GENE_240,GENE_241,GENE_242,GENE_243,GENE_244,GENE_245,GENE_246,GENE_247,GENE_248,GENE_249,GENE_250,GENE_251,GENE_252,GENE_253,GENE_254,GENE_255,GENE_256,GENE_257,GENE_258,GENE_259,GENE_260,GENE_261,GENE_262,GENE_263,GENE_264,GENE_265,GENE_266,GENE_267,GENE_268,GENE_269,GENE_270,GENE_271,GENE_272,GENE_273,GENE_274,GENE_275,GENE_276,GENE_277,GENE_278,GENE_279,GENE_280,GENE_281,GENE_282,GENE_283,GENE_284,GENE_285,GENE_286,GENE_287
donor_00_cell_000,2,0,2,0,3,3,4,1,0,5,0,3,2,3,3,1,2,0,4,1,4,2,1,1,3,3,2,2,2,1,2,4,5,1,3,0,1,0,0,0,1,1,1,0,2,2,0,1,2,2,0,0,1,2,1,2,0,0,1,0,0,0,1,3,2,4,4,2,1,0,0,1,2,1,2,0,1,2,0,2,4,0,3,0,1,1,3,4,1,2,0,3,1,1,1,3,3,1,3,2,5,2,2,1,1,1,2,0,2,1,2,0,3,0,0,7,1,1,3,1,3,1,2,1,1,2,1,0,3,2,0,6,1,0,3,1,1,0,3,1,0,4,2,3,1,2,0,2,1,0,3,4,1,1,1,5,2,2,4,2,0,1,2,0,3,1,1,3,3,2,3,3,2,3,0,5,2,2,2,3,0,3,1,2,1,3,0,1,2,1,3,4,2,2,1,3,3,3,0,1,0,0,2,2,0,4,1,2,1,1,1,0,0,1,3,2,3,0,4,2,0,2,3,2,1,1,0,2,2,2,0,1,2,1,1,2,0,1,1,2,1,1,3,1,1,3,4,2,1,0,2,3,2,1,2,1,1,0,1,1,1,4,3,0,0,2,3,0,1,1,1,0,1,4,3,2,3,1,3,1,1,1,1,1,2,0,0,1,4,3,1,3,3,2,0,2,4,2,2,6
donor_00_cell_001,0,0,5,2,0,4,1,3,1,0,0,0,2,2,4,0,1,1,2,3,2,1,1,4,2,1,1,3,0,4,4,4,2,1,1,2,0,1,0,3,1,2,1,0,2,4,1,1,2,1,1,1,1,6,4,0,2,3,0,5,1,3,1,1,4,1,2,2,0,2,1,3,1,2,0,2,2,1,2,4,3,0,1,0,1,3,1,0,2,2,0,2,3,0,1,2,3,2,2,1,3,3,2,7,1,2,4,1,2,0,1,1,0,2,2,5,2,1,4,3,3,0,3,0,0,0,0,0,1,1,2,5,1,1,0,0,4,2,4,2,1,3,2,1,1,3,3,3,3,2,1,1,1,1,1,2,1,2,5,1,0,7,2,3,2,2,3,1,0,2,2,1,1,0,0,1,1,3,2,3,3,3,1,0,2,4,1,1,1,0,2,2,1,2,5,3,1,1,2,1,3,4,3,2,2,0,1,0,1,1,3,2,2,2,1,2,0,0,3,0,0,2,2,0,1,1,2,2,4,1,0,2,3,2,0,3,4,3,1,2,1,2,0,1,1,4,2,0,1,2,6,1,1,1,1,0,1,0,0,1,1,2,0,0,5,4,2,1,2,1,2,1,0,1,1,1,2,1,2,1,0,1,1,4,1,2,1,2,2,1,1,2,3,0,2,3,3,2,2,1
donor_00_cell_002,0,0,1,3,1,2,1,1,0,2,2,5,4,1,4,4,1,2,1,2,3,3,1,1,0,3,2,1,3,1,2,3,0,1,2,0,2,2,1,3,0,0,3,2,0,0,1,1,4,1,3,0,2,2,1,2,0,2,0,0,0,2,1,3,3,0,6,1,0,4,1,1,0,1,0,1,2,6,4,3,3,2,5,1,0,2,0,2,2,1,3,0,0,1,2,0,2,2,2,0,4,2,3,0,5,1,2,0,1,2,2,4,2,4,1,2,3,1,2,3,1,0,2,2,0,0,2,3,3,1,1,1,2,1,3,0,1,3,3,0,1,4,3,5,3,1,1,3,1,0,3,5,3,4,1,2,1,3,3,2,1,5,1,1,2,5,1,4,4,3,1,2,1,3,1,2,2,2,2,3,3,2,1,0,2,6,1,0,0,2,5,2,1,1,0,1,2,4,4,2,2,2,2,0,0,2,0,2,2,1,4,2,1,4,1,3,0,1,2,1,2,4,2,1,0,3,1,0,1,0,0,2,1,2,1,2,0,4,1,1,2,4,3,2,1,1,2,0,1,3,2,4,0,0,0,3,2,3,1,2,0,0,1,2,3,1,0,1,0,2,2,2,0,1,1,1,3,2,3,3,0,2,0,1,3,2,0,0,3,0,1,2,1,0,4,2,8,2,4,1
donor_00_cell_003,0,0,3,2,0,6,2,1,2,1,6,0,1,1,3,2,1,1,3,2,1,1,2,2,4,0,3,1,1,1,5,0,2,0,1,0,4,3,0,0,5,0,2,2,2,0,2,1,0,2,1,0,2,5,0,1,3,0,1,0,1,3,1,3,1,1,1,2,0,3,0,2,4,1,1,1,0,1,0,2,3,5,3,1,0,0,2,1,1,3,3,0,2,2,0,0,1,3,0,1,1,1,2,5,2,2,2,1,1,1,4,0,0,0,1,3,2,3,2,2,1,2,3,3,1,2,0,2,2,1,1,6,1,1,1,0,3,4,2,4,2,2,0,2,0,2,2,3,0,4,3,4,2,2,1,7,4,2,2,5,1,6,7,2,2,2,2,0,0,2,1,1,2,2,1,1,3,4,5,7,2,3,0,3,5,3,0,4,1,1,1,0,0,1,1,3,1,3,2,4,2,2,3,0,0,1,0,3,1,1,1,0,0,2,4,1,0,1,3,3,1,1,2,1,3,1,2,1,0,2,2,1,9,4,6,5,4,1,2,1,2,1,2,1,2,2,1,2,6,2,2,6,2,1,0,4,1,0,0,1,0,5,1,1,4,2,2,2,1,1,0,2,1,5,3,1,1,2,2,1,1,2,0,2,1,0,2,1,4,1,4,2,3,0,1,4,7,3,2,3
donor_00_cell_004,0,1,4,2,2,0,1,3,0,2,3,4,1,2,0,1,1,1,2,1,1,1,3,1,5,1,0,0,1,2,3,2,1,0,1,2,1,2,1,6,2,1,4,1,3,2,3,2,5,1,1,2,2,1,3,2,3,2,0,0,2,1,4,4,4,4,3,5,1,4,1,0,5,0,1,1,2,2,2,1,1,1,3,0,1,4,7,4,0,0,1,3,1,2,0,1,3,0,1,3,3,3,1,3,3,2,1,4,1,3,2,0,0,2,0,5,6,4,0,3,0,2,1,1,2,0,0,2,1,5,0,2,4,1,5,1,0,1,0,3,1,2,0,0,2,0,1,6,0,1,5,5,1,1,0,1,0,1,3,2,3,3,3,1,3,1,3,2,1,2,2,0,1,2,1,0,0,1,4,3,1,3,2,1,5,1,0,2,2,0,3,2,0,3,3,1,3,4,0,1,4,3,2,1,1,1,0,2,1,0,4,2,2,3,2,1,0,2,4,0,1,2,2,3,1,2,1,2,2,1,1,6,4,2,3,6,2,4,0,0,2,5,2,1,1,2,0,2,1,0,1,3,1,2,0,3,2,2,1,3,0,1,1,0,1,0,2,3,0,1,1,0,2,3,4,0,1,1,2,3,1,1,1,1,0,2,1,2,4,0,2,1,0,0,3,2,5,5,3,3
donor_00_cell_005,0,0,1,2,5,1,2,2,0,0,2,1,0,3,2,1,2,0,1,3,3,0,4,4,0,0,0,1,0,1,1,1,1,2,0,2,0,1,1,2,1,2,2,2,2,0,2,2,3,0,1,1,1,3,1,3,1,0,1,1,4,1,2,1,2,3,1,1,1,1,2,3,2,0,1,0,1,2,0,1,1,1,0,2,0,2,1,3,0,0,0,2,1,0,2,1,0,1,1,2,0,3,1,1,1,1,2,4,1,2,0,1,2,1,2,1,1,3,1,2,1,2,0,0,0,1,2,0,0,1,0,3,1,1,0,1,0,3,2,1,2,4,1,3,1,1,3,3,2,0,2,1,2,0,0,3,0,1,2,4,1,1,1,0,0,1,3,0,2,2,1,2,0,0,0,0,1,2,1,1,5,4,2,0,1,0,0,0,1,0,1,3,0,0,0,0,0,1,0,1,0,0,0,0,2,1,1,0,0,1,1,1,2,0,2,2,2,1,2,2,1,6,3,4,0,0,1,1,1,3,1,1,3,0,3,1,1,2,0,1,1,2,0,0,3,3,2,2,1,2,0,3,4,2,1,1,0,3,2,0,1,3,1,1,2,0,1,0,1,1,1,1,0,2,1,1,2,0,2,2,1,0,1,1,2,5,0,1,2,1,2,4,2,0,0,2,2,2,1,0
donor_00_cell_006,0,1,1,0,1,3,1,2,0,1,3,3,1,3,0,0,1,0,3,3,2,0,2,2,3,2,4,0,2,2,5,4,0,1,3,1,2,2,1,2,0,3,6,4,4,0,3,2,0,3,0,1,1,3,1,2,2,1,3,0,1,1,0,3,4,2,0,1,2,1,0,2,2,1,0,1,5,3,3,1,2,0,3,0,2,0,3,1,0,2,2,5,1,1,0,1,0,4,1,4,6,3,0,3,3,1,1,0,0,5,3,1,1,0,3,5,6,1,4,3,4,2,2,1,0,1,3,1,1,3,1,2,2,1,2,2,1,2,1,2,1,1,5,0,1,0,0,0,0,1,2,2,2,1,1,4,1,2,1,2,3,2,1,0,4,1,3,3,2,1,1,3,1,1,0,0,2,3,3,2,2,3,3,3,2,4,2,2,1,3,5,1,0,7,1,0,1,5,2,0,2,2,4,1,0,3,1,2,2,0,0,0,4,1,3,1,1,0,4,0,1,0,1,2,1,1,0,4,2,1,4,0,2,1,4,1,0,2,0,0,1,1,1,2,2,2,0,0,3,4,1,1,1,0,3,4,4,1,2,2,2,3,3,0,1,2,2,1,0,0,1,0,0,1,3,0,2,2,2,1,0,1,3,1,3,1,0,1,0,3,2,0,3,1,2,3,1,0,1,1
donor_00_cell_007,0,0,2,2,0,4,5,3,1,2,1,4,3,3,1,2,1,2,1,4,2,5,8,2,3,2,2,0,2,0,3,2,3,1,2,1,0,2,2,1,1,1,1,2,2,4,1,2,3,0,0,0,1,2,3,3,3,0,1,2,1,2,3,3,2,4,2,0,1,1,2,3,1,1,2,1,1,3,3,1,3,0,1,2,0,0,2,1,1,0,1,3,1,0,1,2,2,1,2,3,1,1,1,2,4,5,2,5,0,2,3,1,2,1,0,1,0,1,1,2,0,1,1,1,0,2,1,0,1,3,2,4,3,1,2,0,0,2,4,3,2,2,2,2,2,0,2,3,1,0,4,0,2,1,0,2,2,2,2,1,0,6,1,0,0,1,0,3,3,1,2,2,0,0,0,1,2,3,0,3,0,3,4,1,3,2,2,1,3,2,3,2,1,3,3,2,1,0,1,1,0,4,2,3,1,2,0,6,1,1,1,3,0,1,1,0,0,1,2,1,2,2,1,0,1,1,1,4,3,0,0,0,2,3,4,5,3,2,2,1,1,3,2,4,2,3,4,1,2,1,2,1,1,1,0,3,3,1,4,2,1,0,0,0,4,1,4,2,1,0,1,1,1,2,0,3,1,2,2,1,0,0,1,4,0,0,2,1,2,1,1,1,2,0,1,4,3,3,1,4
donor_00_cell_008,1,0,1,4,0,2,0,1,1,1,2,2,4,2,1,2,2,1,2,2,1,1,3,5,8,0,2,2,1,1,4,0,0,3,2,0,1,1,1,2,2,4,0,2,1,1,3,1,2,0,0,0,1,1,0,1,2,0,1,1,3,3,3,4,1,3,3,1,0,3,1,1,4,1,0,0,3,1,1,1,3,3,3,0,1,1,1,2,3,0,0,3,2,1,2,3,0,2,1,2,2,0,0,4,1,5,0,0,3,4,0,2,1,1,0,2,0,1,0,3,1,3,0,1,0,3,2,2,0,2,0,1,2,1,5,0,1,1,4,0,2,2,2,4,2,0,2,1,2,1,2,2,3,3,0,1,3,3,1,2,1,6,0,2,3,0,2,1,2,1,0,1,2,2,1,2,1,0,1,3,3,4,1,1,5,1,2,0,1,1,3,3,4,3,3,3,4,3,3,1,1,0,2,2,2,0,2,1,1,2,0,1,2,1,2,1,1,3,4,1,2,1,7,4,0,2,0,2,0,1,1,2,1,2,3,0,3,2,1,1,2,3,2,1,2,6,2,4,0,2,2,1,3,0,0,0,3,1,2,1,2,3,1,1,3,0,0,1,1,2,1,0,2,2,4,1,1,1,3,0,2,0,2,1,0,1,0,1,2,2,2,0,3,0,3,1,1,0,1,1
donor_00_cell_009,2,0,0,2,1,2,2,1,2,2,4,5,5,3,3,0,1,1,1,1,1,1,2,3,4,2,3,0,1,2,2,1,0,1,1,5,4,3,3,1,1,1,4,4,4,0,1,1,1,0,2,1,4,2,3,2,3,4,4,1,3,3,0,1,3,3,3,1,1,2,1,1,2,1,1,1,0,3,2,2,2,2,3,1,1,1,5,1,1,2,0,1,2,1,0,2,4,0,1,2,4,3,1,4,2,0,2,1,3,4,1,0,1,2,1,5,1,4,3,1,0,2,0,3,2,1,4,0,0,1,1,4,2,1,5,1,1,2,4,1,1,0,1,2,3,1,1,0,2,0,2,5,0,1,3,1,1,3,3,1,1,2,1,0,3,2,0,0,3,3,1,0,2,2,1,0,1,1,4,3,1,3,2,2,5,1,3,3,2,0,4,2,1,4,0,0,4,4,0,2,2,2,0,1,0,5,3,2,0,2,0,1,2,1,2,3,2,2,2,2,0,1,2,4,2,3,1,3,1,3,1,2,1,1,1,0,2,4,2,2,4,2,1,4,4,0,1,0,1,1,2,3,0,2,3,2,3,0,1,0,0,2,0,2,3,0,1,0,0,1,2,0,1,1,2,2,1,2,2,2,0,0,0,1,1,3,1,3,2,0,5,3,0,1,0,3,0,2,1,0
donor_00_cell_010,0,0,2,0,0,0,2,2,0,0,0,1,4,3,1,1,2,1,2,1,3,4,3,1,1,1,1,0,1,2,0,4,3,1,2,0,2,4,1,2,1,1,2,0,8,5,6,1,1,1,0,2,1,0,0,5,2,0,1,0,3,1,2,1,1,3,1,1,1,3,0,1,0,2,3,1,0,1,0,2,2,2,1,1,0,1,1,4,0,1,2,2,0,3,0,2,0,0,3,2,2,2,2,2,3,3,3,1,0,5,3,1,2,0,1,6,1,0,1,2,3,4,1,4,2,0,2,2,2,0,0,1,2,0,2,0,7,5,3,0,0,2,1,2,1,1,0,0,0,0,3,1,0,1,1,3,2,1,4,2,1,6,2,1,1,2,0,3,0,2,1,1,1,0,0,0,2,2,1,4,2,1,0,1,3,2,1,0,7,0,2,0,1,2,2,0,3,3,0,0,4,3,0,4,0,3,0,4,1,1,2,2,1,3,2,1,2,1,3,4,1,4,0,1,2,0,0,2,1,0,2,2,1,3,3,1,4,2,1,1,0,0,2,2,3,1,0,1,2,2,2,4,1,0,1,2,5,2,0,1,0,1,1,2,3,2,0,2,3,1,1,1,0,2,1,3,3,0,1,2,1,2,1,2,2,3,1,1,1,1,3,0,1,2,1,2,2,1,0,0
donor_00_cell_011,1,0,3,3,1,5,0,0,0,0,1,3,3,1,2,1,3,0,2,1,2,1,5,3,4,0,3,1,1,0,0,2,2,0,2,0,1,1,1,1,1,1,0,1,2,2,1,1,3,0,0,1,1,2,4,3,0,1,0,2,5,2,2,2,3,1,1,2,1,3,3,0,2,1,1,5,3,0,2,2,2,0,2,0,0,0,1,2,1,0,0,0,1,1,3,3,0,1,0,1,3,2,0,3,1,0,1,0,1,2,4,1,2,0,1,2,2,2,1,2,1,3,0,3,1,0,1,0,0,2,0,0,0,0,1,0,0,1,3,2,2,1,0,1,0,0,2,2,1,1,3,3,0,4,0,1,2,1,2,0,0,0,2,1,1,1,1,1,1,2,0,3,1,0,1,0,3,3,5,2,4,3,2,0,1,1,1,1,0,0,2,2,1,2,0,0,3,2,0,1,2,5,0,1,0,1,1,0,0,1,2,2,0,2,0,1,2,3,2,1,1,1,1,2,0,1,0,1,2,0,0,1,2,1,1,2,1,4,0,4,1,3,1,3,0,3,0,3,2,2,1,0,2,1,2,3,0,3,1,2,0,3,1,0,5,0,2,0,0,0,1,1,1,1,1,0,0,1,1,2,1,1,2,0,0,1,0,2,0,1,2,0,1,1,2,2,0,4,1,1
donor_00_cell_012,0,0,4,1,0,0,2,2,0,1,1,5,4,1,0,1,3,0,0,6,1,0,3,2,2,1,0,0,1,1,1,6,2,3,1,1,1,1,2,1,2,5,3,0,3,0,2,2,4,1,1,0,5,4,2,0,1,2,2,0,4,2,4,2,3,4,2,1,0,2,1,0,1,3,1,2,2,2,1,4,0,4,2,0,2,0,1,1,0,2,0,1,1,1,1,3,1,1,1,4,3,1,0,4,3,4,2,1,1,4,0,1,0,2,2,1,0,3,4,4,0,4,0,3,0,2,5,2,2,2,1,1,5,0,2,1,3,1,3,2,2,2,4,2,3,0,2,2,2,1,4,2,5,0,2,2,1,2,6,2,0,3,3,3,5,2,2,2,1,3,3,2,0,1,1,2,2,6,6,2,5,1,1,3,3,2,1,1,1,0,7,2,1,5,3,2,1,2,2,2,3,2,2,0,1,0,0,4,1,3,0,0,0,4,1,3,0,1,3,2,1,1,0,3,1,1,0,3,2,0,1,0,2,3,4,3,3,4,1,0,2,0,3,3,1,2,4,2,0,1,4,1,0,0,1,2,1,3,4,2,2,2,3,0,4,2,4,4,0,0,1,5,1,2,1,3,3,2,2,1,0,0,1,0,3,2,2,4,3,2,4,2,1,1,5,4,6,4,4,1
donor_00_cell_013,1,0,2,1,1,1,1,3,1,3,0,4,2,6,2,1,1,2,3,3,2,3,6,3,2,1,6,0,1,0,2,0,0,1,1,1,0,3,0,4,0,3,6,2,0,2,3,1,1,2,0,0,1,2,1,2,1,2,0,0,0,4,1,1,1,3,1,3,2,1,3,1,2,1,0,1,1,3,2,1,1,1,2,0,1,0,2,2,1,3,2,6,6,1,0,3,0,0,1,3,3,1,4,1,0,2,2,1,2,1,1,1,0,1,2,2,4,3,1,1,0,3,1,2,0,1,0,1,2,4,3,3,2,0,0,3,5,1,1,1,0,1,0,4,3,1,0,1,2,3,1,0,0,0,1,3,3,3,0,1,0,5,0,1,4,0,0,0,1,1,3,4,1,4,0,0,2,3,1,3,3,0,1,1,4,4,1,1,2,2,6,0,1,7,0,1,4,4,0,1,3,3,0,1,0,1,0,2,0,0,1,2,1,2,4,2,2,0,4,3,2,1,1,5,2,3,0,5,4,0,0,3,6,2,2,2,4,3,1,0,3,1,2,3,2,0,0,3,3,6,2,3,3,2,3,3,2,2,0,2,1,0,0,1,1,3,0,1,1,2,0,2,1,2,5,1,5,2,5,2,0,0,0,0,2,4,3,2,1,0,1,2,1,2,6,2,1,1,3,0
donor_00_cell_014,0,1,2,1,1,1,2,1,0,2,1,1,3,4,5,3,0,0,4,1,5,2,1,1,1,1,2,3,0,1,1,2,0,1,1,1,1,0,0,0,1,2,1,0,1,1,2,1,0,1,1,1,1,1,1,4,1,1,3,0,1,0,3,2,2,2,3,2,0,2,1,1,0,2,0,1,1,3,1,1,2,1,4,1,1,3,0,0,1,0,0,1,1,0,2,1,2,1,0,0,3,1,0,1,1,1,3,1,2,3,3,0,2,1,1,1,0,4,2,1,1,1,0,2,1,2,1,1,0,1,3,1,0,0,0,1,0,1,0,0,0,4,3,1,0,1,3,1,3,1,0,1,2,2,0,3,3,3,3,0,0,1,0,2,2,1,1,0,1,0,0,1,0,0,1,2,1,4,3,2,4,1,0,2,2,2,2,1,3,2,0,1,0,1,0,1,2,0,1,2,2,3,0,1,1,1,0,2,2,1,4,1,1,1,0,0,0,2,3,1,0,3,2,0,1,1,1,2,3,1,4,2,1,1,1,1,4,1,2,0,0,3,1,1,3,3,2,2,1,0,0,3,0,0,1,1,3,2,1,3,1,1,0,2,3,0,1,0,2,1,2,0,0,3,1,0,1,1,1,1,1,0,1,1,2,2,1,1,2,0,2,1,2,0,1,1,3,3,3,2
donor_00_cell_015,0,0,0,0,2,1,2,3,2,1,1,2,1,2,2,0,1,1,1,6,1,0,4,0,1,2,2,0,0,1,1,1,1,1,1,2,1,2,0,0,1,3,2,0,1,2,0,0,0,1,0,0,1,2,3,3,2,1,0,0,0,1,2,1,2,1,0,1,0,2,2,0,5,2,0,2,1,1,1,1,2,0,1,2,1,0,0,1,0,1,1,1,1,2,2,1,3,1,1,1,1,3,0,0,1,4,1,0,0,3,1,0,0,4,1,2,0,1,1,3,1,0,1,1,1,1,0,2,0,4,0,3,0,0,1,0,2,1,2,1,3,0,4,0,2,2,0,3,3,0,1,2,2,1,2,1,0,1,0,2,1,2,0,1,2,2,1,2,0,1,1,0,2,0,1,1,2,0,1,3,0,2,1,0,2,2,1,0,1,0,3,2,2,2,0,1,3,1,1,1,3,0,0,0,0,0,0,0,0,0,0,0,3,3,4,1,0,1,1,0,0,1,1,4,2,2,1,0,5,0,0,2,1,2,3,1,0,2,0,0,3,2,0,0,0,0,0,3,1,1,2,3,2,1,1,0,2,0,0,2,1,1,2,3,2,0,0,1,0,1,0,1,1,2,0,1,0,3,1,1,0,0,1,1,1,3,0,1,1,0,1,1,3,0,1,3,3,2,1,2
donor_00_cell_016,0,0,1,2,0,2,3,1,1,1,1,2,2,1,0,1,1,1,2,4,2,3,7,0,2,2,4,1,0,2,0,2,1,1,1,3,1,0,1,2,1,0,2,0,0,0,0,0,6,3,0,0,1,1,2,1,2,0,1,3,3,1,0,2,6,0,1,1,0,0,1,1,1,1,0,1,1,1,2,4,1,2,4,2,0,0,0,1,1,1,1,1,2,1,1,3,1,0,1,2,3,0,1,4,1,1,2,2,2,2,1,2,1,0,1,3,3,2,1,3,1,1,1,1,0,3,1,1,1,1,2,2,1,2,4,0,4,0,2,0,4,3,2,4,1,2,2,2,1,0,1,1,1,2,2,0,0,1,5,2,2,2,1,0,2,0,2,2,1,2,0,1,0,3,1,1,1,6,1,3,0,1,0,1,1,1,1,1,1,0,1,0,0,2,1,1,2,1,2,0,2,0,1,4,1,2,1,3,2,3,3,2,1,3,1,2,0,2,2,2,2,2,3,0,3,1,1,1,2,0,0,1,1,2,0,3,3,3,3,1,3,0,0,0,4,2,0,3,0,1,1,2,1,2,2,3,0,2,1,3,0,1,1,1,2,4,4,1,0,0,1,2,0,2,2,0,1,2,4,4,0,3,1,1,3,1,1,0,2,3,4,0,1,1,5,3,0,1,5,2
donor_00_cell_017,0,0,3,0,1,1,1,1,2,0,0,9,2,3,2,1,3,1,4,2,4,3,4,0,2,0,0,0,1,3,4,2,0,1,2,0,1,1,0,1,1,2,2,2,4,2,3,0,1,1,1,1,2,3,4,4,2,3,0,3,2,3,4,1,1,4,2,1,1,0,2,2,2,1,4,0,0,7,2,2,0,1,3,0,0,0,4,2,1,1,0,3,0,0,0,1,0,1,1,2,1,2,1,3,0,5,5,1,1,1,3,1,1,3,2,1,4,2,2,0,0,3,1,1,1,2,1,0,1,1,0,0,0,0,2,0,2,1,1,3,2,2,1,1,0,2,6,1,0,0,3,3,0,2,0,0,1,3,1,1,0,5,1,1,0,0,1,4,2,2,0,0,1,4,1,1,1,1,1,3,3,2,1,1,3,2,0,0,2,0,0,2,1,4,1,0,2,4,2,2,4,1,6,1,0,0,1,1,3,1,0,0,0,3,6,1,1,0,1,1,2,1,1,4,2,1,2,1,1,1,0,1,2,2,2,4,1,1,3,3,3,1,0,1,2,1,4,3,0,0,2,3,3,1,1,4,2,0,1,1,1,2,1,1,1,0,1,1,1,0,2,2,1,4,1,2,2,3,1,1,1,0,2,1,2,2,1,0,2,2,1,2,2,2,4,3,2,4,1,2
donor_00_cell_018,1,0,1,2,1,0,3,4,3,5,2,2,2,3,1,1,1,0,4,0,4,1,5,4,0,0,1,1,0,1,1,4,2,1,2,0,0,0,1,2,3,3,1,1,1,6,0,3,0,0,2,0,2,1,2,3,2,3,1,0,3,1,2,1,1,2,2,2,2,3,1,0,3,0,0,4,4,1,3,1,6,3,1,3,0,1,1,2,2,1,1,4,0,4,2,4,0,0,1,1,4,3,1,10,3,4,1,1,2,3,2,1,1,2,1,4,3,2,2,2,1,2,1,2,0,1,3,0,0,2,2,1,2,2,2,2,1,3,3,0,0,2,2,1,3,1,2,1,3,2,2,1,1,3,0,1,1,2,5,3,2,2,2,0,2,3,1,5,1,6,1,2,0,2,0,0,2,1,1,0,1,1,3,4,3,3,1,2,1,0,2,1,0,3,1,2,3,0,1,2,0,3,3,0,1,0,1,4,0,3,1,1,2,1,2,6,1,0,3,3,2,3,1,2,1,5,1,1,2,1,0,1,5,2,0,2,0,4,4,0,2,5,2,2,3,3,2,2,1,1,0,1,3,1,1,1,2,0,1,3,0,4,1,0,4,3,1,2,0,0,1,0,1,2,4,3,2,1,4,3,1,2,2,2,0,1,3,3,0,0,4,1,2,0,1,2,1,2,3,0
donor_00_cell_019,0,0,1,1,1,2,2,1,3,1,2,1,4,2,4,1,0,1,0,2,3,3,6,6,2,2,2,3,0,2,4,2,3,1,5,2,0,4,1,4,3,5,4,1,4,0,1,2,0,2,1,0,0,2,3,1,4,1,2,2,0,2,1,7,2,1,6,1,0,1,1,1,3,2,2,3,0,4,1,5,0,2,3,1,3,0,6,1,0,2,1,7,1,4,1,2,3,0,0,2,3,1,1,5,2,1,1,4,1,2,2,3,2,2,0,2,2,2,2,2,4,1,1,3,1,1,1,0,1,1,2,3,4,3,1,0,5,2,2,3,8,2,3,2,2,1,2,6,5,0,3,2,0,0,1,3,1,0,5,1,1,2,0,1,1,4,2,5,2,5,1,1,3,1,1,0,3,3,3,1,1,1,2,2,3,1,0,0,5,1,8,0,0,4,1,3,2,2,1,3,1,3,4,1,1,2,2,3,2,2,4,1,1,2,2,1,1,2,4,1,4,2,2,0,3,4,1,1,3,1,1,3,9,4,4,3,0,5,0,2,3,1,3,0,3,4,1,2,0,2,1,5,1,2,1,2,5,1,0,3,1,4,2,0,7,0,4,0,1,0,0,1,2,4,2,1,2,1,3,1,3,1,0,0,4,1,1,4,5,5,1,2,4,1,2,2,2,2,1,3
donor_00_cell_020,0,1,2,0,0,0,1,3,2,0,2,4,2,4,1,0,0,1,0,3,2,3,2,1,0,2,2,3,2,1,2,3,0,0,1,2,2,0,1,6,2,3,0,0,1,1,3,1,2,1,1,2,3,2,2,3,0,3,2,1,4,2,4,2,2,2,3,0,0,2,1,2,3,0,1,1,0,2,3,2,3,8,0,1,2,0,3,2,3,1,2,2,3,3,1,2,0,1,1,4,4,2,1,3,0,6,2,2,3,2,2,1,3,2,1,3,1,1,2,3,1,3,0,2,1,5,0,1,1,1,1,4,1,1,1,4,1,2,2,2,1,3,1,0,0,4,2,0,1,0,4,2,1,5,0,5,0,2,5,2,4,2,4,0,0,2,3,3,0,4,0,2,0,3,0,0,3,4,0,0,2,4,0,2,3,3,0,2,2,1,3,3,1,4,1,0,2,2,0,2,4,2,2,2,2,3,3,2,1,2,3,0,3,4,2,3,0,2,3,1,3,1,1,4,5,0,2,2,3,1,3,3,4,0,3,2,1,2,1,0,2,6,1,1,2,1,2,3,4,2,0,2,2,0,0,5,3,1,1,0,2,0,2,0,3,2,1,0,2,1,1,1,1,2,3,0,1,4,5,4,2,2,0,2,0,0,1,0,1,3,1,1,1,0,2,0,3,7,1,1
donor_00_cell_021,0,0,2,3,3,4,0,5,1,2,2,4,2,4,1,1,1,1,2,3,2,0,2,3,1,0,3,0,0,2,0,1,2,2,3,2,1,2,2,4,1,1,1,1,5,3,0,0,2,1,2,1,2,2,1,3,3,3,2,0,0,2,3,2,0,2,1,0,0,1,0,2,1,3,1,1,2,5,2,3,2,1,2,2,0,1,2,1,0,2,2,2,3,2,0,4,5,3,0,6,2,2,1,3,1,0,1,0,1,1,2,1,1,3,3,4,2,0,0,4,5,0,1,1,3,4,1,1,0,2,1,4,1,2,3,1,6,1,3,2,0,3,1,2,3,0,2,1,1,1,2,1,1,1,0,1,2,0,5,3,3,4,1,1,4,2,2,1,1,3,2,3,0,3,0,1,2,3,3,5,1,0,0,1,2,1,1,3,1,1,3,2,2,1,2,3,3,2,0,4,4,1,2,0,1,2,0,3,1,3,2,4,3,4,2,6,3,1,0,1,1,1,1,0,3,3,3,0,0,2,0,0,4,2,4,2,3,0,1,2,4,1,3,1,0,1,4,3,0,2,3,3,0,6,0,3,2,1,0,3,1,1,1,1,5,0,1,1,1,1,1,0,0,3,1,1,2,2,1,6,0,0,1,1,6,1,4,3,0,0,4,2,1,1,2,1,2,0,1,2
donor_00_cell_022,0,0,2,0,0,2,3,1,2,3,1,1,4,3,1,1,1,1,2,1,2,2,5,3,1,1,1,0,1,1,1,4,1,2,4,1,0,1,0,4,1,1,2,1,2,4,2,0,1,1,1,1,3,2,3,1,3,1,0,0,0,0,2,1,3,2,2,2,2,0,0,2,4,0,0,2,1,4,0,2,1,4,0,1,2,1,3,5,1,2,1,2,0,2,1,1,0,5,0,3,3,1,2,4,3,2,3,0,1,2,3,3,2,3,2,3,5,0,1,2,1,0,2,2,0,2,3,2,1,3,3,2,2,0,3,1,4,2,2,1,2,0,0,0,0,1,1,0,0,0,1,3,1,0,4,4,0,3,1,2,1,2,2,4,2,2,3,3,1,2,1,1,2,3,2,0,2,3,2,3,2,1,2,1,2,3,0,1,3,1,4,0,0,4,2,3,3,2,0,1,4,1,1,2,0,2,0,2,1,2,4,1,1,1,0,3,0,0,2,6,1,2,1,1,1,1,2,2,3,2,2,1,3,4,1,1,3,1,2,1,2,5,2,3,0,1,0,1,2,1,0,2,2,1,1,2,2,2,3,1,2,0,0,0,1,3,0,1,0,0,1,1,0,2,4,3,3,0,2,3,2,1,2,0,2,0,1,3,1,1,0,0,1,0,2,2,0,2,2,3
donor_00_cell_023,1,0,2,3,3,1,3,2,0,0,2,3,1,6,1,2,2,0,3,2,2,2,2,4,4,3,0,0,1,2,3,2,2,0,1,1,1,1,1,1,0,3,1,2,0,2,1,0,1,0,1,0,1,3,3,0,3,5,0,0,1,5,3,0,3,4,2,1,1,2,2,5,4,2,1,0,1,1,3,2,5,1,2,1,0,1,5,1,1,4,0,0,2,1,1,0,0,0,2,3,0,4,0,0,2,0,0,1,1,2,1,1,0,0,0,2,1,1,3,4,0,2,2,1,1,1,0,1,1,0,1,4,2,5,3,1,3,1,1,0,0,5,0,3,4,1,2,1,3,2,1,1,1,2,0,5,3,3,2,2,0,6,2,1,2,4,1,1,1,2,3,1,2,3,1,0,0,4,3,3,3,5,0,3,3,3,0,3,2,1,3,1,0,2,1,2,1,2,2,3,0,1,3,2,1,1,1,1,0,2,0,1,1,2,7,2,0,0,2,1,0,1,1,2,2,2,0,3,3,0,0,2,1,2,4,0,0,4,2,3,2,2,0,2,1,2,4,1,2,1,2,1,0,0,1,1,3,0,2,1,1,1,3,1,1,0,1,2,0,1,1,1,0,1,0,0,3,2,1,2,0,2,0,3,2,2,0,0,2,0,1,1,3,0,4,3,2,1,2,0
donor_00_cell_024,0,0,2,1,0,1,3,2,1,1,1,4,1,1,1,2,1,0,4,0,2,1,5,5,5,3,2,1,0,3,0,6,2,2,0,3,1,1,1,0,1,1,4,3,1,2,3,1,0,1,1,1,1,1,3,3,3,0,2,0,1,2,1,2,3,4,1,2,2,2,1,4,2,1,0,1,2,3,1,1,5,2,1,1,2,1,2,1,1,3,0,2,0,1,0,2,1,0,0,1,1,1,0,2,0,2,1,1,5,0,0,1,2,0,0,2,2,1,0,3,3,1,2,0,0,0,1,0,0,0,1,5,0,2,2,0,0,1,5,0,1,0,3,1,0,0,2,0,2,1,1,5,1,3,0,3,0,0,3,2,3,1,3,1,2,2,3,0,2,1,4,1,2,7,1,3,1,1,3,5,1,2,0,1,3,0,0,0,2,2,4,1,0,2,0,1,1,0,1,2,2,5,0,0,0,0,2,5,0,0,1,0,0,3,3,2,0,2,3,0,1,0,2,1,1,4,1,0,2,0,0,0,2,1,2,2,0,3,0,1,3,3,4,1,2,3,1,1,1,1,4,0,0,2,3,4,5,0,3,3,0,4,1,0,3,0,1,3,2,1,0,2,1,4,4,1,0,4,2,3,3,0,1,0,3,2,0,0,1,1,1,3,1,1,1,3,2,2,1,0
donor_00_cell_025,2,0,4,3,1,5,3,4,2,0,1,1,1,1,1,0,1,0,4,5,1,3,1,4,2,3,4,0,3,3,2,4,2,3,1,3,2,2,1,5,1,1,5,4,3,2,3,1,8,0,4,2,3,2,0,3,4,2,2,1,2,2,2,2,4,1,2,1,2,0,1,3,6,3,0,2,4,2,2,6,0,1,2,6,0,2,3,2,0,1,5,0,2,3,1,5,0,0,0,2,1,1,0,3,2,4,2,0,1,3,2,2,2,0,2,2,4,4,1,1,1,4,1,0,4,1,2,5,2,0,3,2,3,1,0,2,2,3,3,4,2,2,1,3,4,2,2,3,3,1,3,4,2,4,2,3,2,2,2,2,2,4,2,1,1,1,2,2,0,1,2,3,1,5,2,2,1,2,1,4,4,2,1,1,5,0,2,2,2,4,2,2,3,2,2,0,2,2,3,1,1,3,2,1,1,4,1,2,0,3,0,4,2,2,0,3,1,0,4,1,0,1,1,3,3,2,3,2,4,0,1,2,1,3,5,2,3,2,1,2,3,1,2,2,4,6,0,3,4,1,4,1,6,1,0,6,1,2,0,0,2,1,5,1,4,3,3,0,0,0,0,3,0,2,1,0,2,3,0,0,2,4,4,3,3,2,2,1,2,0,1,1,3,2,1,7,2,2,3,3
donor_00_cell_026,0,1,2,2,2,1,2,3,1,2,2,1,5,3,3,5,5,1,2,1,0,2,1,0,4,2,0,1,0,2,1,4,3,1,2,2,3,0,1,0,2,1,2,2,4,4,1,0,1,1,0,1,2,0,5,1,0,2,0,0,4,2,2,4,1,1,3,3,0,2,1,1,1,2,0,1,3,5,4,1,2,3,3,4,1,0,2,2,1,0,3,3,2,0,0,3,3,2,3,6,2,2,0,5,1,0,2,1,2,3,5,0,2,2,1,2,2,1,4,3,1,1,0,0,0,2,2,1,2,7,0,2,1,1,2,0,4,1,4,2,0,2,5,1,4,2,2,3,0,2,1,2,2,1,0,2,1,3,0,1,2,3,1,0,0,3,2,4,2,1,2,3,0,2,0,0,0,1,1,3,0,2,2,0,0,1,0,0,1,0,3,2,1,0,2,3,2,2,0,2,0,4,2,1,1,1,2,3,0,1,1,4,0,4,2,1,1,2,2,3,5,2,1,1,4,5,1,2,2,2,1,2,6,0,2,4,1,1,1,1,5,1,3,2,1,1,1,1,1,4,3,0,0,1,0,4,1,0,1,2,0,0,0,2,2,1,1,2,0,1,1,1,2,1,2,0,1,1,0,5,0,1,1,2,2,0,0,4,4,0,1,4,2,1,1,1,3,6,1,0
donor_00_cell_027,0,0,4,2,0,3,7,3,2,1,5,3,2,1,1,1,3,3,4,3,3,2,1,2,2,1,3,0,3,2,4,2,2,2,4,1,3,2,0,0,0,2,7,4,1,0,1,3,1,1,1,0,0,1,1,1,5,2,0,1,1,1,3,5,1,4,5,1,1,0,1,4,4,0,1,0,1,3,3,3,0,3,5,1,0,0,5,0,1,4,1,1,1,3,0,3,1,1,3,4,1,0,1,1,5,2,2,0,1,5,0,2,0,0,0,0,2,1,2,2,1,3,3,1,0,3,2,1,3,1,3,3,2,1,3,1,4,4,3,0,2,1,4,3,2,2,1,1,3,1,1,2,2,0,0,2,4,2,3,2,2,5,3,0,0,1,3,2,0,1,1,1,2,2,0,0,2,2,2,4,6,3,3,2,1,2,2,1,0,1,8,1,1,2,2,3,2,7,1,0,4,1,1,0,1,1,1,2,0,0,1,1,2,2,2,1,1,1,1,2,2,0,2,0,3,2,1,0,0,0,2,2,8,3,2,3,1,2,2,1,0,6,0,1,1,1,2,4,1,0,5,0,2,1,2,4,1,2,2,1,0,2,1,1,4,2,4,1,0,1,2,0,1,1,4,0,4,2,1,4,1,0,1,2,2,3,1,0,0,0,2,0,3,0,2,1,2,2,5,1
donor_00_cell_028,0,0,3,0,1,2,5,1,0,1,1,1,2,2,4,1,2,0,3,4,2,0,1,2,2,2,4,1,2,3,3,1,2,0,4,5,2,4,0,1,1,4,3,0,0,2,1,3,1,2,1,2,0,0,1,0,3,0,1,0,2,2,0,5,1,3,1,1,0,0,1,2,2,3,0,1,3,2,1,1,2,0,0,1,1,1,5,3,0,1,1,3,3,0,1,2,2,1,0,3,3,2,1,5,1,0,1,1,0,3,0,0,1,1,3,0,2,1,2,1,2,1,0,1,0,2,3,1,2,2,0,3,0,0,2,2,2,2,2,1,0,1,2,1,3,0,4,0,0,0,1,3,0,4,1,6,0,3,4,2,0,2,3,0,1,2,1,0,1,3,1,2,1,0,0,0,1,2,1,2,3,4,1,1,1,3,4,2,1,0,3,0,0,1,2,0,2,2,2,1,2,1,4,1,1,3,0,4,0,0,4,0,0,2,2,2,2,2,5,1,1,0,1,2,1,3,0,2,3,1,1,1,1,2,3,0,3,2,0,0,4,3,0,2,1,2,1,1,0,1,0,0,0,1,1,0,2,1,1,0,1,1,1,1,1,1,2,0,1,0,1,1,0,1,2,2,1,3,1,1,0,0,1,2,0,2,1,1,0,1,0,1,1,0,4,5,0,2,3,5
donor_00_cell_029,0,0,3,1,1,1,4,0,0,0,0,3,6,2,1,1,2,0,4,3,2,1,3,1,0,0,1,1,0,2,1,2,0,1,3,1,0,2,2,1,0,2,3,1,4,2,1,0,2,0,0,0,1,2,3,3,1,1,1,0,1,2,1,3,0,2,1,1,1,1,0,0,2,0,1,0,0,2,1,1,2,0,3,1,1,0,2,2,0,1,1,0,0,3,2,2,0,1,1,1,1,1,1,0,1,3,0,0,2,1,0,0,1,1,1,0,3,2,1,1,0,1,0,2,0,1,2,0,0,1,0,3,1,1,0,0,1,4,1,0,3,1,2,3,0,2,0,0,3,0,2,2,0,1,1,5,1,1,2,1,2,2,0,0,2,2,3,2,1,0,3,2,1,2,0,0,3,2,2,1,3,1,0,0,3,0,2,0,0,0,1,5,1,2,1,0,2,2,1,1,2,2,3,0,2,1,1,2,1,1,3,3,1,0,3,1,0,1,1,0,1,0,2,1,1,0,0,0,0,1,1,0,3,0,2,1,3,3,1,2,3,1,1,2,1,0,2,1,1,0,2,6,0,3,3,1,0,1,1,1,1,3,2,1,1,0,0,3,1,0,0,2,0,1,4,2,2,4,4,4,0,1,2,2,0,1,0,1,1,1,1,0,2,0,1,2,0,2,1,2
donor_00_cell_030,0,0,2,2,0,2,2,4,0,0,1,1,6,1,2,0,2,0,2,3,2,1,2,2,1,3,1,0,2,2,3,5,4,1,2,0,1,2,0,4,0,0,3,3,3,3,0,1,2,1,1,2,1,1,6,2,1,1,1,0,4,0,2,1,2,0,2,1,1,0,0,0,2,0,1,1,0,1,2,3,2,0,2,2,1,1,3,7,0,1,0,1,2,2,0,0,1,1,1,4,2,2,0,2,2,0,1,2,1,5,2,1,3,2,1,4,1,1,5,2,5,2,0,0,3,1,3,0,0,2,0,2,2,1,2,0,1,0,1,2,1,0,2,6,2,0,1,0,2,0,4,1,1,1,2,1,2,2,4,3,3,3,3,0,0,2,6,3,1,2,2,2,2,4,0,1,2,3,0,1,2,2,4,0,0,3,0,2,2,1,2,1,1,2,2,0,4,2,1,1,4,3,1,3,1,1,1,2,0,1,4,0,2,2,5,2,2,1,3,0,1,1,1,0,4,4,0,0,3,1,0,1,2,3,3,0,2,3,0,0,4,4,2,0,0,3,2,3,2,3,2,1,3,1,3,5,1,0,1,0,0,7,3,0,7,0,2,1,3,2,0,0,0,4,1,6,0,2,2,3,2,1,4,2,4,0,0,1,2,1,1,0,3,1,2,5,2,1,0,3
donor_00_cell_031,1,0,1,6,0,3,3,4,4,6,2,3,2,0,1,0,4,0,0,1,2,3,2,0,2,2,3,0,1,3,3,2,1,0,2,0,0,0,0,1,1,4,0,0,7,1,4,1,1,2,0,0,3,0,3,1,0,2,1,2,2,0,3,1,2,3,1,1,0,1,1,1,2,0,2,5,1,2,2,4,1,4,4,4,4,2,0,2,1,2,1,5,1,3,1,3,3,0,2,3,8,0,1,5,2,2,3,2,2,5,0,1,0,1,0,3,3,2,3,2,1,4,0,1,1,1,0,0,0,3,1,1,2,2,1,2,3,3,3,3,3,0,4,5,4,2,3,3,0,0,3,2,2,2,0,0,5,2,3,5,1,3,3,1,2,3,6,3,1,4,2,2,3,5,1,0,2,2,3,3,3,4,0,1,1,0,0,1,3,2,2,2,1,4,2,1,0,3,3,2,1,2,7,0,3,2,2,0,1,1,2,2,1,6,2,1,1,0,1,2,1,2,2,2,1,4,0,3,2,1,1,3,2,1,5,3,2,2,0,1,1,2,2,3,1,0,2,2,0,1,3,1,2,2,3,2,1,3,0,1,2,0,0,1,1,0,2,0,0,1,1,1,0,2,7,4,3,1,2,1,0,2,2,3,3,1,1,2,2,2,2,3,1,1,2,2,4,3,4,2
donor_00_cell_032,0,0,2,2,2,2,5,2,4,1,1,2,1,2,1,0,2,1,1,1,0,1,4,1,1,2,1,0,1,1,2,5,3,2,3,2,0,1,0,1,2,4,2,1,2,1,0,3,4,0,2,3,6,5,4,3,3,2,1,0,2,3,2,5,2,1,1,1,2,3,0,1,3,1,0,4,0,1,2,4,4,1,3,0,1,6,3,4,2,1,1,3,4,1,2,2,2,2,0,4,3,4,0,6,1,2,2,1,0,2,3,2,0,1,1,2,2,3,5,0,1,2,0,1,0,1,4,3,0,1,0,2,3,3,2,0,2,2,3,5,1,2,1,1,1,2,2,1,2,1,2,3,0,4,1,1,0,4,3,4,1,3,1,0,2,2,3,4,2,2,2,0,3,1,0,2,4,3,3,2,2,1,1,2,0,1,3,0,2,0,3,0,1,0,1,1,2,0,1,1,1,2,2,2,1,1,0,1,0,2,1,3,0,3,0,2,0,0,6,3,2,2,3,1,0,3,1,3,0,0,3,0,4,0,0,2,5,2,0,2,3,2,4,0,0,5,1,3,1,2,1,3,3,1,1,1,0,2,2,3,1,1,2,0,4,2,3,2,1,0,0,0,1,2,3,4,6,3,3,2,2,1,1,3,2,2,0,0,4,2,3,0,4,2,1,2,3,0,4,3
donor_00_cell_033,0,0,1,2,1,4,3,3,2,1,1,3,4,0,0,2,3,3,3,3,2,0,0,2,3,1,1,0,0,0,1,1,3,3,1,2,0,4,2,2,0,3,3,1,3,3,0,0,1,0,0,0,2,2,2,1,1,1,1,1,3,2,3,1,2,0,1,1,1,1,0,0,2,1,0,0,1,2,1,1,3,2,3,2,0,0,1,4,2,5,0,3,4,2,0,5,4,0,0,5,1,3,3,2,3,4,4,3,1,0,2,2,2,2,1,0,2,2,3,0,0,1,0,1,0,0,0,2,1,3,1,1,1,1,2,0,4,3,3,0,3,0,2,0,1,1,0,1,2,0,0,4,2,1,1,2,1,0,5,1,3,1,1,2,1,3,1,2,1,2,1,0,1,2,2,0,1,3,1,2,1,3,1,1,2,3,1,3,2,0,2,2,2,4,2,1,1,0,0,1,0,2,1,0,0,1,1,2,2,1,2,1,0,4,4,2,2,1,3,3,2,2,2,2,2,1,0,2,4,0,1,3,4,2,3,5,3,3,0,1,3,3,3,3,0,3,1,3,0,1,2,1,2,2,1,1,0,0,0,3,0,2,0,1,2,1,2,1,2,1,0,1,1,3,2,1,1,1,2,4,0,0,0,4,1,2,0,4,5,2,3,0,1,0,2,1,3,3,3,2
donor_00_cell_034,0,0,2,1,1,3,1,1,1,2,0,3,4,2,1,0,4,0,1,2,1,2,2,2,1,2,1,0,0,3,0,1,0,0,2,0,0,1,0,1,2,4,2,4,5,3,1,0,3,3,1,0,2,3,0,3,0,0,1,0,2,0,2,1,3,3,2,2,0,0,2,0,2,1,0,0,2,6,2,0,3,3,2,0,2,1,2,5,0,0,1,2,1,1,0,0,1,2,0,1,3,2,1,3,2,2,0,2,0,4,2,2,0,3,0,2,0,1,2,0,2,2,0,2,1,5,1,0,3,0,1,6,0,1,3,0,3,1,2,1,2,2,4,0,1,1,1,1,1,0,4,1,0,1,1,1,0,2,3,5,0,1,0,0,4,0,4,4,1,4,1,1,2,2,0,1,0,6,1,5,0,3,1,0,1,1,1,1,1,0,0,2,1,2,3,2,2,2,1,3,1,2,3,2,2,1,1,5,1,0,2,1,1,2,2,3,0,1,2,1,3,2,1,2,1,1,0,2,2,0,0,2,3,1,2,2,2,2,0,0,4,1,1,1,1,1,3,1,2,1,2,4,2,1,1,2,3,1,0,2,0,3,3,1,2,0,1,2,1,1,0,2,0,2,2,2,1,2,3,2,1,2,1,1,1,2,0,2,2,1,3,0,1,1,1,1,3,2,4,0
donor_01_cell_000,1,0,2,0,2,3,11,5,6,3,4,14,4,2,4,2,1,1,4,1,4,2,4,0,4,0,0,1,0,1,2,5,2,1,3,1,2,3,0,1,0,0,4,3,1,0,2,1,3,2,2,0,4,2,2,3,4,2,1,2,2,0,6,0,1,4,1,2,2,0,1,2,1,1,0,0,4,3,3,2,2,2,0,2,2,1,4,4,0,0,0,2,1,1,0,1,3,0,2,2,2,1,4,5,2,1,2,1,2,4,0,1,1,4,0,2,2,1,1,1,1,3,2,2,2,1,3,1,1,0,2,4,1,1,3,2,6,1,1,1,2,1,6,2,1,0,7,2,0,5,2,3,3,2,3,4,2,5,2,1,0,7,1,2,3,0,4,2,0,4,0,3,4,1,1,3,0,1,5,3,2,2,2,0,5,5,0,1,3,0,4,4,2,3,1,2,3,6,0,5,2,5,3,2,3,2,0,3,0,1,1,2,1,2,1,3,1,2,4,2,0,1,4,3,2,5,0,1,4,3,3,3,1,1,1,2,1,1,0,0,1,4,1,3,5,2,1,3,2,0,3,3,2,1,2,4,3,2,1,1,1,1,0,2,2,1,1,0,2,1,1,1,3,1,1,2,3,2,3,2,2,2,3,1,4,4,1,2,3,0,5,0,0,0,1,2,4,0,5,0
donor_01_cell_001,1,1,3,2,1,1,9,8,2,4,3,5,5,4,2,2,2,0,3,1,0,2,0,5,2,0,0,0,1,2,2,1,0,0,1,0,1,0,2,1,4,3,3,2,1,1,2,2,2,0,1,1,2,3,5,1,1,3,0,0,1,1,5,3,1,3,0,2,0,0,0,0,0,2,2,1,2,0,0,1,3,2,2,2,3,0,5,2,0,0,0,7,3,1,2,2,3,4,1,1,0,2,0,0,4,1,1,0,2,4,2,0,1,2,0,0,4,4,2,3,2,3,0,3,1,0,1,3,1,2,2,2,3,0,0,0,3,1,3,1,2,2,3,0,3,0,1,1,2,1,3,0,0,0,1,0,0,2,2,2,3,1,2,0,2,1,2,4,0,1,2,2,2,7,0,1,3,2,2,1,2,0,3,4,0,2,1,1,4,4,1,1,1,1,0,0,1,4,0,2,2,2,1,0,0,2,0,0,0,3,3,1,1,4,4,2,0,1,4,1,1,2,2,1,2,3,2,1,2,1,1,4,3,2,2,0,0,2,1,3,3,2,1,4,5,1,3,3,3,3,2,1,0,0,2,4,3,0,0,2,0,3,2,1,3,0,0,1,1,2,2,2,1,0,3,1,1,1,0,2,2,1,4,1,1,3,2,4,3,3,1,1,4,0,0,3,0,4,1,2
donor_01_cell_002,0,0,3,1,0,1,7,6,3,3,2,7,2,1,2,0,1,0,1,1,3,0,2,0,0,0,1,1,1,0,1,2,0,0,1,1,1,2,0,3,1,5,0,0,7,3,4,1,4,5,1,1,2,4,0,3,1,1,0,0,3,2,3,1,2,1,1,0,1,1,1,3,1,1,0,3,3,1,1,1,2,4,1,1,1,1,3,3,3,2,1,4,1,1,1,1,1,1,2,4,4,1,3,0,2,3,1,0,1,0,2,1,1,2,0,2,1,4,3,5,0,0,1,0,0,1,3,0,2,0,3,3,0,0,0,0,1,2,0,2,0,2,2,1,2,1,0,2,1,2,2,3,1,1,1,2,1,5,4,1,2,0,0,0,1,3,1,2,1,2,0,1,1,0,2,0,0,3,0,1,3,2,0,0,0,1,1,1,3,0,2,3,0,2,3,2,3,3,1,2,2,2,3,0,0,0,0,6,3,2,1,1,0,6,1,3,0,0,3,2,1,2,2,2,1,4,0,3,2,2,2,2,1,4,2,0,1,1,0,0,4,3,1,1,2,1,3,4,3,2,0,4,0,0,0,3,2,2,1,1,0,1,3,0,1,0,2,0,3,1,1,1,2,2,2,1,1,3,1,2,0,1,1,1,1,3,0,4,4,2,2,0,4,0,0,2,3,6,2,1
donor_01_cell_003,1,2,2,1,0,5,14,10,3,5,8,7,2,1,4,0,1,0,2,5,1,3,2,1,2,2,2,1,0,1,2,3,1,0,3,1,1,0,1,2,1,3,2,0,3,0,1,3,0,2,0,1,3,1,2,2,3,2,1,0,1,0,0,1,1,1,4,0,1,1,2,2,1,5,2,2,1,1,2,1,2,1,2,0,0,1,2,2,1,2,0,2,1,2,2,4,3,1,0,3,4,5,2,0,2,3,4,2,0,3,1,2,0,3,1,1,4,4,0,2,1,2,1,0,2,4,2,0,1,2,0,4,1,1,1,0,2,2,0,1,4,1,1,6,3,3,1,1,0,1,4,2,0,2,0,4,2,2,3,2,1,1,2,4,1,0,3,3,0,2,0,1,3,4,1,3,0,4,5,1,3,2,3,1,4,2,3,1,5,4,2,1,1,2,1,2,5,0,0,2,2,0,1,1,1,1,1,3,3,1,1,3,0,3,2,4,0,0,1,1,0,4,2,2,1,5,0,7,1,0,0,2,4,0,4,5,2,2,1,1,3,4,1,2,2,3,3,4,1,3,3,2,1,3,0,4,3,1,0,2,0,1,1,2,2,0,1,0,2,0,2,1,2,2,5,1,0,0,2,8,2,1,0,1,1,0,1,0,0,1,1,0,0,0,4,4,3,2,1,1
donor_01_cell_004,1,0,2,3,2,1,4,9,3,6,1,4,1,0,2,0,1,1,2,2,3,3,2,3,4,1,4,3,0,2,0,0,0,2,0,1,2,1,3,1,0,0,0,1,2,3,2,2,3,0,0,1,4,1,0,1,2,4,0,1,1,2,0,9,1,2,2,7,0,0,0,1,2,1,0,5,0,1,2,4,1,2,1,1,0,1,1,2,1,3,1,0,0,2,2,1,1,0,1,5,2,2,1,3,2,1,1,1,1,2,1,4,1,1,0,3,0,2,0,1,2,2,1,0,1,3,4,1,0,2,1,2,0,0,2,1,1,3,1,2,3,1,4,2,0,1,2,4,1,1,1,1,2,1,1,4,1,3,5,1,2,3,1,0,2,1,1,4,3,0,3,1,2,0,1,1,3,3,3,2,2,2,0,0,2,2,3,1,3,1,5,1,1,1,1,2,3,0,2,1,3,3,1,0,0,4,0,2,0,2,1,1,2,1,1,2,1,1,3,5,0,4,3,2,2,4,2,2,1,4,1,2,2,1,0,2,0,2,2,0,2,1,0,0,0,2,0,2,2,0,4,0,0,1,1,2,1,0,2,1,0,5,0,1,6,1,1,2,0,0,0,1,1,1,3,1,0,1,2,3,2,1,1,0,0,6,0,1,2,1,4,1,0,0,3,2,1,1,2,4
donor_01_cell_005,0,0,2,1,0,4,8,10,3,3,2,7,3,2,2,0,1,0,2,0,0,1,2,1,5,1,2,0,1,2,3,2,4,2,3,0,2,2,2,2,2,2,3,1,2,4,0,0,1,0,3,0,0,4,1,2,2,2,2,0,2,1,2,4,6,1,3,1,1,1,2,3,5,2,0,2,1,1,2,6,2,0,2,2,1,2,3,1,1,0,2,5,1,1,1,0,0,1,1,2,4,5,2,4,2,0,2,0,2,7,2,2,1,1,0,1,3,1,3,3,1,1,0,2,1,2,0,0,0,1,0,3,0,3,1,2,5,1,3,2,1,1,2,2,1,2,1,1,2,2,2,4,2,4,2,2,0,5,2,1,1,1,1,2,1,1,4,5,3,1,2,3,0,2,2,0,3,2,4,1,4,3,4,0,1,1,3,1,0,1,5,1,2,3,1,0,5,3,1,1,6,2,1,1,0,5,1,1,1,4,3,2,2,0,2,5,0,4,3,4,0,1,0,5,0,3,0,0,2,1,1,1,2,3,2,2,1,1,0,1,1,7,3,3,2,1,1,0,0,2,0,3,1,0,2,2,2,1,1,2,0,3,1,0,3,0,2,1,3,1,0,0,3,0,1,1,0,1,0,4,0,2,2,3,4,2,0,3,1,2,4,3,2,3,4,0,2,2,3,1
donor_01_cell_006,2,0,2,4,1,3,8,6,2,2,3,8,3,0,1,2,1,1,4,0,1,0,2,1,4,1,1,0,0,4,2,3,1,0,1,0,0,3,0,4,0,2,2,1,2,1,0,0,1,2,0,0,0,2,1,4,1,2,1,1,1,1,4,2,1,3,3,2,2,2,3,0,3,3,3,1,2,3,2,1,2,1,2,1,0,0,3,3,2,2,1,5,1,1,1,5,1,0,1,1,1,2,6,3,5,3,3,3,1,2,1,1,2,0,0,5,2,2,0,1,1,2,1,4,5,3,1,0,1,1,2,1,3,2,4,2,4,1,2,2,0,0,0,1,1,1,0,3,5,2,1,6,0,5,0,3,2,2,3,3,0,2,2,2,3,1,0,1,0,1,0,6,0,4,0,1,4,4,1,2,3,2,0,0,1,1,2,1,1,2,4,1,0,4,3,1,0,2,3,0,3,8,1,1,0,4,0,3,0,2,3,1,1,3,2,1,2,1,2,0,0,2,0,1,1,1,1,2,1,1,0,2,3,2,4,2,4,4,1,1,1,2,1,3,3,1,3,1,3,1,1,2,1,0,3,0,5,2,0,2,0,6,4,0,3,0,1,0,0,0,1,2,2,2,4,2,2,2,2,3,1,1,4,4,2,5,1,0,2,2,3,2,7,0,2,2,1,1,3,3
donor_01_cell_007,0,0,0,0,2,1,8,4,3,2,2,3,2,3,1,1,2,1,1,1,3,1,1,3,2,0,1,1,1,1,1,1,1,1,0,0,1,2,2,1,1,2,3,1,5,0,3,0,1,0,0,0,1,2,3,1,3,2,0,0,2,1,3,4,1,3,1,0,0,4,1,0,1,2,2,2,1,0,3,0,0,4,2,1,2,2,2,0,0,0,0,0,2,1,1,0,4,0,3,3,1,2,1,1,4,2,1,2,2,2,1,2,1,0,1,1,0,1,2,1,2,0,1,1,1,1,0,2,2,2,1,2,2,2,2,2,4,0,1,3,0,1,0,1,1,3,1,2,1,1,6,0,0,0,0,1,2,0,1,2,0,3,0,1,2,2,0,1,1,4,0,1,0,1,1,1,0,0,3,0,2,3,2,0,2,2,1,1,0,2,0,0,1,4,1,1,4,1,1,0,2,1,1,0,1,1,0,3,1,1,1,1,4,1,1,3,2,0,2,2,0,1,0,2,1,0,0,3,2,0,2,0,0,1,4,1,1,0,3,1,0,3,1,0,5,2,1,3,1,0,2,1,1,1,0,3,3,2,0,2,2,2,2,0,2,0,1,0,1,0,0,1,0,1,1,1,0,4,1,2,1,2,0,0,2,2,1,0,1,1,1,0,3,0,1,3,3,5,1,3
donor_01_cell_008,0,0,3,2,0,4,8,10,1,5,2,8,5,2,2,0,1,1,4,0,1,3,2,4,3,1,0,3,1,5,3,1,2,3,2,1,0,2,1,3,0,1,2,0,1,3,1,1,3,1,0,1,1,0,2,1,0,0,2,0,0,1,2,3,0,2,2,2,1,2,1,3,6,1,2,0,0,0,1,0,3,1,4,3,4,0,3,1,2,1,2,0,1,1,0,1,1,1,2,4,1,3,3,3,1,3,0,1,0,2,4,2,1,3,0,3,2,1,1,3,0,3,1,1,2,2,0,2,0,1,2,6,0,0,1,1,2,2,1,1,4,3,1,4,0,0,1,1,3,3,1,1,1,2,0,4,0,2,2,4,1,1,0,0,1,0,1,0,3,1,2,1,2,2,1,1,1,2,1,2,2,0,3,2,3,4,1,1,2,1,1,3,0,2,1,1,2,3,2,2,0,2,1,0,2,0,0,3,1,1,1,3,3,2,3,3,0,2,1,2,1,0,1,4,1,3,1,1,0,0,2,5,2,0,2,0,2,1,0,2,4,3,0,2,5,3,1,2,1,2,3,2,2,0,2,4,1,1,1,1,1,2,4,0,2,2,1,1,1,1,0,4,2,2,0,1,0,1,4,3,2,0,1,2,0,0,2,1,3,2,1,0,1,1,2,4,0,2,2,2
donor_01_cell_009,0,0,0,5,1,2,15,8,6,4,2,4,2,1,2,2,2,3,1,2,1,1,5,1,1,1,2,1,1,4,3,0,2,0,1,0,1,2,0,0,2,1,0,0,3,4,2,1,1,3,1,0,3,1,2,2,3,4,1,1,1,3,1,2,1,3,1,2,0,1,2,0,1,1,1,0,0,2,3,1,2,0,1,0,0,1,2,1,2,3,0,3,2,1,0,3,1,0,3,4,2,0,6,1,6,3,2,2,0,4,1,3,0,1,2,3,1,2,3,3,1,2,1,2,3,2,1,0,2,0,0,5,0,5,2,1,2,2,3,0,3,0,0,2,3,0,0,2,1,0,3,4,1,0,0,4,1,2,5,6,2,3,1,0,4,1,4,2,0,4,1,1,2,2,0,1,2,1,4,1,3,1,2,2,0,2,1,1,2,1,0,1,0,4,2,1,2,4,1,0,2,1,3,1,1,2,2,2,1,6,2,1,0,1,3,0,1,2,2,1,1,3,0,4,3,2,0,1,2,1,1,4,2,2,1,2,0,0,1,2,1,3,1,1,1,3,3,2,1,0,3,2,1,1,0,0,2,1,0,0,3,5,4,1,5,3,1,1,0,1,1,0,0,0,1,2,3,1,4,1,2,1,3,3,3,1,1,0,2,0,0,0,5,3,4,1,2,2,3,2
donor_01_cell_010,1,0,1,1,1,2,11,8,6,5,6,10,0,2,1,1,1,0,1,0,0,0,3,2,1,0,0,0,1,2,1,0,1,0,3,2,3,7,2,1,3,1,4,3,6,3,0,2,2,0,0,0,1,2,3,4,3,2,1,1,2,3,2,4,1,1,3,1,1,0,3,1,2,1,0,1,1,1,1,2,5,4,2,0,2,1,1,2,0,1,1,1,3,3,2,2,1,1,2,0,2,1,1,2,4,0,2,1,3,3,2,0,1,2,2,1,2,1,4,0,2,2,1,2,0,0,3,0,0,1,1,6,1,3,1,0,1,3,3,0,0,1,6,0,2,2,2,1,2,3,2,0,0,1,0,1,1,0,1,1,0,5,1,0,3,4,2,4,0,5,2,1,1,1,1,1,1,0,1,2,4,3,0,3,0,2,1,1,3,2,5,1,3,0,1,0,2,1,2,2,6,7,2,4,2,1,1,3,0,0,4,0,2,3,1,3,1,2,2,1,1,3,3,3,0,0,1,2,3,0,1,2,4,1,3,0,1,2,1,1,1,6,1,2,2,2,3,1,3,2,2,3,2,0,2,1,2,1,0,0,0,3,1,1,0,2,2,1,1,0,2,0,0,1,2,1,0,3,4,3,0,0,4,4,0,1,0,1,0,1,1,2,1,2,1,3,1,5,4,5
donor_01_cell_011,0,0,2,2,1,4,4,12,3,0,2,5,4,1,2,1,3,1,3,2,1,3,4,3,2,1,1,0,0,2,3,2,0,1,1,0,2,2,2,3,2,2,3,0,2,1,3,1,3,0,1,1,3,2,1,0,1,3,1,1,0,1,0,1,1,0,1,0,0,3,3,1,2,0,0,0,1,1,1,0,1,1,3,1,1,1,0,3,2,1,1,1,0,0,0,1,0,1,1,2,2,2,0,1,1,2,5,0,1,1,1,2,1,3,1,4,1,1,2,1,1,2,1,0,0,0,3,0,1,1,0,2,4,2,1,1,3,3,4,1,0,1,2,3,1,2,0,3,2,1,1,1,1,2,0,1,1,1,1,1,2,4,0,1,1,2,1,3,3,0,2,2,2,0,1,0,1,3,1,1,0,1,1,0,4,0,0,3,2,1,1,4,0,0,0,1,2,3,0,2,3,1,2,0,3,0,0,1,0,4,3,1,0,1,1,2,2,3,3,1,1,3,2,3,1,1,0,2,5,0,3,0,5,2,2,0,2,1,0,0,4,3,1,3,0,3,1,1,1,1,0,1,1,3,1,2,2,0,1,1,2,1,2,1,3,2,0,4,0,1,1,2,1,1,0,1,0,1,2,0,0,0,2,2,0,2,2,3,1,2,0,2,1,0,0,1,2,1,1,1
donor_01_cell_012,1,1,1,2,3,0,7,8,3,9,6,10,3,2,0,4,3,1,1,3,3,2,3,2,6,0,0,0,3,1,3,2,0,1,3,1,2,0,0,1,0,3,3,4,2,2,2,2,1,0,3,0,2,1,5,0,2,1,0,2,0,3,1,2,2,1,3,2,0,2,2,2,5,1,0,2,2,4,1,3,3,3,1,1,1,1,1,0,0,1,1,5,1,3,0,2,3,1,1,5,2,3,0,0,0,3,1,0,2,1,1,1,3,0,0,1,0,5,1,2,1,7,0,3,2,3,2,1,0,3,0,0,1,0,3,0,6,1,2,2,1,2,8,1,3,1,1,3,3,1,2,3,0,1,2,0,1,1,1,3,3,3,0,2,2,1,4,1,0,2,2,2,1,7,0,4,0,6,2,1,4,3,3,4,2,4,3,0,1,1,2,1,1,3,0,1,2,4,0,2,0,4,2,1,1,2,0,0,3,3,2,2,0,2,1,1,1,2,3,2,1,2,0,6,3,1,0,0,2,0,0,2,5,3,3,1,0,2,0,1,0,4,0,3,3,3,0,1,0,0,4,1,1,2,3,5,3,0,2,2,0,0,0,2,3,1,3,2,1,1,1,2,2,2,6,1,2,3,2,7,1,0,1,0,1,1,2,2,0,1,1,1,2,1,6,3,4,3,3,0
donor_01_cell_013,0,0,0,2,1,5,9,3,2,6,5,9,0,1,2,1,2,2,4,4,3,2,4,3,1,0,2,1,3,1,0,2,2,4,3,2,1,1,1,0,0,5,1,2,2,2,1,1,2,0,0,1,1,2,4,3,1,0,1,2,1,1,2,0,2,3,2,1,0,0,2,1,2,1,0,1,0,4,1,0,4,0,1,0,0,0,0,1,1,3,1,1,2,1,1,1,1,1,0,3,4,2,2,5,3,1,0,1,1,1,2,2,2,7,1,1,1,3,0,1,1,0,0,2,0,5,0,1,1,2,0,0,1,4,2,1,4,3,1,2,2,3,2,0,0,2,2,1,1,2,1,1,1,0,0,0,1,2,4,1,0,1,0,1,1,1,2,3,1,2,2,2,1,1,1,1,0,1,1,1,2,1,2,1,2,4,3,0,0,0,6,1,1,3,0,1,4,1,3,0,2,3,1,0,1,1,0,3,1,0,5,2,2,1,2,2,2,0,2,0,1,2,2,0,0,1,0,1,1,1,0,2,1,1,4,2,0,4,2,2,6,2,0,1,2,0,2,1,4,2,4,2,3,3,1,1,1,1,1,1,1,3,0,0,1,2,1,1,0,1,0,3,0,2,0,2,1,2,2,7,1,0,1,0,1,3,1,1,1,1,1,2,1,1,2,5,1,2,1,1
donor_01_cell_014,0,0,1,0,1,1,4,4,3,5,3,9,1,3,2,1,1,1,2,2,1,1,1,3,3,0,1,1,1,0,0,2,0,1,1,2,2,0,0,2,1,4,3,1,1,3,0,2,4,3,3,1,4,1,2,1,2,0,2,1,1,0,2,3,1,0,2,0,4,2,3,2,2,1,4,3,2,1,2,2,3,3,2,1,0,1,1,1,2,4,3,4,2,0,1,0,1,0,2,2,2,4,2,0,3,2,1,1,0,3,3,1,3,2,2,4,1,2,1,3,1,3,1,1,2,3,0,2,0,1,1,5,1,1,3,1,4,1,1,0,0,0,5,2,1,0,2,3,3,1,3,4,1,2,0,2,1,0,0,2,2,3,0,1,5,1,0,1,0,7,0,1,3,1,2,1,3,4,2,6,2,2,1,0,0,1,2,3,1,0,1,1,0,2,0,2,2,3,5,2,2,3,3,1,2,0,2,2,1,1,0,2,1,3,3,3,3,2,2,2,3,1,0,2,0,2,2,2,1,0,1,2,3,1,2,1,1,0,0,0,2,0,0,2,4,1,0,1,2,0,2,0,2,0,2,1,2,2,0,2,2,3,1,1,0,1,3,0,1,1,1,0,0,1,3,0,0,0,2,2,1,2,2,2,2,1,1,2,2,1,0,1,1,0,3,4,3,0,1,0
donor_01_cell_015,0,0,0,3,1,2,2,6,2,4,4,9,0,1,2,1,3,0,1,1,3,4,3,6,2,4,3,1,1,2,5,3,2,1,0,4,3,2,1,1,4,2,2,2,3,2,2,1,2,1,1,0,2,6,2,4,2,3,3,0,0,0,1,7,2,3,1,1,2,3,1,3,3,2,0,6,3,5,1,3,5,1,7,3,2,2,2,2,1,0,1,1,1,2,1,1,2,0,2,6,2,1,4,3,3,1,0,3,2,2,0,3,3,3,0,6,0,3,2,2,2,4,0,1,0,4,3,1,1,1,2,1,1,3,0,1,2,4,3,1,1,2,3,2,1,0,3,1,3,0,4,3,0,0,1,4,2,3,4,0,3,1,1,0,0,2,7,3,1,2,0,3,2,2,1,1,1,4,2,7,5,2,6,1,2,3,2,0,6,1,4,2,0,5,1,1,0,1,1,1,3,3,2,2,0,2,0,2,1,3,3,0,3,3,3,4,2,1,2,2,1,4,0,2,4,4,1,1,1,1,1,4,4,0,1,4,5,2,2,0,3,5,4,1,1,0,6,0,1,3,5,2,1,3,1,3,3,1,2,5,0,2,1,2,4,3,1,1,2,1,0,1,0,2,4,2,3,1,7,3,1,2,2,0,2,2,0,1,3,1,6,0,2,0,3,4,5,2,2,1
donor_01_cell_016,0,0,4,2,0,4,3,6,2,6,5,6,3,3,2,0,1,1,3,5,0,0,1,0,1,3,4,2,0,4,2,2,1,1,3,0,2,0,3,2,0,2,3,2,0,1,0,2,4,2,0,1,1,1,2,4,3,2,1,3,4,2,1,4,0,3,2,1,0,0,2,1,0,0,0,1,0,2,1,0,2,1,1,0,1,0,3,1,0,1,2,4,2,2,1,1,1,0,2,2,0,3,3,2,5,3,4,1,1,1,1,0,1,0,2,1,4,4,0,1,0,1,0,0,0,0,1,1,0,1,4,2,3,1,2,1,1,1,2,0,1,1,2,0,1,0,0,1,3,0,2,4,0,0,0,6,3,2,0,2,1,5,2,1,5,1,4,4,1,6,1,0,1,1,1,1,0,0,0,2,0,1,2,1,1,3,1,1,1,2,1,0,3,2,1,0,1,1,0,2,2,1,5,0,2,0,1,0,2,4,4,2,0,2,3,1,0,0,4,3,1,4,3,4,1,2,1,1,1,0,1,2,3,2,1,1,0,1,2,0,0,5,2,3,2,7,0,2,1,0,1,5,0,1,1,2,2,0,1,0,1,0,2,3,6,2,0,0,0,0,0,1,0,1,4,0,1,4,5,2,3,0,1,0,0,1,0,3,0,2,4,0,2,1,3,4,3,1,1,1
donor_01_cell_017,0,0,2,3,1,2,7,6,3,2,1,3,2,5,1,1,3,2,2,0,0,2,2,2,3,1,3,0,2,6,4,0,2,1,3,0,2,1,2,3,0,0,5,3,3,0,2,1,1,0,1,0,2,2,1,1,1,2,0,0,2,1,2,0,2,4,3,0,0,2,1,1,2,0,1,0,0,1,3,1,3,1,2,2,1,3,5,1,0,3,0,2,2,1,1,2,1,0,1,1,1,1,0,3,0,2,1,3,0,4,1,2,0,4,0,6,3,3,0,1,0,0,0,2,0,5,2,0,0,0,1,2,5,1,3,0,5,0,3,0,1,4,3,1,0,2,1,1,0,1,0,4,0,1,0,1,3,1,0,1,1,0,1,2,4,1,1,3,3,2,0,0,3,1,1,1,1,2,1,0,3,3,2,0,2,0,2,1,1,2,5,4,1,4,2,0,0,0,1,0,1,1,4,0,0,1,0,1,1,0,1,3,1,1,3,3,0,1,0,4,2,1,3,2,3,3,1,1,3,1,1,0,4,2,2,2,0,1,0,0,2,6,2,1,2,5,2,1,2,2,4,4,2,1,0,2,2,1,1,0,1,0,1,3,1,1,3,2,0,1,0,2,3,3,1,0,1,0,3,2,1,1,1,1,1,1,0,2,2,0,6,2,1,0,0,3,0,2,2,4
donor_01_cell_018,0,0,4,0,2,1,7,8,1,9,2,8,3,0,2,0,0,0,3,2,3,2,1,7,5,2,2,3,0,1,1,1,4,1,1,4,1,1,2,1,1,1,3,0,3,1,1,1,1,1,0,2,2,2,1,0,1,4,1,2,3,3,2,3,2,3,0,0,1,3,1,1,2,2,0,2,1,2,1,2,1,2,0,1,0,1,3,0,0,2,4,6,2,0,1,1,2,2,2,1,2,2,6,2,2,4,0,2,0,2,4,0,3,1,1,2,0,4,2,3,3,0,0,2,0,2,2,3,0,1,2,3,3,1,2,3,1,3,1,2,3,0,3,0,2,0,1,3,2,0,3,2,0,2,1,1,0,2,2,4,1,4,2,0,0,1,4,4,0,4,1,1,4,3,1,0,1,5,2,2,5,3,1,3,2,1,5,1,3,3,5,2,2,0,1,0,2,1,1,1,2,5,3,3,1,0,1,1,2,3,0,0,2,2,3,5,0,2,7,2,0,1,1,4,2,2,2,0,1,1,4,2,1,4,5,1,1,0,0,1,2,4,0,2,2,3,1,1,1,2,0,1,2,1,0,5,0,0,1,2,1,0,0,0,3,0,1,0,2,1,1,2,1,1,2,2,1,5,4,3,1,2,2,2,1,2,1,2,2,1,0,1,2,0,2,2,1,1,3,2
donor_01_cell_019,0,2,1,3,1,4,7,8,3,12,6,10,2,0,0,3,4,1,2,3,2,0,3,2,4,1,1,1,2,2,3,4,1,1,3,0,0,4,1,1,3,1,2,0,2,1,1,1,2,3,1,0,6,6,0,1,0,1,0,0,5,2,4,4,2,1,3,0,0,2,0,0,3,2,0,0,2,1,2,3,2,3,2,0,1,0,1,2,0,1,3,6,0,5,1,0,2,1,1,3,1,3,2,4,1,5,1,1,1,4,0,3,2,1,0,7,1,1,2,3,3,5,2,0,2,1,0,0,3,1,3,2,3,1,3,1,1,2,1,1,2,2,3,1,3,0,0,0,2,1,4,4,1,2,1,1,2,0,3,1,1,4,3,2,2,3,1,4,1,3,1,0,1,3,1,1,3,2,3,2,2,2,1,2,4,0,5,0,4,1,2,1,1,2,1,1,2,2,2,2,4,2,1,1,1,2,2,5,1,0,3,2,2,2,1,3,1,0,4,2,0,1,3,2,0,0,1,4,2,2,2,1,2,3,0,3,3,1,2,3,1,2,2,2,1,1,2,0,1,3,2,2,1,2,0,2,2,0,1,1,1,2,2,1,1,0,2,0,3,1,1,1,4,2,1,0,2,3,4,1,1,2,2,2,0,1,0,4,4,2,2,0,2,0,3,4,1,2,3,2
donor_01_cell_020,0,0,3,3,1,2,6,6,2,2,5,2,3,1,2,1,0,1,1,2,3,1,3,2,3,3,2,0,0,2,7,4,3,1,0,2,0,3,1,1,2,1,0,1,2,3,1,0,2,1,3,2,4,0,0,4,1,2,1,1,0,1,1,2,0,1,2,1,0,2,1,3,3,1,1,1,0,4,2,5,2,2,1,2,0,3,5,1,2,2,2,3,0,0,1,4,1,1,1,2,3,1,2,3,1,1,0,2,0,2,1,0,7,2,2,1,2,1,2,1,2,2,0,1,0,3,4,1,0,0,1,5,1,0,1,0,3,0,3,1,3,0,3,2,3,0,0,3,3,1,4,1,0,1,1,4,1,1,4,1,2,4,1,2,2,1,1,4,4,1,1,1,1,2,1,1,2,3,4,3,4,5,1,1,5,3,3,1,0,2,5,2,0,5,1,1,1,0,2,0,2,3,2,0,1,1,3,0,3,3,3,5,2,0,5,3,1,1,3,3,0,3,4,5,5,2,1,1,3,0,0,3,5,2,0,7,0,2,0,1,4,1,2,1,4,0,2,0,2,2,2,5,1,3,0,3,4,0,1,1,0,8,2,1,3,1,2,3,0,0,0,0,1,2,0,1,2,0,1,4,0,3,4,0,2,3,1,1,2,0,0,0,4,2,1,4,2,1,7,5
donor_01_cell_021,1,0,1,3,0,1,11,9,3,6,9,13,3,6,3,1,2,1,4,1,0,1,5,3,3,1,2,0,0,2,3,1,1,2,2,0,1,3,1,2,4,3,5,1,3,3,2,0,2,1,1,5,3,3,0,2,2,5,2,2,3,3,1,2,3,4,3,2,1,2,0,2,2,2,2,0,1,2,2,3,2,5,3,1,1,2,3,0,1,3,2,5,1,0,3,1,1,2,1,3,1,4,4,8,1,4,2,3,1,2,3,0,2,2,0,1,3,4,1,2,3,5,2,2,0,1,0,2,3,3,1,5,4,2,0,2,4,2,0,0,1,1,5,2,3,2,1,1,1,0,3,1,2,4,3,6,0,1,2,1,0,5,7,0,7,1,3,2,0,3,4,0,4,2,3,0,2,3,4,2,3,5,4,2,4,3,1,1,1,5,4,2,4,2,2,2,1,3,1,1,2,4,1,2,0,0,2,5,1,1,0,8,3,2,0,2,2,1,2,3,2,0,4,3,1,4,0,2,3,2,3,0,1,1,0,2,4,5,1,1,1,4,0,5,1,1,2,4,2,3,2,4,1,2,2,3,3,0,0,2,1,3,3,1,3,5,3,1,3,1,1,0,1,3,3,1,1,0,5,3,2,1,3,6,2,1,1,2,5,0,1,1,5,1,4,0,4,2,2,1
donor_01_cell_022,0,0,1,4,2,4,6,6,5,4,5,4,3,3,2,1,2,2,2,1,1,2,2,4,3,0,2,1,0,2,3,2,1,1,1,1,1,0,1,2,3,2,0,0,3,3,0,0,4,1,4,0,4,1,1,2,1,1,1,2,2,2,1,1,1,2,1,0,0,0,1,1,2,3,2,1,0,1,2,0,4,1,3,0,1,0,1,3,1,1,1,4,0,2,1,1,2,0,1,1,2,2,3,5,4,2,4,0,1,1,1,1,0,1,2,0,1,8,2,1,0,3,1,0,0,3,1,0,3,5,1,4,2,1,2,0,2,2,4,1,1,3,3,1,0,0,2,0,2,1,3,2,1,2,3,0,1,3,4,2,2,2,0,0,0,3,2,3,0,3,1,0,3,1,1,2,0,3,4,1,2,2,2,0,3,1,1,1,0,1,5,4,0,3,0,1,1,0,1,3,0,0,2,0,0,0,2,2,0,1,3,1,5,3,0,0,0,1,2,2,4,2,1,2,0,2,1,3,1,0,1,2,0,0,1,1,0,4,1,2,1,0,3,1,2,1,2,1,1,1,2,3,1,2,0,3,5,1,1,4,2,3,3,0,3,1,1,2,0,2,0,1,0,1,4,1,1,1,4,4,1,3,1,0,3,0,3,3,0,1,2,1,4,1,0,4,2,1,0,0
donor_01_cell_023,0,1,4,2,0,3,7,7,1,2,3,10,4,5,1,3,1,0,3,4,0,1,2,4,4,0,1,2,1,2,4,1,1,0,2,1,1,1,2,0,1,0,1,2,0,1,0,0,0,2,2,0,3,2,1,1,2,2,1,1,2,2,0,2,1,4,4,4,1,5,1,1,3,1,0,1,3,3,1,0,0,2,3,1,1,1,1,2,0,0,1,2,2,1,0,4,5,1,5,1,4,3,0,2,4,5,2,3,0,1,1,0,1,2,3,1,0,4,2,1,4,0,2,2,2,2,1,3,1,2,2,4,3,3,0,0,2,0,2,1,2,1,1,1,2,1,3,2,2,0,2,5,2,4,0,2,4,1,3,0,3,1,0,0,0,1,2,1,2,8,1,1,2,3,2,1,2,0,3,1,4,4,0,2,4,3,2,0,4,0,5,0,4,4,2,1,0,0,1,1,0,2,5,1,3,1,0,3,0,4,1,1,2,3,1,3,1,2,4,1,4,1,2,2,1,1,1,4,3,2,0,0,2,0,1,2,0,1,0,0,4,2,1,1,5,1,2,2,2,2,1,3,0,1,0,3,3,0,1,3,1,2,0,1,4,1,1,0,1,0,0,5,1,1,2,4,1,0,6,4,1,0,3,2,1,1,0,3,2,1,3,2,3,3,3,1,1,3,1,3
donor_01_cell_024,0,0,3,4,0,2,3,5,2,10,4,7,4,1,0,2,3,1,1,1,2,0,3,5,1,1,1,0,1,1,6,0,1,1,3,0,0,0,0,3,3,2,3,4,3,3,0,2,2,1,1,0,1,1,3,2,1,2,1,0,3,2,0,1,0,0,1,0,1,0,0,2,1,0,4,2,2,1,1,1,3,0,2,1,0,3,0,4,1,0,0,1,4,2,3,4,4,1,1,3,2,3,2,0,7,6,4,0,0,4,3,0,5,1,0,1,0,3,1,5,1,3,0,2,0,1,0,0,1,0,2,3,1,1,0,2,1,1,3,1,1,0,2,3,0,0,1,1,3,0,0,0,2,1,1,1,0,4,2,3,1,2,3,2,0,1,2,1,1,2,1,1,1,4,1,1,1,1,1,4,4,4,4,1,3,4,3,2,8,1,3,0,2,2,1,1,1,0,2,1,0,0,1,2,1,1,2,2,1,4,2,3,1,2,2,7,1,0,4,2,0,1,5,3,0,0,1,3,2,1,2,1,3,3,3,1,3,1,1,3,4,2,1,1,1,8,0,2,2,2,5,2,3,2,0,2,5,1,1,2,3,3,3,1,6,2,1,3,1,1,2,4,0,5,3,1,1,2,3,2,1,2,2,0,2,0,3,3,0,2,4,0,1,2,1,4,8,5,2,2
donor_01_cell_025,0,1,0,4,1,3,4,4,2,2,6,7,1,7,1,0,4,2,0,3,3,0,2,3,2,1,0,1,0,1,1,3,3,3,1,2,0,3,1,4,0,3,1,2,1,1,1,2,1,2,1,1,3,1,4,6,2,1,1,2,1,0,1,2,2,1,5,1,0,1,0,0,3,1,1,2,0,3,1,0,2,1,2,1,2,2,0,1,1,1,3,4,2,0,1,2,4,1,1,3,3,2,2,0,3,2,2,2,1,4,3,0,0,0,1,2,0,0,2,0,2,1,2,1,0,3,1,3,2,3,1,5,0,2,2,1,2,2,4,1,2,3,6,1,1,3,1,2,0,2,1,1,1,2,1,1,2,0,1,1,0,1,0,1,1,2,2,4,1,4,1,4,2,3,0,0,2,4,3,4,4,3,3,3,1,5,2,3,1,0,2,1,0,2,0,1,3,3,0,0,2,2,1,2,1,1,2,3,0,0,3,1,2,2,2,3,2,1,1,2,3,2,1,2,2,2,0,2,4,0,4,0,3,2,1,3,2,3,3,1,3,1,0,3,1,1,3,2,4,2,2,1,2,2,0,1,3,0,2,3,1,2,2,3,1,1,1,4,0,0,1,2,0,4,4,2,1,1,1,2,0,1,3,0,2,0,1,3,3,2,3,1,2,1,4,2,0,1,0,0
donor_01_cell_026,0,1,4,4,1,3,4,7,2,6,2,7,1,2,3,0,1,0,1,3,0,2,4,2,0,1,2,4,3,4,0,2,2,0,1,3,0,2,3,2,3,3,5,2,2,3,0,0,3,1,3,4,2,3,2,2,1,1,1,1,4,3,2,2,2,4,2,1,2,2,0,2,2,0,2,1,1,3,3,4,3,1,1,1,0,1,4,2,0,1,1,0,0,3,2,3,1,0,5,4,3,1,2,3,5,0,4,1,0,2,3,1,1,3,2,1,0,3,1,5,1,1,0,1,1,0,1,0,0,0,3,5,2,0,1,0,3,4,0,2,4,0,1,4,1,4,1,1,0,2,2,3,2,2,0,2,2,2,0,2,1,6,2,1,2,2,2,2,0,3,0,2,5,1,0,2,0,5,4,3,2,3,1,3,2,2,2,2,1,4,4,3,1,4,2,1,2,7,1,3,0,1,2,3,3,2,0,3,1,1,4,1,1,3,4,3,2,0,3,1,2,3,4,1,5,2,0,4,1,3,4,1,3,2,3,2,0,0,1,2,5,4,1,2,1,0,4,0,1,3,5,3,1,0,0,3,2,2,1,2,1,2,5,1,1,1,2,1,0,2,0,1,0,2,0,1,0,2,4,3,2,2,2,0,2,0,0,0,0,1,4,2,2,0,8,2,3,4,1,1
donor_01_cell_027,0,3,4,2,1,2,3,6,2,5,6,8,2,0,3,1,1,2,3,3,1,2,3,4,2,1,1,1,2,3,1,1,1,1,0,1,1,0,1,0,0,3,1,1,3,1,1,1,1,1,4,0,4,1,3,1,3,2,1,0,2,1,1,6,2,1,6,2,0,1,2,1,0,3,3,0,1,5,1,0,3,1,3,0,0,0,2,3,1,0,2,3,2,0,2,0,5,0,1,2,3,2,1,3,2,0,1,2,2,6,1,1,2,4,1,5,5,5,1,6,4,0,0,2,0,2,3,1,1,3,1,2,4,0,0,0,4,3,6,3,2,1,1,2,1,4,2,3,2,0,1,3,1,4,4,7,0,2,2,3,0,1,3,0,2,2,2,3,0,4,2,4,4,5,1,1,5,2,2,3,5,4,2,3,3,2,3,1,1,1,3,2,1,2,0,1,2,5,0,0,4,2,4,2,2,1,0,2,0,3,6,2,0,3,0,1,1,1,0,3,1,0,0,3,2,1,0,1,3,0,0,4,5,2,4,2,2,0,0,2,0,3,0,3,2,3,3,2,3,3,3,5,1,0,2,3,1,1,1,2,3,2,2,5,0,1,3,0,1,1,2,0,0,4,1,3,1,2,2,1,2,1,1,1,0,0,0,0,1,0,2,1,0,0,1,2,0,4,4,1
donor_01_cell_028,1,0,3,5,2,4,10,5,2,4,5,8,2,1,1,2,1,2,3,1,2,1,0,0,2,2,2,0,0,3,2,1,1,2,3,2,1,0,2,4,1,1,3,1,3,3,0,1,1,0,2,0,2,2,3,4,2,0,4,0,2,1,3,2,0,1,1,4,0,0,1,1,1,1,1,2,0,3,0,2,6,4,1,2,0,1,1,3,1,0,1,3,1,2,0,0,1,0,1,3,2,2,3,2,1,2,0,1,2,3,5,1,1,2,1,5,3,2,0,3,1,4,0,2,0,3,3,0,1,4,2,2,0,2,0,1,3,0,3,1,0,1,4,2,0,1,1,1,1,0,3,4,2,1,2,4,2,2,4,2,2,3,0,0,3,2,5,1,1,2,3,1,3,3,0,1,2,3,3,2,4,1,1,0,0,2,2,1,0,1,5,2,1,0,2,1,1,3,1,1,2,4,1,1,0,3,2,1,2,2,1,1,1,2,2,0,5,0,3,1,1,1,2,3,0,1,0,1,1,0,0,1,0,1,4,2,1,2,1,0,4,2,1,2,4,4,2,1,2,1,3,3,1,1,2,2,2,0,1,1,0,1,3,0,2,3,1,2,2,1,0,0,0,0,1,3,0,3,4,2,0,1,0,3,3,2,1,2,2,3,2,2,3,2,1,3,1,4,2,2
donor_01_cell_029,0,1,7,2,0,4,6,7,2,5,3,9,2,2,2,0,0,0,7,1,4,2,3,4,1,1,4,2,0,2,3,2,2,0,3,0,0,2,0,2,1,1,2,0,4,2,1,0,2,2,3,3,2,2,0,1,4,3,2,1,1,2,0,1,1,2,2,1,0,1,0,2,2,3,1,0,0,1,2,2,1,0,0,1,1,1,1,1,0,0,1,2,0,4,3,6,4,0,0,1,1,2,2,4,2,2,1,2,0,2,0,1,1,1,1,1,0,1,1,4,1,3,2,2,1,2,1,3,0,1,1,2,3,2,2,1,4,1,0,0,1,2,3,2,1,2,1,2,3,2,3,3,3,3,3,1,2,1,4,2,0,7,2,0,1,1,0,3,2,6,0,3,2,1,1,2,2,4,1,4,0,2,1,1,3,2,2,3,2,3,2,1,2,4,0,0,2,2,1,1,2,1,2,1,0,1,1,6,2,1,1,0,0,3,1,2,1,2,4,2,1,3,2,1,0,2,0,1,3,2,1,1,0,1,1,5,1,0,0,2,6,4,1,3,5,8,1,2,0,2,0,5,2,2,1,0,0,0,4,0,1,7,0,2,3,0,1,2,1,1,0,0,1,2,1,0,1,1,2,3,0,1,3,1,0,1,1,1,0,2,4,1,0,1,1,2,2,3,3,3
donor_01_cell_030,0,0,3,3,0,1,2,3,0,4,6,4,0,3,1,1,1,0,3,2,2,2,5,1,1,1,0,0,0,0,0,2,0,0,3,0,1,1,1,0,0,3,1,2,3,1,1,0,2,2,2,0,0,1,2,1,3,0,0,0,1,0,2,2,0,2,0,0,0,0,1,1,2,1,2,0,0,1,1,5,1,0,2,0,0,0,0,1,1,0,0,0,1,1,1,1,1,0,0,2,3,4,1,2,0,1,2,0,0,2,1,1,0,2,0,2,0,1,0,2,0,2,1,0,1,1,1,0,1,4,1,1,2,3,1,0,1,0,1,3,2,1,3,3,1,3,1,2,0,1,5,1,2,2,1,2,0,2,2,1,2,2,1,0,1,0,1,1,0,3,1,3,2,1,0,0,1,1,1,1,4,0,2,3,2,0,3,2,1,0,4,0,0,5,1,0,3,2,0,1,1,0,0,0,0,1,0,3,0,2,3,3,2,3,1,0,1,0,1,2,1,0,1,4,0,0,1,1,5,3,1,2,2,2,3,2,2,3,0,1,5,2,1,2,0,1,1,2,0,1,0,3,3,0,0,0,3,0,1,2,2,3,1,0,3,1,3,0,0,1,1,2,1,2,1,3,0,3,2,3,1,3,0,0,1,1,2,1,3,1,2,0,2,2,0,2,3,3,2,3
donor_01_cell_031,0,1,2,1,1,3,7,7,1,8,2,3,2,1,0,0,0,1,1,0,3,0,2,2,1,0,0,1,0,2,1,2,0,0,5,2,2,1,0,1,0,0,0,2,4,2,2,3,0,1,0,0,1,1,1,1,1,0,1,0,4,2,1,3,2,0,0,0,1,0,0,1,2,0,1,1,1,2,1,0,2,1,1,0,0,0,1,1,2,1,1,2,2,0,2,1,1,0,0,2,2,4,3,1,1,2,0,0,2,2,2,1,0,1,1,4,0,3,2,2,0,4,1,1,0,0,1,1,0,2,0,2,3,1,0,1,4,0,2,0,1,0,0,1,0,0,3,2,2,1,4,2,0,3,3,0,2,1,2,0,1,0,0,0,2,2,2,0,1,0,1,1,1,1,0,0,0,2,0,2,1,0,3,2,1,0,1,1,0,0,3,0,0,4,0,0,0,1,3,0,0,1,1,1,1,0,2,2,0,3,1,0,1,3,0,2,1,0,2,1,1,3,2,2,0,1,1,1,1,0,0,0,3,2,0,1,1,1,1,0,3,2,1,1,1,1,2,0,1,0,1,2,0,0,2,3,2,3,1,1,1,1,2,2,0,0,2,1,1,0,0,0,1,1,3,0,1,0,3,2,2,2,1,1,1,1,0,3,3,1,0,0,4,2,0,1,2,2,0,0
donor_01_cell_032,0,0,3,3,1,4,6,8,5,3,3,10,0,7,0,2,1,0,5,1,2,2,1,3,4,1,3,0,2,0,4,5,0,0,3,1,3,1,1,1,0,1,8,2,1,3,1,1,4,0,2,0,4,3,2,2,1,3,0,3,6,2,5,3,5,3,1,2,2,1,1,1,1,1,1,2,3,4,0,2,2,1,1,3,1,0,2,1,3,0,1,3,2,3,3,1,1,2,0,0,2,1,3,4,3,3,1,1,2,4,1,1,1,1,1,3,5,2,3,2,1,2,1,3,1,1,0,1,0,2,3,4,3,2,0,1,1,6,0,3,1,2,3,1,0,1,0,0,1,2,2,2,3,1,2,4,2,1,1,2,2,2,3,1,1,3,4,1,5,3,3,1,1,4,0,2,1,7,1,3,2,3,3,3,2,1,1,0,0,1,2,6,0,6,0,1,5,2,0,2,4,1,0,0,1,2,1,1,2,1,3,3,0,3,0,3,1,0,3,0,1,2,0,3,0,1,1,3,1,2,1,2,5,2,3,2,1,0,0,1,4,0,1,1,3,3,3,0,2,4,1,4,0,0,1,3,1,1,3,4,1,3,0,0,4,1,0,1,0,0,1,1,1,0,1,3,2,1,0,4,0,1,0,2,3,0,1,2,2,2,0,2,4,1,5,3,3,3,2,4
donor_01_cell_033,0,1,4,1,1,3,5,3,2,7,3,8,1,2,2,1,3,1,3,0,3,1,0,3,4,0,1,0,2,3,1,3,1,0,1,0,0,2,0,0,2,1,1,1,5,1,1,2,3,2,1,3,4,2,3,3,1,3,0,1,2,1,1,1,3,1,1,0,1,1,2,0,2,0,1,2,2,2,0,1,1,3,6,1,0,3,1,2,0,1,2,3,0,1,0,1,2,0,1,1,2,2,1,4,2,0,2,0,0,5,1,0,0,2,2,3,2,3,1,1,2,1,0,1,1,1,2,1,0,1,2,4,0,1,3,1,2,6,2,2,2,1,3,2,1,2,1,0,1,1,0,1,2,1,2,1,2,1,2,0,2,2,1,0,3,3,1,2,0,4,2,0,4,3,0,1,1,2,1,9,3,2,1,1,4,1,2,2,2,2,2,3,1,2,3,3,2,2,1,1,1,3,4,2,0,1,1,0,0,4,5,2,2,2,1,0,2,4,2,0,1,2,0,3,2,4,1,3,1,0,0,0,4,2,5,3,3,1,2,0,1,0,1,2,2,1,2,0,0,2,3,1,3,0,0,2,6,1,1,2,3,2,3,1,3,1,1,2,1,1,1,4,2,2,1,2,0,2,4,2,1,4,1,0,1,0,0,0,2,1,1,0,6,0,3,1,3,0,5,2
donor_01_cell_034,0,0,1,1,3,3,6,5,2,4,2,7,3,3,0,2,1,1,1,1,0,4,2,0,3,0,1,0,1,0,0,1,1,1,1,0,2,1,1,5,0,2,1,0,3,2,1,0,4,2,0,2,1,1,1,2,2,1,0,1,2,3,3,2,2,1,1,1,0,0,1,0,1,1,0,0,0,0,2,1,2,2,0,0,2,0,0,0,0,1,1,2,0,1,1,1,2,1,0,4,1,3,1,2,3,2,2,0,0,5,2,0,1,1,1,1,0,3,1,2,2,1,2,3,0,3,1,2,0,0,2,5,0,1,0,0,3,3,3,2,1,0,0,0,0,1,0,4,2,1,0,2,2,1,1,1,1,1,5,3,0,2,0,0,0,0,1,1,1,2,2,2,1,2,0,0,1,3,2,0,7,0,1,3,1,1,0,1,2,2,1,3,0,3,1,2,2,0,1,0,1,2,0,0,0,0,2,2,1,2,3,1,1,2,2,4,1,0,2,1,3,1,5,3,0,1,2,1,2,0,3,1,0,1,3,0,1,2,0,1,0,2,2,2,0,3,1,0,1,1,2,3,0,1,0,2,2,2,0,2,0,1,1,1,1,0,2,0,1,1,1,1,2,0,1,1,2,5,2,2,0,0,0,0,0,1,3,1,1,0,0,1,0,0,5,3,4,1,1,1
donor_02_cell_000,0,0,4,1,2,3,3,2,2,5,1,2,2,2,2,2,2,0,2,1,2,2,2,0,3,2,4,1,2,0,0,1,0,0,4,1,0,2,0,2,0,0,4,0,1,2,2,1,4,0,1,1,0,1,1,3,3,3,1,2,4,1,2,3,2,2,0,2,2,3,1,2,5,5,0,1,1,4,3,3,3,0,4,1,0,0,3,1,2,1,2,2,2,0,0,5,1,1,2,3,6,1,2,3,2,2,0,0,1,1,1,1,1,0,4,3,0,4,1,2,1,3,1,0,0,1,2,1,2,0,0,2,0,1,1,3,2,1,1,0,1,2,1,4,4,2,0,0,2,0,1,3,1,4,0,4,1,2,2,1,1,6,1,0,1,1,3,2,0,2,0,2,0,0,3,0,1,6,3,3,2,2,1,1,5,3,1,2,0,2,4,0,1,1,2,2,1,3,1,1,2,5,1,2,2,1,0,3,0,1,0,4,2,0,3,3,1,0,2,0,1,3,5,0,1,1,0,2,3,0,0,0,2,5,0,2,2,2,0,3,4,2,0,2,1,0,1,1,0,1,2,6,3,0,2,2,1,0,1,1,1,2,3,0,0,3,0,1,1,1,0,1,1,2,3,2,0,2,3,1,1,0,1,1,1,1,0,2,3,2,2,0,3,1,1,3,0,1,5,1
donor_02_cell_001,0,0,3,0,1,0,6,3,1,2,1,4,2,5,0,2,4,0,1,3,2,0,1,2,1,0,1,0,2,0,1,2,3,3,3,0,2,0,0,3,0,1,4,1,5,2,0,1,1,1,3,0,1,1,2,2,1,1,0,1,2,1,2,0,2,1,2,1,2,3,2,3,1,2,1,2,4,1,2,2,3,0,3,1,1,0,6,1,2,1,1,2,3,1,2,5,0,2,2,3,4,3,1,2,5,5,2,1,0,7,1,2,1,2,1,0,0,3,3,2,2,0,2,1,0,5,4,2,3,0,1,3,4,0,1,0,3,0,3,3,1,2,5,3,1,0,1,2,0,1,1,1,1,2,1,3,0,1,5,2,0,2,0,2,2,4,3,7,1,2,3,0,0,1,0,0,2,1,2,1,0,5,1,3,2,0,2,0,2,1,2,1,0,1,3,1,1,3,0,3,0,1,2,0,0,1,1,3,2,0,2,2,0,3,3,6,1,0,2,1,2,2,0,3,3,2,0,2,1,0,0,2,2,6,1,0,3,1,0,1,4,5,3,4,1,1,3,0,0,2,3,3,1,2,0,4,1,1,2,0,1,3,2,0,3,1,2,0,1,0,0,1,1,6,3,2,0,2,2,4,0,1,1,0,3,0,1,1,3,1,3,0,1,1,1,3,2,2,2,0
donor_02_cell_002,1,0,3,2,3,1,1,4,0,1,1,4,1,1,2,0,1,3,0,1,2,3,4,4,2,0,1,0,2,3,2,1,0,2,5,1,3,1,1,2,1,5,4,3,4,1,0,1,4,1,3,1,1,3,2,2,1,0,1,1,1,3,2,0,2,1,3,2,2,3,3,1,5,0,0,2,2,2,2,3,2,2,1,3,0,0,2,3,3,2,1,1,1,1,4,1,2,2,1,4,2,2,1,1,2,0,1,1,0,1,1,2,2,1,1,2,1,1,3,0,3,3,0,1,0,0,6,2,0,2,1,5,1,1,1,1,2,2,3,1,2,1,4,3,1,1,1,0,3,1,3,2,2,3,2,5,0,4,3,1,0,1,3,1,1,0,0,1,0,3,3,2,1,1,2,0,1,2,7,2,0,2,2,0,3,4,2,1,3,1,3,1,0,1,2,2,3,0,2,1,5,0,2,1,2,2,0,3,0,2,2,1,3,2,3,4,1,2,2,1,3,1,3,1,3,2,0,0,2,2,2,3,1,0,2,3,3,2,1,0,2,1,0,1,1,6,1,2,3,0,4,3,1,4,1,1,2,3,0,0,1,4,2,1,4,2,2,0,0,1,2,1,1,2,2,2,1,2,2,4,2,3,1,2,2,0,1,1,3,0,5,0,1,1,0,0,1,2,4,0
donor_02_cell_003,0,1,3,2,0,5,2,4,1,3,3,6,4,2,1,1,2,1,1,4,4,2,6,1,0,2,1,1,4,0,5,4,4,2,1,2,0,2,5,4,2,5,5,3,2,3,3,2,4,2,2,0,1,5,1,4,1,0,3,1,1,6,6,1,2,7,3,1,2,3,1,1,1,1,3,2,2,1,3,4,0,6,5,2,1,3,3,1,1,6,2,3,2,2,1,1,2,2,1,3,1,3,3,3,4,4,2,2,1,3,3,2,0,2,1,2,3,3,1,4,1,2,3,3,2,1,2,2,0,4,0,3,0,2,2,0,2,4,5,0,3,2,4,1,1,0,2,4,0,3,2,3,3,1,1,2,2,4,4,4,1,7,1,1,2,0,6,4,1,2,3,3,5,4,2,1,1,6,4,1,6,3,2,1,2,2,2,1,2,2,5,1,2,1,2,4,4,6,1,7,4,6,1,4,1,1,3,3,2,3,2,1,2,4,4,3,1,2,2,0,0,3,4,5,2,4,1,3,3,1,1,1,3,3,2,7,6,5,1,1,3,4,4,1,5,3,2,3,2,1,1,3,2,3,1,1,0,2,2,1,3,4,2,1,3,0,5,2,1,1,0,1,1,3,4,2,0,1,0,3,1,2,0,3,2,2,2,2,2,2,8,0,3,2,4,1,3,2,3,5
donor_02_cell_004,0,0,2,6,0,3,2,4,1,4,2,3,2,2,0,0,3,0,1,2,2,0,2,1,2,2,2,1,1,2,2,4,1,1,0,1,0,1,1,2,0,3,3,4,3,1,2,1,1,0,1,1,0,2,0,2,3,1,0,1,0,2,0,0,5,1,3,1,0,1,1,3,2,5,0,1,0,0,2,1,2,1,3,0,0,1,1,1,0,0,0,1,1,0,0,0,2,0,0,1,1,2,0,5,2,2,2,1,0,4,1,3,3,4,3,2,3,1,0,4,2,2,2,1,0,2,0,1,0,0,1,2,0,2,0,0,2,1,3,0,1,2,1,1,2,1,1,2,1,2,0,1,2,4,1,3,1,0,3,0,0,1,1,0,3,0,5,1,1,1,2,2,1,6,0,0,0,1,2,1,3,3,2,2,0,1,1,1,1,0,2,1,1,1,2,3,0,2,1,1,5,2,1,3,0,0,0,1,1,2,2,4,1,4,1,5,2,0,1,1,1,1,2,3,4,2,0,2,6,1,0,0,1,3,6,3,3,1,2,1,2,3,4,2,1,5,0,1,0,1,4,0,0,0,1,1,0,0,0,0,1,2,2,1,3,0,4,1,0,0,0,0,1,0,0,1,1,1,1,3,1,0,1,0,1,0,0,5,2,3,1,2,7,1,1,1,2,2,1,3
donor_02_cell_005,1,0,4,2,1,2,3,2,0,3,1,5,1,1,3,3,1,2,0,2,0,3,2,6,1,3,2,0,2,1,3,2,4,3,3,1,1,2,5,1,1,0,2,2,2,3,1,2,4,1,2,0,3,0,0,2,2,1,0,2,3,0,4,2,2,0,3,3,1,0,3,3,4,3,2,2,1,2,1,0,4,1,6,0,1,2,5,3,0,1,1,1,0,0,2,2,2,3,2,5,4,2,0,2,4,0,1,3,2,2,2,3,1,1,0,1,3,5,1,4,2,0,1,2,0,2,0,0,2,2,1,4,0,0,1,1,3,3,0,1,1,0,6,1,1,1,1,5,0,0,2,0,0,2,2,4,1,1,5,1,0,0,2,3,2,2,1,1,3,5,3,2,1,7,2,1,2,0,2,5,5,1,3,0,3,0,2,0,3,1,1,0,1,2,1,3,4,3,1,0,5,1,1,1,0,0,1,0,1,3,3,3,0,1,1,5,1,3,4,5,3,2,2,3,1,3,1,2,0,1,2,1,5,2,1,2,1,1,0,1,2,2,0,3,1,2,2,3,2,0,3,3,2,0,1,2,1,2,0,1,0,3,2,1,0,1,3,1,1,3,2,1,1,3,1,1,3,3,1,2,1,2,1,1,2,0,2,1,0,1,1,1,1,1,4,3,3,2,3,1
donor_02_cell_006,1,0,4,1,0,2,2,5,2,4,1,4,3,3,1,0,5,0,6,4,0,2,1,2,1,4,1,1,2,2,1,3,3,2,2,4,2,2,0,4,0,1,1,1,3,1,1,4,1,1,3,0,1,1,4,4,1,2,1,1,5,3,2,3,0,4,0,4,0,2,1,0,1,1,0,2,2,1,0,0,0,3,3,1,1,1,3,2,0,2,2,1,0,1,0,5,1,1,1,0,1,4,1,1,4,3,0,1,2,0,3,1,3,4,1,0,2,1,6,3,4,3,1,2,0,0,1,2,0,2,0,4,3,1,4,3,1,3,6,1,4,4,2,2,2,1,4,0,1,0,1,1,0,1,0,4,1,2,2,2,1,5,1,1,3,0,1,2,1,3,0,1,2,1,0,0,0,1,1,5,3,2,1,3,1,2,3,0,3,1,3,0,1,3,1,2,5,4,0,3,1,1,1,2,2,1,2,2,1,1,4,1,2,3,0,2,2,0,2,4,1,0,0,4,1,0,0,0,4,1,0,3,2,2,1,0,1,3,2,0,2,2,0,2,2,2,3,0,1,1,4,4,0,1,1,4,3,2,3,2,5,0,2,0,5,2,2,0,1,0,2,3,1,3,1,1,3,5,4,3,0,3,0,1,2,1,1,1,4,0,0,1,4,0,3,2,9,4,0,4
donor_02_cell_007,0,0,2,4,0,3,1,1,3,0,1,4,2,1,0,4,2,2,5,1,0,0,1,2,2,3,2,3,4,4,3,3,0,0,2,1,0,1,2,4,1,2,4,3,0,3,1,1,2,2,1,1,3,2,2,5,5,2,0,0,2,1,2,3,4,3,2,1,1,3,1,0,4,2,0,1,1,6,1,1,1,1,1,0,2,4,1,1,0,1,1,2,1,3,3,3,2,3,2,1,0,2,1,3,3,6,3,2,0,4,1,0,0,2,0,1,1,2,2,1,4,2,1,2,1,3,0,1,2,3,0,1,5,1,3,0,2,2,0,2,2,1,1,2,1,0,2,1,3,1,2,5,0,1,1,1,3,3,1,1,0,2,2,1,1,1,3,4,3,3,1,1,3,4,2,2,4,3,2,5,1,6,2,0,2,1,0,2,4,2,4,0,0,0,1,1,0,2,1,1,4,0,3,0,0,1,2,5,3,1,0,8,0,1,1,3,0,4,2,2,0,4,1,4,3,3,1,3,3,0,0,5,1,3,1,3,4,1,1,2,0,2,1,1,0,4,4,2,3,0,2,5,1,3,2,5,3,3,1,1,4,2,1,3,2,3,5,0,1,0,3,2,0,2,3,4,4,0,0,3,2,1,0,1,3,3,1,2,0,1,1,1,6,0,2,1,1,1,5,1
donor_02_cell_008,0,0,0,0,1,0,3,2,2,1,2,3,0,1,0,2,1,2,2,2,3,2,3,3,5,1,0,0,2,2,3,1,6,0,1,0,2,2,1,1,1,1,1,0,0,2,1,1,2,0,1,1,0,1,3,1,2,3,2,1,0,1,1,1,2,1,3,0,0,2,3,0,2,1,2,2,2,1,1,2,1,0,0,0,1,0,0,1,0,2,0,0,3,2,2,0,0,4,1,0,4,0,2,2,0,1,1,2,0,1,0,2,0,0,2,2,2,1,2,0,1,4,0,1,0,1,0,1,2,0,1,4,2,0,0,0,2,2,1,1,2,5,4,1,2,1,2,1,0,2,5,2,2,0,1,4,1,1,1,1,0,2,0,0,0,3,2,0,2,0,1,1,1,2,1,1,2,1,2,2,2,1,1,1,3,0,3,2,2,3,3,1,0,1,1,1,1,1,0,3,0,1,0,3,0,2,0,2,2,2,2,1,0,0,4,1,1,0,2,1,3,2,0,2,3,2,0,1,3,1,0,2,4,0,2,0,2,0,1,0,2,0,2,1,0,5,3,1,2,0,2,2,1,0,1,2,0,2,2,1,0,1,1,0,3,1,1,0,1,0,0,0,2,1,1,1,1,1,0,3,0,1,2,0,0,0,0,3,0,0,2,2,3,0,3,2,0,1,0,0
donor_02_cell_009,0,0,1,4,0,5,7,3,1,0,0,1,2,1,4,3,1,0,5,1,2,1,5,2,3,1,2,0,2,1,1,4,0,1,1,2,2,0,0,2,2,2,4,3,3,2,2,2,4,0,0,0,3,3,1,2,1,5,1,3,4,4,1,2,2,1,2,2,1,2,0,1,5,2,4,2,3,3,2,0,3,5,1,1,2,1,2,3,2,3,1,2,3,0,1,2,2,0,2,4,1,2,2,2,3,3,2,0,1,0,1,3,1,2,0,1,3,1,2,2,1,2,1,2,1,2,2,2,1,0,2,2,3,2,3,0,2,4,1,0,0,2,1,1,3,2,1,1,1,2,2,2,0,2,3,2,3,2,2,4,0,3,0,1,1,2,1,2,1,2,1,0,1,2,0,0,2,2,3,2,1,0,0,2,2,1,2,1,1,0,2,0,6,1,1,1,4,4,1,1,4,2,1,0,0,2,4,2,2,0,1,5,1,2,0,2,3,1,1,1,1,0,1,1,0,1,0,4,2,0,0,1,2,2,2,1,2,1,1,0,3,1,2,2,3,4,1,2,0,2,1,1,1,0,2,1,4,0,0,0,1,1,1,4,2,1,0,0,1,1,4,2,0,3,0,2,4,1,1,4,0,0,0,4,1,0,0,3,3,0,1,0,3,0,1,2,3,0,3,2
donor_02_cell_010,0,0,5,1,1,4,2,4,2,0,3,3,2,0,3,3,1,0,2,2,1,2,3,1,1,2,3,0,0,2,0,3,0,0,1,3,0,0,0,1,4,2,1,1,4,3,2,0,1,0,1,1,2,1,3,3,0,0,0,2,1,1,0,2,3,3,4,1,0,4,0,3,2,3,0,1,1,3,2,2,3,1,3,4,1,3,5,3,1,2,0,1,2,3,3,4,1,0,2,3,1,4,3,0,4,1,2,1,0,1,3,1,0,1,0,4,1,5,1,0,1,4,0,0,2,4,0,2,2,0,1,1,2,0,1,2,2,0,1,0,1,0,1,1,1,3,1,2,2,3,1,5,1,3,0,3,1,0,0,2,0,1,1,1,4,2,3,3,2,5,0,0,1,2,2,0,0,0,4,8,2,2,6,1,1,0,3,3,2,3,1,1,1,0,0,1,1,3,4,1,2,3,2,2,2,1,2,2,2,1,1,3,0,1,3,2,0,2,5,0,1,2,0,5,0,2,0,4,1,1,1,1,3,4,3,5,4,2,0,0,2,2,0,2,3,2,3,1,1,0,0,3,1,0,0,3,3,0,0,0,1,5,1,0,1,2,2,1,2,0,0,1,1,1,2,2,0,1,2,2,1,0,2,1,0,0,1,2,1,0,1,0,0,0,4,1,2,2,3,3
donor_02_cell_011,0,1,3,2,0,3,1,1,1,4,0,2,1,1,0,0,0,1,2,1,2,2,3,7,2,0,2,0,1,6,3,2,2,1,1,0,1,0,3,3,0,1,0,2,1,2,2,2,3,1,1,0,1,3,1,6,3,0,0,0,1,0,0,2,2,1,2,0,2,3,1,2,2,3,1,1,0,2,3,2,1,4,2,2,0,2,3,1,1,4,0,0,2,2,2,1,0,2,0,1,5,1,1,3,5,2,1,2,0,3,3,1,1,0,4,0,1,3,3,1,0,1,1,1,2,0,2,0,0,1,1,7,3,1,3,2,1,1,3,1,4,6,3,0,1,2,2,1,1,1,2,2,0,1,1,0,1,1,1,3,1,2,0,2,1,0,3,1,3,2,4,2,1,2,1,1,1,3,1,2,5,0,5,0,2,1,0,0,1,1,4,1,1,1,1,0,1,2,1,3,1,1,3,0,1,1,1,1,2,0,2,1,1,4,2,3,2,0,3,2,1,3,4,2,1,0,0,1,2,1,0,3,3,3,3,1,1,0,0,0,3,0,1,2,2,2,3,2,1,1,1,4,2,0,1,1,1,2,0,2,0,6,3,1,1,0,0,0,1,3,1,0,1,1,1,3,3,2,1,3,0,1,0,0,0,0,0,1,2,0,3,0,5,0,1,2,1,2,3,0
donor_02_cell_012,2,0,1,0,0,2,1,1,0,0,0,6,4,0,1,0,5,0,1,3,4,2,2,2,0,0,0,0,1,0,0,1,0,0,0,1,2,1,0,4,1,2,2,2,0,1,0,1,1,2,1,1,1,2,0,2,1,2,0,0,2,1,0,1,4,0,1,2,2,1,1,0,3,2,2,1,0,1,4,1,0,1,1,0,1,0,0,0,0,1,2,5,1,1,2,1,2,0,0,2,5,2,1,4,6,5,2,3,1,0,1,0,3,4,1,0,0,4,0,2,0,0,1,0,1,3,0,1,0,0,2,2,4,1,1,1,3,4,0,3,1,1,3,5,2,0,1,4,1,1,2,2,3,0,0,4,1,1,2,3,1,4,1,0,1,0,3,1,1,0,0,2,1,3,0,0,3,0,3,4,1,1,3,1,4,3,0,0,4,1,5,1,3,3,1,1,0,3,0,1,1,4,0,0,1,0,0,7,0,1,2,0,3,4,2,2,0,0,2,4,1,0,3,2,1,2,0,4,1,1,1,0,5,4,2,1,1,2,2,4,2,4,2,1,4,2,0,3,1,1,3,2,1,0,0,2,2,0,1,1,2,2,0,0,1,0,2,1,1,0,1,1,1,4,0,2,1,0,1,3,0,0,2,1,1,1,2,3,2,0,1,1,1,0,1,1,3,4,1,0
donor_02_cell_013,0,0,2,1,1,3,1,4,1,1,2,1,2,1,1,0,0,1,1,0,0,2,4,0,0,0,1,0,0,1,0,0,1,1,1,0,2,2,1,1,2,3,2,0,2,3,2,0,0,1,0,2,1,1,3,0,1,1,2,4,0,1,3,0,2,0,0,1,1,1,1,3,1,2,1,0,1,2,4,3,2,0,3,0,1,0,3,3,1,1,1,1,4,0,1,1,1,2,1,1,1,2,2,1,3,0,0,0,2,0,1,2,0,1,0,2,2,1,1,1,3,2,0,2,0,1,1,3,2,0,2,1,1,2,0,0,3,1,1,0,0,2,1,1,2,1,1,1,1,1,1,0,1,2,1,3,0,1,0,1,1,3,1,0,0,0,2,4,2,2,1,0,0,5,1,2,1,6,3,2,2,6,1,1,3,1,1,0,5,1,9,0,1,3,0,2,1,4,0,0,4,6,1,1,1,0,0,3,1,0,0,1,0,5,2,1,0,3,2,0,2,1,1,1,1,3,0,1,2,0,1,0,4,2,1,0,2,3,0,1,0,0,2,2,3,4,3,1,1,2,0,2,0,0,1,2,1,0,2,3,1,5,2,0,2,0,1,2,1,1,0,0,0,1,1,3,1,3,1,4,0,3,3,0,1,3,1,1,2,1,1,0,2,0,2,3,1,4,0,2
donor_02_cell_014,0,1,7,2,1,2,0,5,1,4,0,5,3,2,2,4,3,4,2,1,2,1,4,2,1,0,4,2,0,3,5,7,3,1,3,0,0,3,2,2,3,2,5,4,3,2,0,0,4,5,1,0,2,5,3,3,2,0,3,3,5,7,2,2,2,2,3,1,1,0,1,2,4,0,1,1,1,4,4,1,3,1,3,1,2,2,2,1,1,3,0,3,2,0,3,3,0,0,1,2,4,4,1,4,5,4,0,0,0,5,3,0,2,3,3,3,1,1,1,0,3,3,0,0,1,4,1,2,3,2,2,4,1,4,2,0,2,4,2,0,4,3,1,2,4,1,0,2,1,0,2,1,2,2,0,1,1,0,2,2,2,2,3,0,3,3,7,5,3,3,0,5,2,1,0,0,1,7,9,7,6,6,2,0,3,2,3,1,2,2,1,2,3,3,1,0,2,1,2,2,3,2,6,4,1,0,1,1,3,2,0,1,2,5,3,5,0,2,1,1,1,2,4,1,2,3,1,3,3,1,0,4,3,2,3,5,4,4,2,2,4,5,3,1,1,0,4,4,2,0,5,4,2,1,0,1,5,1,0,2,2,5,2,0,1,0,3,1,0,1,2,1,0,1,4,3,2,2,1,1,1,2,0,1,5,0,3,1,2,1,3,2,4,1,7,6,5,5,6,4
donor_02_cell_015,0,0,4,3,4,4,2,3,1,2,1,5,0,2,1,1,0,0,3,1,2,1,1,3,2,3,0,1,2,3,6,0,0,0,1,0,1,3,0,4,3,0,0,1,3,5,1,1,2,1,0,0,0,1,3,2,1,1,1,1,1,0,3,0,5,2,2,0,1,5,3,3,2,2,0,0,4,0,2,2,3,2,0,0,0,1,3,1,0,2,0,1,2,2,0,2,2,0,2,2,2,1,2,3,2,1,2,1,1,4,2,3,2,4,0,4,0,0,0,0,0,3,1,1,1,1,0,0,1,1,2,1,4,2,5,1,2,2,3,0,2,5,1,3,0,0,0,1,4,1,2,1,0,1,1,2,2,1,2,2,3,0,1,1,2,1,2,1,2,6,5,3,1,1,0,1,0,4,3,3,2,2,3,2,0,4,1,1,2,2,3,4,0,1,3,0,2,1,4,2,2,1,2,1,2,2,1,2,1,2,2,1,0,2,2,5,2,0,2,0,0,3,2,3,2,4,0,1,0,0,2,2,2,3,4,3,2,2,1,0,0,4,1,0,0,2,2,3,2,2,7,5,3,3,2,2,7,2,1,4,1,1,0,0,5,2,0,6,2,0,1,0,1,3,0,1,0,1,4,3,2,1,0,1,2,1,1,0,3,1,3,0,4,1,1,2,4,0,1,3
donor_02_cell_016,0,0,2,2,2,3,2,2,0,1,0,0,1,2,0,1,3,2,1,2,1,3,0,3,4,0,2,2,1,4,2,4,0,3,1,1,1,0,0,3,0,2,3,3,2,1,1,2,0,1,1,1,1,2,0,1,0,3,1,0,0,0,0,5,1,1,3,1,0,1,1,3,1,1,0,2,3,2,3,1,3,2,2,1,1,3,1,0,2,1,1,3,0,4,4,2,3,0,2,2,2,3,2,6,2,1,4,0,0,2,0,1,0,2,1,2,1,2,3,4,1,3,0,0,1,1,2,2,3,1,2,2,1,1,2,0,2,1,2,0,0,2,0,8,0,2,1,0,1,0,2,1,0,1,0,4,0,3,3,2,1,0,1,1,1,0,1,3,1,3,0,3,3,4,1,1,3,1,4,4,1,5,1,1,3,1,3,0,3,2,4,0,2,3,1,2,3,2,0,3,2,2,1,0,0,0,0,3,0,1,1,5,0,0,2,1,1,3,1,3,1,1,0,0,3,1,1,2,0,0,0,3,1,2,1,1,0,2,1,0,1,0,0,2,2,2,2,3,1,0,1,0,2,0,0,0,2,2,1,1,1,2,0,0,5,2,0,2,0,0,0,3,0,1,2,1,0,1,2,1,0,1,2,0,1,2,2,0,1,1,1,1,2,1,2,0,2,0,1,1
donor_02_cell_017,1,0,0,6,0,5,4,2,1,2,0,1,2,2,0,1,0,0,2,4,2,1,0,4,3,1,1,1,3,1,1,5,1,1,1,3,1,3,1,4,1,2,3,2,2,2,1,1,2,2,0,0,3,3,3,4,1,1,0,0,3,2,1,2,1,2,2,1,0,1,0,1,1,2,0,1,2,1,1,0,2,2,2,3,1,0,2,2,1,0,1,1,0,2,1,1,2,0,0,4,1,3,0,2,2,1,2,0,1,3,2,1,0,2,2,2,0,2,0,1,2,1,0,2,0,0,1,0,1,2,2,4,3,2,2,3,4,1,10,2,2,3,0,0,2,1,2,1,4,1,0,3,1,4,1,6,4,1,2,1,1,1,2,2,1,2,1,5,4,4,1,1,1,6,0,1,3,2,3,2,3,1,1,0,1,2,0,1,3,4,5,0,0,3,2,0,1,1,0,1,4,3,1,1,2,0,0,1,1,2,4,5,1,1,3,2,0,0,1,0,2,4,2,1,0,3,1,1,0,1,1,2,2,1,2,2,1,3,3,2,1,2,4,1,3,3,1,1,0,2,0,4,2,1,1,3,0,0,0,2,0,4,0,0,1,1,0,3,1,3,2,3,2,1,0,2,0,2,3,1,0,0,0,2,1,1,0,2,0,0,1,0,4,1,4,3,5,1,1,1
donor_02_cell_018,1,0,1,2,0,2,2,1,0,1,1,2,1,0,1,1,1,2,3,3,1,2,5,0,2,0,1,1,0,2,2,0,4,3,0,1,1,1,2,2,1,1,1,3,1,0,0,2,1,1,2,1,2,3,2,3,0,0,0,1,3,2,4,1,0,0,1,1,0,2,2,0,0,0,0,1,2,0,1,1,3,1,1,1,1,1,4,2,2,3,2,1,1,2,1,3,0,1,0,4,0,2,2,5,4,2,3,1,1,1,1,0,4,1,0,1,2,2,0,2,3,4,0,2,1,0,1,0,0,1,1,2,1,4,1,2,4,1,2,2,2,1,2,3,1,2,0,4,3,3,2,2,0,2,3,3,5,5,0,3,1,1,1,1,3,2,2,5,2,3,1,0,2,2,0,1,2,0,0,3,1,1,3,1,3,2,0,1,1,2,1,1,0,1,0,2,1,3,0,2,2,2,0,0,0,2,0,5,1,2,4,3,1,3,4,3,2,3,5,2,1,1,7,1,1,5,1,2,2,2,1,1,4,3,4,4,0,3,0,2,5,3,1,2,1,2,4,2,4,1,3,2,0,1,0,2,1,0,1,1,2,4,1,0,2,2,2,1,2,0,1,1,1,2,1,3,1,0,2,2,1,2,1,1,2,1,2,1,0,0,1,1,0,1,4,3,0,1,3,0
donor_02_cell_019,1,1,4,0,2,0,1,2,2,0,0,1,2,1,1,2,2,1,4,3,3,2,2,0,3,3,1,1,4,5,2,4,3,0,1,1,1,1,1,2,2,7,1,0,1,2,1,4,0,1,0,2,2,5,1,2,1,0,0,1,2,1,0,0,3,1,2,0,0,2,0,2,2,1,1,2,0,1,3,5,3,2,1,1,0,1,1,4,2,0,0,2,3,0,2,1,1,0,1,2,0,1,1,0,4,2,1,2,0,1,1,0,2,2,1,1,0,3,1,3,5,0,0,4,2,0,2,1,0,1,2,6,4,1,0,3,2,1,3,1,3,2,3,2,4,1,0,2,1,0,2,1,3,1,1,1,1,3,2,2,2,4,2,1,4,3,2,0,0,4,1,5,3,0,1,0,0,2,6,2,3,3,3,1,4,2,1,1,1,0,1,1,3,1,2,1,3,1,0,0,2,4,1,2,0,1,1,3,1,1,2,2,0,5,2,3,1,1,4,3,1,1,3,1,1,1,1,2,4,1,0,1,5,2,0,3,0,0,1,0,1,5,1,3,0,5,3,2,3,1,0,2,1,1,2,2,2,2,0,1,2,2,1,1,2,0,2,0,1,1,1,2,2,5,1,0,0,2,5,4,1,1,1,1,2,2,0,0,1,0,5,0,5,1,3,6,4,2,0,4
donor_02_cell_020,0,0,3,2,1,1,4,1,2,2,0,2,2,4,3,3,1,1,4,4,4,2,3,2,1,0,1,0,1,1,3,2,1,0,1,2,3,0,0,2,1,1,2,2,2,2,3,0,1,1,1,1,2,1,1,4,0,1,1,0,2,0,3,5,3,1,3,0,2,1,0,0,1,2,1,0,0,3,1,2,4,3,0,0,1,4,2,1,1,5,1,3,0,2,0,3,1,0,1,5,2,6,6,2,1,1,5,4,1,1,2,2,0,1,3,4,2,2,2,2,1,5,0,1,1,2,1,1,1,3,1,2,1,2,0,0,1,3,6,2,2,5,3,5,4,0,4,2,1,0,4,1,2,1,0,0,1,3,2,2,1,0,2,0,2,0,3,3,1,4,1,1,0,2,0,1,0,6,4,4,2,2,2,0,1,0,2,1,5,2,2,0,0,2,0,0,4,5,2,1,5,0,3,0,1,0,0,3,1,1,2,1,3,3,1,2,1,2,3,4,3,0,0,1,0,5,0,1,3,1,1,1,4,4,1,2,1,2,1,1,2,0,5,1,3,0,2,2,1,1,4,5,2,1,1,4,4,1,0,2,1,0,1,0,3,0,0,2,0,2,1,3,0,1,3,0,0,2,5,2,0,1,1,2,1,2,1,1,2,0,5,1,1,1,1,3,1,5,7,1
donor_02_cell_021,1,0,1,2,1,2,1,4,0,1,0,5,1,2,1,1,0,1,1,2,2,0,4,3,3,1,3,0,0,2,1,2,2,0,2,0,3,3,1,1,1,2,3,0,3,4,2,0,1,1,0,1,1,1,0,5,2,0,1,2,0,1,1,1,3,4,1,1,1,5,1,1,1,3,1,0,1,5,0,3,1,2,4,0,1,1,3,2,1,1,0,6,1,2,1,2,1,1,1,4,2,1,1,0,4,1,2,0,2,1,0,1,0,1,1,3,3,2,2,2,0,5,1,3,2,3,2,2,2,1,1,2,2,1,0,1,1,1,3,1,2,2,0,1,4,2,2,1,4,1,3,1,0,2,1,2,0,1,1,1,0,1,1,1,0,0,1,4,2,7,1,2,3,4,0,0,1,2,2,0,3,4,2,2,1,2,1,0,0,1,2,3,0,1,1,2,1,1,2,0,5,2,2,2,2,0,0,3,1,3,4,7,2,2,3,2,2,0,2,4,2,3,0,0,0,2,2,1,3,1,2,0,1,1,1,3,4,1,2,1,1,4,1,0,0,2,1,1,5,2,1,4,5,0,2,3,1,0,1,2,0,4,2,1,2,0,1,0,0,2,3,1,0,0,3,1,1,2,3,4,0,1,4,2,0,0,2,1,1,0,3,0,3,1,8,2,2,1,2,1
donor_02_cell_022,0,0,2,1,0,2,3,3,1,0,0,3,3,2,1,2,2,1,1,2,4,2,2,2,4,4,2,1,2,1,4,0,2,2,0,4,2,3,3,3,1,3,0,2,0,5,2,2,6,0,2,1,3,1,1,1,2,4,0,0,3,2,2,1,2,2,0,1,0,3,2,2,1,1,1,2,1,1,0,2,2,4,1,3,0,1,2,5,1,0,1,6,2,0,2,4,1,0,0,4,2,1,2,0,4,2,2,1,1,4,1,1,1,1,1,2,0,0,1,1,5,2,0,3,0,1,4,0,0,0,4,0,2,1,1,0,3,2,3,4,2,0,1,1,3,0,0,0,0,1,2,1,2,1,2,0,1,1,3,2,2,5,1,1,3,0,4,3,1,4,1,0,2,1,1,2,2,3,2,1,3,1,1,1,4,4,1,0,2,1,5,2,0,2,1,2,3,2,2,2,6,1,1,1,2,0,0,3,2,3,1,2,0,2,1,4,0,2,4,2,1,1,2,3,1,2,0,0,1,4,0,2,2,2,4,2,0,1,0,4,2,5,1,6,3,4,2,2,2,3,5,3,1,1,1,1,2,1,1,1,1,1,1,1,2,2,1,1,1,2,0,0,1,3,0,2,4,2,4,7,2,2,1,2,1,2,0,1,4,1,0,1,3,0,3,1,3,4,1,4
donor_02_cell_023,2,0,1,2,1,0,3,1,0,0,4,5,1,0,2,3,2,1,2,2,3,2,4,3,0,0,1,1,0,4,0,3,1,1,2,2,0,2,1,1,1,2,1,0,0,2,3,0,1,2,2,0,7,2,3,4,3,2,1,0,1,4,3,2,1,2,1,1,1,1,0,1,0,2,0,3,1,0,0,4,2,5,2,1,2,1,1,2,2,3,0,2,0,2,1,2,3,4,1,0,2,1,3,3,2,1,1,1,0,2,1,1,0,1,1,1,1,2,1,3,1,2,1,2,1,3,2,1,1,0,0,2,1,2,2,2,4,3,2,1,1,1,4,3,1,2,2,1,0,2,2,1,0,3,0,0,5,2,2,0,0,3,3,0,1,0,4,3,2,3,3,4,1,1,2,1,0,1,0,1,1,2,3,1,1,3,0,0,5,0,2,0,0,0,1,1,1,1,1,1,3,5,1,0,0,0,0,3,1,2,1,3,0,2,4,3,1,2,0,1,1,1,3,2,1,4,0,1,1,1,1,1,1,2,1,1,1,0,1,1,4,2,1,4,2,2,2,3,0,1,2,2,1,2,1,2,2,1,1,4,0,4,0,0,3,0,1,0,2,0,1,0,1,1,2,4,3,1,3,1,1,0,0,1,1,1,0,1,0,1,1,1,1,1,1,2,2,1,2,4
donor_02_cell_024,0,1,2,1,1,1,5,1,1,1,2,3,4,2,3,1,1,1,6,2,4,2,3,3,3,1,5,1,2,1,4,2,2,3,0,0,0,0,4,4,0,0,2,2,4,2,0,1,2,2,2,1,2,3,1,1,0,2,0,1,0,1,2,1,1,3,1,1,0,0,1,2,2,1,1,0,2,3,1,2,2,0,0,1,0,1,4,1,2,2,2,2,0,6,2,2,0,5,1,2,3,0,0,6,4,3,2,1,2,3,5,2,3,0,0,3,3,3,0,3,2,3,1,4,0,3,1,1,1,1,2,8,4,1,1,3,3,0,0,2,3,4,3,2,2,3,0,1,1,1,3,1,2,4,1,2,4,0,2,4,0,0,0,1,0,3,2,6,4,1,1,1,0,2,1,0,0,1,2,4,4,3,2,3,2,2,0,1,2,0,3,0,0,3,1,2,0,0,2,5,2,2,0,1,0,1,1,1,0,1,1,4,3,1,3,0,2,0,1,3,2,1,4,2,2,2,2,1,5,0,2,3,1,3,1,0,3,2,0,0,3,0,0,0,0,5,4,1,1,3,3,1,2,3,1,1,0,2,1,2,1,0,1,0,2,3,2,0,0,0,2,0,0,5,3,2,0,1,5,2,4,1,0,1,0,2,1,2,1,1,6,0,4,1,2,0,4,4,1,0
donor_02_cell_025,0,1,2,2,0,2,3,2,1,0,2,4,5,0,1,0,3,0,2,5,4,1,4,3,5,0,1,3,1,5,4,5,4,1,1,0,2,2,3,3,4,2,1,0,1,2,2,2,0,1,1,1,4,1,3,1,0,3,2,0,5,5,1,1,4,4,0,0,0,1,3,4,2,1,0,1,2,2,3,1,2,0,1,2,1,1,2,0,1,3,3,0,1,1,2,2,3,1,2,2,1,2,1,1,7,1,2,1,1,1,0,2,2,2,3,2,1,3,2,2,3,1,1,3,1,0,3,2,1,1,3,3,3,1,4,1,2,0,3,1,3,0,2,3,0,3,0,0,2,0,2,4,0,4,0,2,3,3,2,3,0,2,0,1,3,1,5,3,2,1,0,3,3,3,3,0,2,4,2,2,1,5,3,0,4,0,1,0,0,5,2,1,2,3,0,1,1,3,2,0,5,0,3,0,3,1,3,1,0,2,1,3,1,6,1,1,0,3,2,0,0,3,2,2,1,4,1,0,1,1,1,0,1,1,0,1,1,2,0,3,4,2,0,1,4,3,0,1,1,1,4,2,2,2,1,4,2,0,0,2,0,4,1,1,1,0,2,2,0,0,3,1,1,1,0,1,2,3,1,2,1,2,2,0,1,3,0,0,2,2,5,2,3,1,2,0,4,2,2,0
donor_02_cell_026,0,0,2,5,1,0,3,0,1,2,1,0,1,3,1,1,4,2,1,3,1,3,2,2,4,2,0,1,0,4,3,2,2,1,0,0,2,2,2,1,1,2,0,4,1,3,1,0,3,1,2,1,1,1,5,5,0,1,1,3,2,1,3,2,2,0,2,1,2,3,1,1,1,0,1,3,3,3,3,4,2,2,2,0,1,1,5,0,2,2,0,2,0,0,0,5,0,0,1,3,3,2,3,3,0,1,2,5,1,2,6,0,2,2,0,2,3,3,1,2,4,2,0,1,0,0,4,0,2,2,2,3,2,1,1,1,1,1,4,3,4,1,4,3,1,0,1,2,3,2,1,2,0,1,2,1,1,0,2,6,1,2,0,0,2,0,1,3,1,1,3,1,0,3,0,0,1,1,4,2,5,4,2,1,2,0,2,0,6,5,1,3,2,3,1,1,3,1,2,3,2,2,3,2,1,0,0,1,1,1,2,1,0,3,3,2,1,0,0,4,2,2,2,3,1,1,1,1,1,1,0,2,0,1,0,0,1,3,2,1,3,3,1,1,2,2,1,1,0,2,2,3,1,0,0,1,2,2,2,3,4,1,1,0,0,1,1,4,1,1,2,0,1,1,2,2,2,4,0,0,2,2,0,1,2,3,0,0,1,0,4,1,1,3,2,1,4,3,0,2
donor_02_cell_027,1,0,8,2,0,0,1,1,0,4,2,1,1,5,0,2,0,1,3,2,4,0,5,0,3,1,0,0,3,0,1,5,2,1,1,0,0,0,3,2,2,3,1,1,1,2,1,2,3,1,3,1,2,4,2,3,0,2,1,0,2,1,2,1,0,0,3,0,4,1,0,0,3,3,2,1,1,2,0,1,1,1,1,1,2,2,1,3,0,3,0,0,1,1,0,0,2,1,0,2,0,1,1,3,6,2,2,1,0,2,1,1,3,1,2,3,0,1,1,0,1,1,3,1,4,2,3,1,3,2,2,3,0,1,2,1,2,1,1,0,3,1,4,1,2,1,1,3,2,0,0,1,2,0,1,2,1,4,1,1,0,4,2,2,4,4,2,3,2,3,0,0,0,6,3,1,1,1,0,1,5,2,3,1,2,2,2,2,4,2,2,1,1,2,3,3,1,3,0,3,3,2,4,2,2,0,0,2,2,3,2,1,2,1,0,1,0,1,2,0,0,0,4,2,1,0,1,1,0,0,1,0,2,1,1,2,2,2,0,0,4,6,1,2,2,2,3,1,2,1,0,2,2,2,0,3,1,0,0,1,1,0,1,4,4,1,0,3,0,0,0,0,0,2,0,2,2,1,2,3,0,2,1,2,2,2,0,1,2,0,1,2,5,2,2,3,2,1,4,3
donor_02_cell_028,2,0,2,1,2,3,3,0,1,0,0,5,0,4,1,1,1,1,1,3,0,2,2,1,1,1,1,0,1,2,1,2,0,1,0,0,2,2,0,5,2,2,0,0,4,3,0,1,4,0,0,0,3,2,1,0,2,2,1,1,4,0,2,1,1,5,0,1,2,1,0,0,4,1,1,3,1,3,1,0,1,1,1,1,0,1,1,0,2,1,0,3,1,3,1,0,2,2,2,1,3,1,2,4,1,2,1,3,1,2,1,1,0,1,0,1,1,1,3,1,2,3,1,1,2,1,1,1,0,3,3,3,5,0,2,1,1,2,3,1,0,1,0,5,2,2,1,1,0,1,2,0,2,3,0,1,0,0,2,1,1,2,3,0,4,1,1,4,2,1,1,2,0,1,3,2,1,3,1,3,5,3,2,2,3,2,1,1,2,3,3,1,0,2,2,0,3,0,0,1,2,5,2,0,0,1,2,2,0,1,1,3,1,1,2,2,1,1,2,0,2,0,1,2,3,3,2,0,1,0,2,2,1,0,2,1,1,3,2,2,1,1,0,1,2,1,3,2,1,2,0,4,3,0,3,2,0,0,0,0,1,2,1,3,2,1,0,1,0,0,1,1,1,1,0,2,3,2,5,2,2,1,4,1,2,3,0,0,0,0,1,1,2,2,2,2,2,3,1,0
donor_02_cell_029,1,0,0,3,1,3,2,1,1,1,3,3,1,3,1,1,3,1,3,6,1,1,3,2,4,1,2,1,4,4,1,3,0,1,0,1,1,2,1,0,0,1,1,0,5,4,0,1,1,1,1,0,2,4,2,4,1,1,0,3,2,2,4,1,2,3,1,0,0,0,1,0,3,3,0,0,1,2,2,3,1,0,4,0,0,0,2,1,0,3,0,5,3,0,1,2,3,2,1,2,1,0,4,6,4,1,3,1,1,3,0,3,2,0,1,4,2,3,1,1,2,3,0,1,0,2,2,0,0,2,1,2,1,1,3,2,0,0,3,2,3,1,0,0,1,0,1,4,3,1,1,3,1,3,2,2,0,2,4,3,1,1,2,2,1,1,4,2,3,1,1,3,3,0,0,3,3,4,1,2,5,4,1,0,2,4,0,0,4,2,4,1,2,1,0,0,1,4,0,3,0,2,1,1,0,3,5,3,1,1,3,0,2,2,2,4,2,3,1,3,1,1,2,2,1,4,0,3,1,0,1,4,1,5,4,3,1,3,2,0,0,4,1,0,2,2,1,2,2,3,1,2,1,2,0,2,4,3,0,3,1,0,0,0,2,0,1,1,1,2,0,0,1,1,3,4,0,0,1,2,1,0,3,0,2,1,1,0,4,1,3,0,1,2,0,3,6,3,5,5
donor_02_cell_030,1,0,4,1,2,0,2,1,0,0,1,3,1,0,1,0,1,1,1,0,3,3,5,3,2,2,2,2,1,4,1,3,0,0,0,1,1,3,1,2,1,6,5,0,2,1,1,2,0,0,0,1,1,1,1,2,4,0,1,1,2,2,2,0,1,2,0,3,0,2,1,1,1,1,1,3,1,0,2,2,2,2,3,2,0,3,3,2,2,2,1,3,1,1,1,3,1,1,2,3,4,1,0,4,1,2,1,1,0,2,3,1,0,2,0,2,2,2,3,2,5,3,1,1,0,4,3,2,2,1,1,5,2,0,2,1,3,2,4,0,2,1,2,4,2,1,1,4,1,1,4,2,2,2,4,2,1,1,0,2,1,4,0,1,2,1,2,1,1,3,1,5,0,4,0,1,0,5,4,0,3,1,1,1,1,2,2,1,3,2,3,4,0,3,1,1,3,1,0,2,2,2,2,2,1,4,0,4,1,2,3,2,2,1,2,2,2,2,1,1,2,0,1,1,2,2,1,4,3,1,0,2,1,0,2,3,3,1,1,0,1,2,0,1,1,3,2,1,0,1,4,2,2,2,1,1,0,0,1,1,1,2,2,0,5,3,1,0,0,0,1,1,0,0,0,1,1,3,2,5,1,1,3,1,1,1,0,1,1,0,3,0,4,2,2,1,3,1,0,2
donor_02_cell_031,0,0,4,0,0,3,3,1,0,2,1,1,0,2,2,0,3,1,3,2,0,1,1,1,3,0,0,1,3,2,2,1,2,1,1,1,3,2,0,1,1,0,1,1,1,2,1,1,0,0,1,0,2,4,4,3,1,1,0,0,1,1,2,1,4,3,0,1,1,0,1,0,3,0,0,0,2,2,3,2,1,1,2,1,2,1,0,3,1,3,1,3,2,1,1,3,1,1,0,1,3,2,1,4,5,2,3,3,3,4,4,2,2,0,0,1,1,3,3,1,3,3,1,0,1,1,0,2,0,3,0,1,2,2,2,0,0,3,1,3,0,1,3,2,2,0,2,1,2,1,3,2,1,1,1,2,1,2,0,1,1,2,0,2,2,3,1,4,1,1,0,0,2,5,0,1,2,3,2,0,1,3,2,1,0,2,2,1,2,1,5,0,1,1,1,1,1,0,2,2,0,2,3,2,0,0,1,2,1,4,1,5,1,3,3,3,1,1,1,2,0,1,3,1,3,2,1,0,2,1,2,3,1,1,1,0,1,0,0,1,4,1,5,3,3,0,1,4,1,3,1,1,1,2,1,1,3,0,1,3,0,3,1,1,1,0,1,3,0,0,0,2,1,0,1,2,1,1,0,1,2,0,0,1,1,1,1,2,0,0,3,1,1,1,2,1,0,7,1,2
donor_02_cell_032,0,2,3,1,1,4,7,0,1,0,1,2,2,1,1,1,2,2,1,0,0,0,6,4,4,0,1,0,4,0,0,1,3,2,0,0,3,1,0,3,1,1,2,2,1,0,0,1,3,2,2,1,1,3,1,4,1,3,0,1,3,1,1,3,1,2,0,1,0,3,1,0,3,1,1,2,0,2,1,2,2,2,1,2,0,1,2,2,3,1,0,1,4,1,2,3,1,1,0,2,5,2,2,3,3,1,1,3,0,3,3,0,1,0,2,4,2,5,2,1,1,5,1,0,2,5,1,3,2,2,2,2,2,0,2,0,4,1,1,2,2,2,3,2,0,2,1,1,2,0,2,4,0,0,0,1,2,0,1,1,1,1,1,1,1,2,2,0,1,3,2,0,0,3,2,0,1,3,0,5,2,4,2,0,2,3,0,0,5,0,0,1,0,3,2,1,4,2,0,0,4,1,3,2,0,0,0,3,0,0,1,2,0,1,1,1,3,3,3,3,0,1,1,2,0,4,1,1,1,1,1,2,1,2,1,1,2,2,0,1,2,2,0,2,3,0,2,0,0,0,3,2,2,0,1,5,0,0,0,1,1,5,1,1,2,0,1,1,0,0,1,0,0,1,1,1,1,2,2,2,1,1,3,1,0,4,2,0,2,1,1,1,4,2,3,3,0,2,0,8
donor_02_cell_033,0,0,3,0,1,1,2,2,0,1,2,3,1,4,2,2,3,2,2,3,9,0,1,0,3,1,3,1,2,3,0,5,1,3,0,0,0,0,3,3,3,1,3,2,3,4,1,2,2,1,0,1,2,0,3,1,1,2,0,0,3,3,3,1,1,3,1,2,0,4,2,0,1,0,2,3,0,1,6,3,1,1,2,1,0,1,0,0,0,4,1,1,0,3,0,2,1,1,1,1,0,3,1,0,4,9,1,0,0,4,0,2,2,4,1,1,1,2,1,1,3,3,0,1,0,1,2,1,1,0,2,0,0,1,1,1,2,5,2,0,0,2,0,1,1,1,0,1,0,3,2,1,2,3,1,0,0,2,0,1,0,3,0,0,4,2,3,2,0,2,1,0,2,2,0,2,0,5,4,2,3,4,2,2,3,1,0,1,2,1,2,1,0,2,2,0,2,1,0,2,4,0,1,0,0,3,1,2,1,1,6,6,4,4,2,4,1,0,5,4,1,1,1,2,1,0,0,3,3,0,1,2,1,2,5,2,3,1,1,1,0,4,0,2,4,2,1,3,2,0,0,2,2,0,0,4,3,2,2,3,0,3,2,1,3,1,1,0,1,1,2,1,1,2,3,0,2,0,1,3,0,3,1,1,3,2,0,1,4,1,2,0,3,1,3,4,4,2,2,3
donor_02_cell_034,0,0,1,2,0,4,1,3,1,2,3,2,2,2,0,1,1,1,2,0,0,4,0,2,1,1,1,0,0,3,0,1,1,2,0,3,1,1,1,0,2,1,6,1,1,4,1,0,3,1,0,0,0,3,1,1,0,2,2,4,2,1,1,3,3,0,1,1,0,3,0,1,1,1,0,0,3,2,1,2,4,1,3,1,0,2,0,2,1,0,1,2,1,0,1,2,1,0,1,0,3,1,1,1,1,3,2,1,2,1,1,0,0,1,1,2,2,3,0,4,1,5,0,2,1,5,0,0,2,1,2,4,0,3,1,2,2,2,2,1,0,1,0,1,0,1,4,3,0,1,2,2,2,0,0,0,0,1,0,3,1,2,1,1,1,2,2,0,3,3,1,2,0,4,1,0,3,2,3,4,4,2,0,0,0,3,3,0,3,0,2,2,0,3,2,2,2,0,4,4,4,2,1,0,0,0,3,3,1,0,0,1,1,2,2,2,2,1,1,1,0,3,1,2,2,3,1,3,0,1,0,1,3,1,1,4,1,2,1,1,5,2,0,2,4,5,2,0,3,2,2,3,2,0,2,4,3,3,2,2,0,3,1,3,4,0,2,0,1,0,0,1,1,3,1,1,0,2,2,4,0,0,1,1,1,1,2,0,1,2,3,1,3,0,0,1,1,1,4,5
donor_03_cell_000,1,0,10,1,0,2,4,5,3,7,7,6,4,4,0,0,1,1,3,0,2,3,1,5,6,2,4,1,3,4,3,2,1,1,3,1,2,1,1,2,3,3,3,3,0,3,0,3,0,1,1,0,1,1,4,0,3,2,2,1,5,1,1,3,1,1,2,1,0,0,2,2,2,2,0,2,1,5,2,0,1,3,1,1,1,0,2,5,1,2,1,0,3,3,1,2,1,0,0,2,1,3,1,3,3,1,2,0,0,0,4,3,1,1,1,1,2,1,2,4,2,2,2,2,0,4,1,0,0,2,0,3,0,1,4,1,2,0,3,2,2,2,2,0,0,1,4,1,1,0,2,6,1,1,2,1,1,2,1,1,0,4,2,0,1,0,2,4,1,4,1,3,1,3,3,2,1,7,2,2,2,1,2,3,2,3,2,0,6,0,3,0,0,1,1,1,0,3,0,3,4,2,3,2,0,1,0,4,2,3,1,1,1,3,4,6,2,2,3,2,3,0,1,2,2,1,0,4,4,2,0,0,3,1,1,0,0,2,2,1,1,0,1,2,0,4,2,3,1,1,2,3,0,3,3,1,2,1,5,2,1,2,3,2,5,2,2,1,4,1,0,0,2,2,2,2,2,2,3,2,2,2,2,0,3,0,0,1,1,1,1,2,2,0,3,2,1,2,1,2
donor_03_cell_001,0,0,1,2,1,3,4,10,2,4,5,6,2,5,2,0,2,1,1,2,2,0,3,0,0,2,1,2,0,0,1,2,3,0,1,1,1,2,1,0,0,1,5,0,2,3,2,2,1,1,0,1,2,2,1,4,2,3,0,0,3,1,1,2,3,1,5,3,2,1,1,3,1,1,0,0,3,8,0,1,2,0,1,2,0,4,1,2,2,3,1,5,2,2,0,1,4,0,1,5,2,2,0,3,2,2,4,0,0,1,2,0,0,1,0,2,4,2,0,0,3,1,3,1,0,2,3,0,3,0,0,2,4,2,1,0,0,3,3,3,0,0,0,2,2,2,0,4,0,1,2,3,2,1,1,4,1,2,2,2,0,6,0,2,1,1,3,1,1,2,1,4,2,3,0,1,1,3,4,4,2,1,3,0,1,1,2,1,2,1,0,1,0,2,3,2,1,0,2,1,1,0,1,2,2,0,2,2,1,1,1,2,0,1,1,3,0,1,1,4,0,3,2,0,0,0,0,2,1,1,0,0,0,1,2,5,4,3,1,1,4,3,1,3,2,4,0,3,2,3,0,5,1,2,1,0,1,2,3,1,0,3,0,1,5,0,3,0,1,1,1,2,0,3,1,0,2,1,4,3,0,1,1,5,2,2,0,1,3,0,1,0,4,0,1,3,2,4,2,1
donor_03_cell_002,0,0,3,3,0,2,3,6,2,2,1,5,3,0,0,0,1,0,1,0,3,2,1,1,1,0,2,2,1,6,1,3,0,2,1,0,0,4,0,4,2,1,0,2,2,1,0,0,2,1,3,0,0,0,4,1,1,1,0,3,1,1,1,2,0,1,0,1,1,2,0,2,4,1,1,0,1,0,2,1,4,1,1,0,0,1,1,0,0,2,1,1,0,1,0,2,3,1,1,2,2,1,0,2,3,0,0,1,1,5,4,0,0,1,2,1,0,0,0,2,3,3,0,0,2,1,1,0,2,3,1,0,1,0,1,0,4,1,1,0,2,1,1,2,2,0,0,0,0,0,0,0,0,1,1,1,1,3,1,2,1,1,3,0,1,1,2,3,1,2,1,3,0,2,0,0,1,3,3,2,2,5,1,3,2,1,1,0,1,0,1,2,0,1,0,3,1,0,1,0,1,6,1,1,2,0,1,2,2,1,1,0,0,3,1,0,1,1,2,1,1,2,2,0,0,2,0,2,1,1,1,1,2,0,2,1,1,2,2,0,0,1,2,1,1,2,1,0,2,1,0,2,2,1,1,1,2,1,0,2,1,2,1,3,2,1,1,1,0,1,0,2,0,0,1,1,2,3,6,2,0,1,1,0,2,1,0,1,0,0,2,2,4,1,2,5,2,2,0,1
donor_03_cell_003,0,1,7,0,1,1,8,3,1,3,3,14,1,2,0,0,0,0,3,2,3,0,3,3,2,2,0,3,1,3,1,1,0,0,4,0,1,1,1,3,2,1,2,1,1,1,2,1,2,2,1,0,5,2,1,3,1,2,0,0,1,0,1,1,3,2,1,0,1,2,1,0,1,3,1,0,4,1,0,2,4,2,3,0,1,0,0,2,0,2,0,1,2,5,0,4,1,0,0,3,0,3,2,3,1,2,1,0,0,1,3,0,3,1,1,1,4,2,1,2,2,1,0,1,0,3,1,1,1,4,0,2,3,1,1,2,4,1,4,2,1,1,1,2,0,1,1,0,3,2,1,5,0,3,0,4,1,4,0,3,0,2,2,0,2,2,1,3,2,2,3,0,1,2,1,1,1,1,1,0,2,2,0,2,0,2,0,1,2,2,0,3,3,2,0,0,2,2,1,0,2,3,0,4,0,1,1,3,2,1,3,1,2,4,2,1,3,0,4,0,2,1,0,3,0,0,1,1,0,2,2,1,2,3,0,2,4,3,0,0,3,1,1,3,3,4,1,3,1,0,0,0,1,0,0,1,3,0,0,1,0,2,2,1,5,1,0,2,1,1,0,0,0,0,1,1,2,2,5,4,0,0,3,0,2,1,3,0,3,2,0,0,5,0,4,2,3,0,4,1
donor_03_cell_004,0,0,1,0,1,5,14,7,4,4,0,10,5,2,3,0,1,0,1,3,1,2,4,3,4,2,4,1,2,2,1,2,3,0,3,1,0,2,1,3,4,3,0,0,3,2,5,2,0,2,0,0,1,0,3,2,1,0,0,1,3,3,2,3,0,2,0,1,2,3,0,1,1,2,1,1,1,0,0,4,4,2,0,3,0,1,3,2,0,2,0,3,0,1,2,3,0,0,1,4,0,3,3,5,1,2,1,0,1,3,2,0,1,1,2,1,0,2,4,0,3,2,0,4,0,0,1,1,0,0,1,3,3,0,2,2,3,2,6,0,1,0,1,2,2,0,2,4,1,0,1,1,0,2,0,3,2,2,4,4,0,2,1,1,2,0,1,2,0,1,1,2,1,2,1,0,2,3,1,3,3,2,4,1,3,4,0,1,3,0,0,0,2,1,1,1,1,0,1,0,2,4,1,1,0,0,2,2,0,3,1,4,2,3,4,2,0,0,2,1,2,2,5,3,3,1,1,2,2,1,2,1,2,1,2,2,0,4,0,2,1,1,0,2,3,4,4,2,1,0,3,0,2,1,1,2,1,1,1,0,1,2,0,2,1,1,1,1,0,0,0,1,0,3,2,3,1,5,3,3,0,1,1,0,2,0,1,2,1,0,2,1,3,0,1,2,7,1,1,2
donor_03_cell_005,0,0,3,0,0,2,3,4,3,5,4,6,1,4,2,3,0,2,3,1,2,0,2,3,1,0,0,1,2,3,2,3,1,1,1,0,0,3,5,2,2,6,3,1,1,2,1,0,2,2,2,0,1,1,4,2,3,0,1,2,1,1,1,5,1,0,1,0,2,3,0,2,0,4,1,1,1,5,3,2,0,3,2,0,0,2,3,0,3,0,1,1,1,2,3,0,0,0,3,2,4,2,2,5,3,2,1,1,1,3,1,1,1,0,0,3,1,1,1,1,0,3,0,1,0,1,1,1,2,2,2,1,3,1,4,0,2,0,1,0,0,2,2,2,1,1,1,0,1,1,2,4,1,0,0,1,1,1,2,1,1,1,2,0,1,0,2,1,2,2,1,1,3,2,2,1,0,0,3,3,0,1,0,1,0,1,0,1,2,0,0,1,1,1,2,0,1,0,0,1,2,3,2,3,3,2,1,3,1,1,1,4,2,3,3,3,1,0,2,1,0,3,2,4,2,3,3,1,2,1,1,1,1,2,1,1,1,3,0,0,0,2,2,1,3,0,4,0,2,2,0,3,0,0,0,1,0,1,0,1,0,2,1,2,2,0,1,0,4,0,0,3,2,2,4,1,0,0,2,0,0,1,1,0,2,4,0,1,4,1,0,2,2,1,2,0,0,4,3,1
donor_03_cell_006,2,0,1,3,1,3,4,5,1,3,6,7,3,3,2,0,1,1,2,1,1,3,1,4,1,2,1,2,2,3,1,6,0,3,4,4,0,4,1,2,1,3,1,1,2,0,1,1,2,0,1,0,2,1,3,0,1,1,2,1,2,0,1,2,2,4,2,2,1,1,1,0,1,4,0,0,1,2,0,3,3,1,3,2,0,0,1,0,1,3,2,2,1,1,3,4,2,0,0,2,3,2,1,4,4,1,2,1,1,1,4,1,1,0,0,4,0,3,3,2,5,2,1,1,2,2,1,2,1,2,1,3,0,2,2,0,3,4,1,0,2,1,0,4,3,3,2,3,2,0,0,2,2,1,2,1,3,0,3,1,1,1,0,1,1,2,1,1,1,1,2,1,3,1,0,0,2,5,2,4,2,2,2,0,3,4,2,3,2,3,3,0,0,1,1,0,0,1,0,0,0,1,1,4,0,1,0,2,0,4,2,0,0,5,1,1,0,0,1,0,0,1,2,0,0,5,0,1,3,1,0,2,2,1,1,2,0,3,2,2,3,1,0,3,2,2,2,1,1,1,2,1,4,0,1,1,1,1,0,1,1,3,0,1,3,2,0,0,1,0,1,1,3,1,5,1,3,3,3,5,0,2,0,1,3,2,0,0,2,0,1,2,1,2,2,0,3,2,2,0
donor_03_cell_007,0,1,1,1,0,3,2,5,2,4,3,5,2,2,0,0,0,1,0,2,1,2,4,1,4,3,1,1,0,2,3,4,1,4,1,1,2,3,1,1,0,2,0,2,1,1,1,1,1,2,3,1,2,2,5,1,1,2,0,1,1,4,0,4,2,2,3,0,2,2,3,2,1,3,0,1,1,3,2,3,2,1,0,2,3,0,1,1,3,1,1,1,2,3,0,2,1,1,2,3,3,2,0,0,4,2,1,0,1,0,3,1,1,5,2,2,1,3,1,2,2,2,1,1,3,3,2,1,2,2,2,3,3,2,3,0,3,1,5,1,3,3,2,4,3,2,1,2,1,3,1,2,1,2,2,1,0,0,3,0,0,2,0,0,1,0,2,2,2,3,0,0,1,2,2,2,1,4,4,1,2,3,3,0,1,2,1,0,1,1,1,0,1,1,3,0,1,1,0,1,2,1,0,2,0,0,0,1,1,1,2,0,0,5,4,1,2,0,5,0,1,2,1,0,2,1,2,1,2,1,1,1,5,2,0,5,5,1,0,0,1,1,2,2,2,2,3,0,2,2,0,1,0,0,1,3,1,3,0,2,2,1,0,1,0,1,0,0,2,1,1,0,1,1,1,1,2,2,1,4,0,3,3,1,2,1,1,0,3,1,3,1,3,2,3,1,5,1,2,4
donor_03_cell_008,1,0,3,2,2,3,7,4,3,7,1,2,4,1,1,1,3,0,3,1,5,3,2,4,3,0,2,1,1,0,4,4,1,1,1,4,0,2,1,4,1,1,0,1,2,3,3,1,1,1,0,1,1,1,2,3,4,4,0,1,0,1,2,4,2,5,2,1,0,0,2,1,1,1,0,1,2,1,3,2,3,0,1,1,2,0,0,1,0,0,1,4,2,0,3,2,1,0,2,2,1,4,3,3,1,0,0,0,0,4,0,5,3,1,0,4,0,2,4,5,4,8,0,3,0,3,1,1,1,4,0,5,2,1,1,1,1,0,2,2,1,2,3,1,2,0,6,4,0,0,1,4,0,1,1,3,1,1,0,3,2,2,1,0,1,2,1,3,0,3,1,3,3,3,3,2,3,1,5,3,1,3,1,0,2,1,0,2,3,3,2,0,0,0,2,1,1,1,2,0,3,2,4,1,2,1,0,2,1,1,1,2,2,4,1,1,0,2,4,1,1,6,4,3,0,2,1,1,0,0,2,0,5,3,2,1,1,2,2,0,2,2,0,1,3,2,2,4,2,2,1,1,3,2,1,3,2,1,1,0,0,0,2,1,3,1,1,0,2,2,0,1,1,4,3,5,2,2,3,3,2,1,0,2,2,3,0,1,1,2,4,1,7,1,0,2,6,1,2,4
donor_03_cell_009,1,0,0,1,1,2,4,3,0,8,3,5,1,1,1,4,3,1,5,0,1,1,5,3,5,2,3,1,1,3,1,1,1,1,3,2,0,1,0,2,2,3,5,1,2,2,3,1,1,1,1,3,0,3,2,1,1,1,0,1,1,2,3,1,1,2,4,0,0,1,0,3,1,3,1,1,3,2,3,0,1,3,1,1,1,1,4,0,0,3,0,2,2,0,0,5,1,1,0,3,4,1,0,1,2,4,2,2,1,4,1,2,2,4,0,1,0,4,3,1,1,2,2,1,2,3,3,0,0,3,1,4,0,0,4,2,4,4,0,0,2,0,3,0,3,0,1,5,3,0,2,2,0,2,2,2,1,3,1,2,1,1,1,0,2,2,0,1,1,1,2,1,0,3,1,0,0,1,1,1,2,2,0,2,4,1,2,1,2,0,6,1,0,2,1,0,2,1,0,0,0,3,1,1,1,3,2,1,3,1,3,0,0,5,2,0,0,3,1,3,0,1,4,1,1,1,0,1,1,2,2,2,1,1,0,3,0,3,0,0,1,2,0,3,3,5,0,0,0,1,2,1,0,0,0,1,1,1,0,0,1,2,0,2,1,0,1,0,0,0,2,1,2,1,2,1,0,3,2,1,0,0,2,0,2,3,0,4,0,2,2,1,3,0,2,2,4,3,3,2
donor_03_cell_010,0,1,0,1,0,2,10,9,3,8,3,11,3,5,2,2,0,1,1,1,4,3,3,2,0,1,3,3,0,3,5,6,4,1,1,2,0,4,1,1,3,2,2,3,3,1,1,0,3,1,0,2,1,6,2,3,4,2,0,3,3,2,2,1,1,0,0,2,1,3,2,1,2,2,0,0,1,1,2,4,1,1,1,1,2,3,2,1,0,4,2,0,0,2,1,1,1,2,1,8,3,3,3,3,1,2,6,3,0,2,4,2,1,3,1,2,1,4,3,0,3,3,3,2,0,2,2,2,2,2,1,3,1,2,2,2,0,1,2,0,0,2,0,5,2,0,1,2,0,2,1,2,0,0,2,4,1,1,2,2,1,1,3,1,2,6,2,3,3,1,2,2,1,3,3,0,2,5,3,3,7,1,1,2,7,2,1,1,2,0,3,0,2,4,1,0,1,2,0,3,2,1,2,1,2,5,0,3,0,3,1,0,1,3,1,1,1,0,3,4,0,2,2,2,2,0,1,4,2,1,0,0,1,3,3,3,2,1,0,1,5,3,0,1,3,1,0,2,3,1,0,1,1,1,2,1,0,2,0,1,3,2,1,0,1,2,1,0,2,0,2,0,0,4,1,1,1,3,3,4,0,1,0,4,2,2,1,3,6,0,4,1,2,2,3,3,3,3,3,4
donor_03_cell_011,0,1,4,1,2,3,9,9,5,3,2,10,4,1,3,2,0,0,4,0,3,4,4,0,0,0,1,0,0,3,0,3,1,5,2,1,1,5,1,2,0,1,1,2,1,5,1,0,3,3,0,0,1,1,0,1,1,3,0,0,3,3,2,3,2,1,1,0,0,1,0,1,1,1,1,0,4,5,1,4,3,2,1,0,0,4,2,0,4,1,0,1,2,2,1,3,2,0,0,3,2,1,1,3,0,0,1,0,0,3,1,1,4,2,0,5,2,3,1,2,4,4,0,1,1,0,2,2,1,1,2,3,4,4,0,0,3,0,5,1,1,0,3,0,4,3,0,2,3,0,3,4,0,0,0,2,1,3,1,1,1,1,2,1,1,0,1,4,0,3,2,2,2,1,0,0,5,3,3,1,1,1,1,2,1,1,0,0,1,0,2,2,0,1,3,1,1,3,0,1,2,5,0,1,1,1,1,4,3,0,2,2,2,3,2,2,2,0,7,1,2,2,2,5,0,2,1,2,0,0,0,3,1,4,3,0,1,2,1,1,3,2,1,2,2,3,3,0,1,0,0,2,1,0,1,3,4,0,1,1,0,1,4,0,3,1,1,0,4,0,3,2,0,6,2,2,3,2,6,2,1,1,4,2,0,2,0,1,0,3,1,1,3,0,0,4,5,2,4,1
donor_03_cell_012,0,0,2,2,4,2,11,6,7,8,3,6,1,2,5,3,2,1,1,2,2,3,5,3,5,0,5,2,0,1,2,3,1,0,0,0,5,6,1,5,2,2,4,2,2,1,1,0,3,2,0,1,2,1,1,4,1,0,0,1,1,1,1,2,3,5,1,4,3,2,2,1,3,2,0,1,1,1,1,7,5,0,2,0,0,1,1,0,3,0,2,4,1,1,2,3,4,2,0,6,4,3,1,3,0,1,1,1,0,1,4,2,2,2,1,2,2,6,0,0,2,3,1,0,1,2,0,1,0,3,0,4,3,2,2,3,7,3,2,0,2,1,1,2,2,4,2,2,1,3,3,2,3,0,0,3,3,1,2,0,2,1,1,0,1,2,4,5,0,3,0,1,3,1,3,0,2,3,2,1,4,4,0,1,2,0,3,3,1,2,2,1,1,0,3,0,2,1,1,2,2,2,2,0,3,1,2,2,1,2,1,4,1,3,4,2,1,1,0,1,3,2,2,3,0,5,3,2,3,1,2,5,5,1,3,3,1,5,1,2,2,1,3,0,1,1,1,2,0,3,3,4,4,1,1,4,9,1,0,1,2,5,2,0,4,2,1,2,1,1,1,2,1,5,1,5,1,1,4,1,2,3,4,1,2,3,0,0,1,3,5,1,5,2,1,3,1,2,2,0
donor_03_cell_013,1,0,0,0,0,1,5,8,6,3,3,9,1,3,1,0,1,0,4,1,1,1,3,1,5,1,3,1,0,2,1,1,2,4,2,2,0,1,1,7,1,1,0,1,5,5,4,2,1,1,1,0,2,6,0,3,3,2,1,1,5,3,3,4,1,1,2,1,1,0,0,0,4,3,1,2,0,1,2,0,1,1,2,3,0,2,0,3,1,0,1,2,2,3,1,0,2,0,2,3,4,2,1,3,0,4,1,0,2,1,3,1,1,1,2,2,3,4,0,3,2,1,1,2,3,2,1,1,1,0,2,0,1,2,2,2,3,2,3,1,0,0,1,3,1,1,2,3,3,1,2,3,1,4,0,0,2,2,2,0,3,1,2,1,1,2,2,3,0,2,0,0,3,5,1,0,2,3,3,1,5,4,1,1,2,1,0,1,1,0,0,0,3,4,0,3,1,1,1,0,2,6,0,0,1,1,1,4,1,2,0,3,1,6,1,3,0,0,3,1,1,1,2,5,1,0,2,0,2,0,0,0,1,2,1,1,0,1,0,0,2,2,1,2,3,2,5,1,1,0,2,2,6,0,1,3,4,2,1,3,2,5,3,1,1,3,1,1,1,1,1,0,0,2,4,0,0,1,4,0,2,0,0,3,3,1,0,3,2,0,2,1,1,1,4,3,1,4,1,1
donor_03_cell_014,1,0,0,2,0,1,9,8,3,10,3,6,2,3,1,2,2,0,0,1,1,4,3,1,3,3,3,0,0,0,5,2,2,4,1,2,1,3,0,4,0,4,1,1,5,1,2,0,2,1,2,1,2,6,4,5,1,1,0,0,1,2,3,2,4,2,2,1,1,2,1,0,3,0,0,4,1,3,2,2,0,5,3,0,0,0,1,1,2,2,1,2,1,1,2,1,0,1,0,3,2,3,1,2,3,0,1,0,3,0,3,0,2,0,1,2,2,2,0,3,2,3,0,5,0,6,1,0,2,2,1,2,1,0,1,1,3,1,7,2,2,0,1,2,1,1,0,5,0,0,3,3,0,1,1,2,1,0,2,2,0,4,0,1,3,4,1,3,0,2,0,3,1,0,1,0,3,1,1,6,1,2,2,1,1,1,1,1,2,2,0,1,0,1,3,1,2,5,1,3,3,3,2,0,1,0,1,2,0,0,4,0,1,1,1,3,3,2,5,2,2,2,3,4,0,4,0,1,3,0,2,0,3,2,5,1,3,3,2,0,1,2,3,3,1,2,3,0,1,0,1,2,2,0,0,2,2,2,1,1,0,4,3,2,1,0,1,0,3,1,0,0,0,2,3,2,0,1,0,1,4,2,2,1,0,1,3,0,2,0,1,0,4,0,2,1,4,1,3,3
donor_03_cell_015,0,0,2,5,0,0,4,5,5,4,4,7,1,1,2,0,1,0,2,1,1,0,3,4,1,0,1,2,1,1,3,5,1,3,1,2,2,2,0,4,2,3,3,2,2,1,1,1,4,2,1,2,1,2,4,3,1,5,2,1,2,2,3,2,0,2,3,2,1,1,1,3,4,0,1,0,3,2,0,1,0,3,2,0,0,3,4,0,3,2,1,3,1,1,3,2,1,1,1,2,2,3,0,6,3,1,2,2,1,2,2,1,1,3,1,3,2,5,2,2,1,1,0,1,1,1,2,0,3,1,1,2,1,1,3,1,1,0,3,1,1,6,2,3,4,0,4,2,4,1,1,3,0,1,1,3,0,3,5,2,1,3,0,0,0,4,4,2,3,4,2,4,2,3,0,1,0,4,1,6,0,3,2,0,3,1,1,0,3,0,4,5,0,4,1,1,3,2,2,0,1,3,3,0,1,1,0,3,1,0,4,3,3,2,2,2,4,1,2,1,0,1,5,7,2,1,0,0,1,2,0,0,4,2,3,1,1,7,0,3,2,0,0,1,2,5,4,2,2,2,1,2,2,3,2,1,0,2,0,2,1,3,1,1,0,1,1,3,1,1,2,1,3,1,0,1,1,0,1,2,0,1,2,1,1,3,1,1,1,0,7,0,2,1,3,1,2,1,5,0
donor_03_cell_016,0,0,0,4,1,1,5,4,2,7,5,11,3,0,1,1,2,1,4,3,3,0,4,0,1,2,1,3,0,3,2,3,2,2,2,0,0,2,1,4,1,1,2,3,3,6,0,4,3,1,3,2,1,2,0,2,2,1,0,0,3,1,3,5,4,2,2,1,0,2,4,4,3,1,0,0,3,1,2,3,8,4,4,2,0,0,1,1,1,1,0,3,2,0,2,1,1,1,2,6,6,2,2,5,4,2,4,2,0,2,1,3,4,1,2,3,4,1,2,4,2,0,1,3,0,1,1,0,0,6,3,1,4,2,3,0,0,2,1,0,1,1,3,4,3,3,2,0,0,1,2,6,2,3,1,1,1,3,2,1,0,2,1,0,0,3,1,0,1,3,0,0,0,1,0,0,3,3,3,1,3,1,2,1,2,3,0,0,3,1,1,3,0,5,0,0,0,1,3,1,3,2,1,1,1,1,1,0,1,2,3,1,3,1,0,1,2,2,4,2,4,4,3,0,1,0,2,1,2,0,3,1,4,4,1,1,3,6,0,0,5,4,1,5,1,1,2,1,0,2,0,8,5,2,0,0,0,0,2,2,1,1,0,3,1,0,1,1,3,1,1,1,4,3,6,1,0,0,0,3,2,0,0,0,1,3,0,2,2,4,3,2,3,0,4,3,4,3,0,0
donor_03_cell_017,0,1,2,3,0,4,5,10,4,8,3,10,2,0,1,1,2,1,1,4,1,3,1,4,2,0,5,1,3,1,5,3,2,3,1,3,1,1,1,3,1,4,1,1,3,2,2,1,1,1,2,2,5,2,5,4,1,1,1,0,1,1,4,6,3,1,0,2,0,2,1,1,6,1,1,2,3,2,0,0,1,2,3,0,1,1,7,3,3,2,1,2,2,3,0,2,1,1,1,3,2,0,1,4,1,1,2,2,2,1,1,2,1,4,2,5,1,2,1,3,4,0,2,0,0,3,0,1,1,5,0,3,2,2,4,0,9,0,1,0,0,0,1,4,2,1,0,3,2,0,0,2,0,1,1,4,3,0,3,3,1,2,0,0,3,0,3,2,1,5,1,1,4,2,1,0,4,2,3,2,1,2,1,0,1,3,2,0,2,1,1,0,0,4,1,1,3,2,1,3,3,1,4,1,1,2,1,4,0,2,1,1,1,1,2,2,2,0,4,3,1,3,2,5,1,3,2,3,2,1,1,1,1,1,1,3,0,2,0,1,2,3,2,2,1,1,5,1,1,0,2,3,6,4,2,1,5,1,2,3,1,3,1,1,4,2,3,0,1,1,1,1,3,1,4,1,1,0,2,2,1,1,3,2,2,3,2,0,3,0,2,4,0,2,6,1,6,0,2,1
donor_03_cell_018,2,0,0,1,1,1,7,4,2,6,4,9,2,0,2,4,0,2,2,0,5,1,3,4,5,2,0,1,2,1,0,4,0,1,1,0,1,1,2,0,0,0,1,2,3,1,1,0,5,0,4,2,2,0,0,2,4,4,0,0,4,0,4,1,1,0,3,1,0,2,0,0,0,2,0,1,0,2,2,2,1,3,0,2,0,2,3,0,1,0,2,4,1,2,1,0,4,2,0,4,1,2,1,4,1,5,1,3,1,1,2,0,0,1,1,7,3,0,2,2,1,1,0,3,1,2,2,1,0,5,1,3,2,1,3,0,1,0,4,2,2,0,1,0,3,3,0,2,1,2,2,4,1,2,2,5,0,2,1,3,2,3,1,0,3,1,0,2,2,0,2,0,2,4,1,0,1,4,2,1,2,5,2,2,7,2,0,1,4,1,2,0,1,3,0,1,1,1,0,1,3,3,2,0,1,2,0,4,0,1,1,1,4,1,3,0,2,1,2,2,2,0,1,6,2,3,0,3,1,2,2,0,6,5,2,1,0,3,2,0,0,2,2,7,0,5,1,2,1,1,1,7,3,3,3,1,4,0,2,2,0,2,0,4,1,2,0,0,0,2,0,3,0,2,0,2,0,0,2,2,1,0,3,1,2,2,2,2,2,1,3,1,4,0,2,3,2,2,6,5
donor_03_cell_019,0,2,1,1,0,2,3,9,0,6,7,9,2,3,1,2,2,0,2,1,2,1,3,4,1,0,4,0,1,1,1,1,0,0,3,1,1,3,1,1,1,5,3,1,2,0,1,0,0,1,0,1,2,1,2,4,3,1,2,2,0,1,1,2,3,2,2,0,0,1,1,1,5,0,0,4,2,2,5,2,0,1,0,0,1,0,5,1,1,0,1,5,3,3,5,3,1,0,2,3,3,0,1,1,0,1,0,3,0,1,0,1,0,3,1,2,2,2,2,1,2,1,0,1,0,1,2,1,2,2,2,4,2,2,1,1,4,2,3,0,1,1,2,0,1,1,0,3,3,1,4,0,0,2,2,2,2,4,0,1,0,4,3,0,2,1,5,1,2,0,0,4,3,6,1,0,4,3,2,2,1,1,1,0,3,0,0,0,2,1,2,2,0,1,0,0,3,2,0,0,0,1,1,0,1,1,3,2,0,1,5,2,2,0,4,4,1,2,8,0,2,1,1,1,1,3,0,4,1,0,1,2,2,0,5,2,0,1,0,1,0,0,1,2,4,1,1,2,1,2,0,7,3,2,1,1,1,2,1,0,1,2,6,1,2,0,2,0,1,0,0,1,0,1,1,0,2,3,1,0,0,3,0,1,2,2,1,3,1,1,3,1,2,1,2,3,3,5,1,1
donor_03_cell_020,1,0,4,2,0,2,8,3,4,7,3,12,3,2,1,1,0,1,2,7,0,1,4,2,1,2,0,1,1,5,1,2,2,1,1,0,0,1,0,1,2,2,4,2,6,2,2,3,4,3,1,1,5,4,3,3,3,1,0,0,1,0,3,3,3,2,2,2,1,1,1,1,3,1,2,0,1,2,1,3,0,2,2,3,1,1,3,5,2,1,2,2,3,3,2,3,0,0,4,4,1,1,1,2,1,2,3,0,2,4,1,1,0,5,0,1,4,1,0,4,4,2,2,3,4,0,2,0,1,2,1,1,2,2,0,2,1,4,1,1,1,3,0,1,0,1,3,1,3,1,2,2,0,1,1,4,0,0,1,7,1,1,2,1,2,1,1,0,1,2,2,3,0,0,1,0,3,4,0,2,4,2,1,1,7,4,1,0,1,0,3,2,2,2,0,5,1,1,1,2,5,2,1,0,0,0,1,1,1,1,2,1,1,2,1,3,1,1,1,0,1,0,1,4,0,2,2,2,1,0,2,2,1,1,3,1,0,2,2,0,5,2,3,2,1,4,3,1,1,0,2,1,3,1,0,4,5,0,1,2,2,2,0,0,1,2,0,1,2,1,0,1,1,0,1,2,0,2,3,1,3,1,3,4,2,0,1,1,2,1,1,0,2,1,2,4,2,3,2,3
donor_03_cell_021,0,0,1,4,0,4,11,9,5,5,5,7,2,5,1,6,0,0,1,2,2,2,7,5,0,1,1,0,2,5,3,3,4,1,2,0,1,1,2,2,2,3,0,4,4,3,4,2,4,1,0,1,6,1,1,2,3,0,1,1,3,0,4,2,2,2,1,0,0,0,0,1,1,1,1,2,2,6,4,0,2,1,3,0,0,0,4,1,0,3,2,5,0,2,0,4,2,1,0,1,1,2,0,4,1,2,1,0,2,2,1,1,1,4,0,3,3,4,0,3,3,2,4,3,0,1,1,0,4,1,4,0,4,4,1,2,1,2,1,2,3,2,2,1,1,1,3,3,0,2,5,3,0,1,0,6,0,3,1,3,0,5,1,0,3,2,1,0,1,4,2,2,3,2,0,0,2,3,4,2,4,0,0,2,1,1,2,2,2,0,0,2,0,4,1,3,4,3,2,0,1,1,3,1,1,1,2,2,4,1,1,2,0,3,1,4,1,1,5,3,2,2,4,3,0,2,1,0,0,1,0,1,7,2,3,4,1,2,2,2,2,4,1,3,5,2,3,2,2,1,0,1,4,1,3,2,2,0,1,3,2,1,2,0,2,4,3,6,3,1,1,2,1,2,6,2,4,0,3,6,1,2,2,1,0,1,0,1,1,2,1,3,3,0,3,7,1,2,3,2
donor_03_cell_022,0,0,1,4,0,3,5,4,4,1,3,6,0,4,1,0,2,1,0,2,2,1,2,1,4,2,1,0,1,1,1,0,1,2,0,0,1,3,1,0,1,1,0,1,3,2,1,0,0,0,1,0,2,3,0,2,3,0,0,1,0,1,0,4,1,2,1,3,1,0,1,2,2,0,0,0,1,1,1,1,2,4,0,1,0,0,5,2,0,2,1,2,2,1,1,4,1,1,1,1,0,2,0,1,1,1,1,1,0,3,4,1,1,3,0,1,2,2,2,0,0,1,0,2,2,4,2,1,1,1,0,3,1,0,2,3,3,3,1,0,1,0,0,0,2,1,2,3,2,1,2,2,0,3,0,2,1,1,1,1,0,2,1,0,0,2,2,0,1,5,1,1,0,3,1,0,2,3,1,1,0,2,3,3,1,2,2,1,0,1,0,1,0,2,1,0,2,0,1,1,1,1,1,0,1,1,0,1,1,1,2,0,1,4,0,2,2,0,4,0,0,1,4,1,1,0,1,1,2,0,0,2,2,1,1,2,2,0,1,1,6,1,0,3,0,2,0,0,0,2,3,2,2,1,0,4,1,1,0,0,0,2,1,0,2,3,1,0,0,0,1,0,2,2,1,1,0,1,1,4,1,1,3,0,0,1,2,2,1,0,1,0,1,4,0,1,3,1,3,4
donor_03_cell_023,0,0,3,1,0,5,3,7,1,10,3,5,2,1,1,1,2,1,1,1,3,2,0,2,1,1,2,1,2,0,1,2,0,3,0,1,1,2,3,1,1,0,1,1,3,1,1,0,2,0,1,0,1,0,2,2,1,3,0,1,1,2,4,3,0,1,2,1,0,1,0,4,1,2,1,0,1,1,2,1,1,0,3,1,2,1,1,1,0,2,0,1,0,2,2,2,1,1,0,6,3,0,2,1,3,3,3,0,1,4,3,0,1,3,2,2,1,3,0,4,1,0,3,0,0,4,2,1,0,2,2,1,2,1,1,0,0,2,0,0,1,3,6,3,3,2,1,3,3,0,3,1,0,1,1,0,2,1,3,3,0,1,1,2,1,1,3,3,4,3,1,3,3,1,2,1,1,1,1,1,2,5,1,1,1,0,2,0,3,1,2,0,1,3,0,1,0,3,0,3,1,3,3,1,4,0,0,2,0,2,2,3,1,2,2,2,3,1,2,1,1,1,4,0,0,4,0,1,0,2,1,1,3,5,2,4,2,0,1,1,3,0,3,4,1,0,4,3,0,1,1,1,1,0,1,1,1,2,0,0,3,3,1,0,2,2,0,1,0,1,0,1,0,0,1,3,2,1,3,2,0,0,1,0,4,1,0,2,4,0,1,1,1,2,3,3,4,1,4,1
donor_03_cell_024,1,0,3,3,2,4,10,10,6,5,6,6,0,4,0,2,3,0,2,1,3,0,5,2,3,3,3,0,1,3,4,2,3,3,0,2,2,3,2,4,2,3,3,3,3,1,1,1,2,0,1,0,4,1,4,1,2,2,0,0,3,1,2,1,3,3,2,1,2,0,2,1,0,1,1,2,2,1,2,2,2,1,4,2,0,0,0,0,2,3,3,2,2,2,1,1,0,0,1,2,1,0,3,2,4,1,2,2,1,5,4,1,1,2,2,5,2,2,2,4,2,1,0,3,3,2,4,2,1,2,2,5,3,2,3,1,1,0,1,2,1,1,3,0,2,0,2,3,0,0,2,4,1,5,3,1,3,0,2,4,2,2,0,1,0,1,2,0,2,3,3,2,2,1,5,0,0,1,2,2,2,5,3,0,4,3,3,1,2,1,2,4,0,3,3,1,3,3,0,0,1,2,1,1,0,1,5,0,2,2,2,3,0,4,4,4,0,1,3,1,2,1,2,4,1,2,1,3,1,1,3,1,2,1,3,4,3,2,1,0,2,1,2,4,2,3,0,2,3,2,5,0,3,1,1,5,2,0,4,0,3,3,5,0,2,2,1,0,1,1,2,2,1,6,2,3,4,2,4,3,2,1,0,2,6,1,1,1,6,2,6,1,4,2,4,2,7,5,3,4
donor_03_cell_025,0,0,1,2,1,2,4,4,0,3,4,6,0,1,0,1,0,0,3,0,3,1,3,2,1,0,2,3,0,1,4,3,2,2,1,1,1,4,1,0,0,3,1,1,2,1,1,2,0,0,0,0,0,1,1,1,1,0,0,1,1,1,2,1,3,1,1,0,1,1,1,1,0,0,0,1,1,2,0,1,1,2,3,1,0,0,3,3,0,1,1,2,1,2,2,3,0,1,0,0,1,4,1,1,3,2,0,1,1,5,0,0,0,2,2,3,2,1,1,3,1,0,1,0,0,2,1,0,0,3,0,0,1,1,3,1,0,0,1,1,4,2,4,2,2,0,2,1,2,1,4,1,0,2,1,2,0,2,0,2,4,1,1,1,3,2,0,0,0,1,1,1,2,2,2,1,1,2,1,0,1,2,2,1,0,2,1,2,3,3,4,0,1,2,1,0,1,3,1,3,2,2,1,0,1,1,1,4,1,1,0,1,0,6,2,2,0,4,2,1,1,3,2,2,0,4,2,2,3,2,4,1,2,4,2,2,2,0,0,0,1,4,0,2,0,0,1,2,0,3,1,2,0,1,0,2,2,0,1,1,1,1,1,0,4,0,0,0,1,1,0,0,1,0,0,1,0,1,3,2,0,1,0,2,2,2,0,2,0,3,2,4,1,0,1,1,2,0,3,1
donor_03_cell_026,0,0,0,3,1,1,8,3,3,4,4,5,4,1,4,3,0,0,3,0,4,1,2,1,0,0,2,0,0,3,1,1,1,3,1,1,1,3,1,1,1,1,5,1,9,3,1,2,1,1,1,0,0,2,0,2,1,6,0,1,1,0,2,4,0,3,2,0,0,2,1,1,1,1,0,3,2,4,2,1,3,4,2,0,2,3,2,2,1,3,1,0,2,1,0,2,1,0,0,2,3,2,1,5,1,1,1,1,1,1,1,3,1,2,1,5,4,0,0,3,3,2,1,0,1,2,1,0,0,4,1,1,1,1,5,0,4,1,3,1,2,4,3,1,0,3,0,1,0,2,3,5,1,4,1,1,1,1,5,1,1,1,0,2,2,1,2,1,3,4,0,2,1,4,0,0,0,1,2,0,1,0,2,1,1,3,0,1,4,1,3,1,2,3,1,0,5,1,0,0,3,1,0,1,0,0,0,4,0,4,2,5,1,2,3,1,1,1,2,1,1,2,2,4,1,2,2,1,1,0,1,1,2,4,1,1,1,1,0,2,3,1,3,0,3,2,3,1,1,2,1,0,2,1,1,0,5,2,0,1,0,1,0,3,2,0,1,0,1,0,1,0,0,5,2,1,1,1,3,1,2,1,0,0,2,2,2,4,3,0,5,2,0,1,0,2,2,6,4,1
donor_03_cell_027,0,0,1,1,0,3,6,7,1,6,3,7,0,4,3,3,0,0,2,2,2,1,2,2,2,0,3,0,1,2,2,0,0,1,2,0,0,3,1,3,0,3,4,3,1,3,2,0,2,0,2,2,0,1,1,3,2,1,0,1,7,1,3,3,0,3,2,1,2,2,0,2,0,1,0,0,1,0,4,0,3,2,2,0,0,0,3,1,1,0,0,1,2,2,1,1,3,1,1,1,1,4,1,1,4,3,2,1,0,2,2,2,2,2,1,2,3,2,1,2,0,1,2,1,1,2,0,1,3,1,1,5,2,1,4,1,2,3,2,0,2,3,4,0,4,1,4,3,0,2,1,4,1,1,1,2,0,1,3,0,0,3,2,1,0,2,4,3,1,2,2,2,1,5,1,2,3,1,5,0,2,2,1,3,0,1,1,1,4,2,2,0,0,4,2,0,0,1,0,4,1,5,2,2,0,0,2,3,0,1,3,1,3,3,2,1,0,0,1,3,0,3,5,1,1,5,1,0,1,1,2,0,3,2,2,0,2,1,0,1,1,1,0,0,1,2,2,1,1,3,1,1,1,1,0,3,3,0,0,2,1,2,3,1,1,3,2,0,3,0,1,1,3,3,2,2,2,2,0,1,2,1,0,2,3,1,0,0,2,3,5,1,5,0,4,1,1,3,1,0
donor_03_cell_028,1,0,2,4,2,1,5,5,0,5,3,5,3,2,1,2,2,0,3,2,2,4,3,1,3,0,0,0,0,3,2,3,0,0,0,2,0,1,1,5,1,1,0,3,5,1,1,1,0,0,2,0,3,0,5,3,2,0,1,2,3,1,1,4,0,0,0,1,1,0,2,1,1,1,0,0,0,0,3,4,0,0,3,0,0,1,0,3,1,2,1,2,2,3,3,1,0,0,1,1,2,2,1,3,1,1,2,0,1,2,0,1,1,3,0,1,4,0,1,0,4,4,2,4,1,0,0,1,3,1,1,3,0,2,0,1,5,1,4,1,5,1,3,0,1,2,1,1,5,0,5,4,0,1,2,1,2,2,2,4,2,2,3,0,0,4,1,3,4,6,0,0,3,0,2,0,3,2,5,1,3,0,2,1,1,3,0,1,4,3,2,7,1,1,1,1,0,1,0,1,3,3,1,2,0,2,0,1,0,1,0,1,1,3,1,2,1,0,2,0,2,0,3,2,3,1,2,0,3,1,3,1,3,2,0,2,2,1,1,1,1,0,0,1,2,2,2,1,0,0,0,4,0,0,1,3,3,1,0,2,0,3,2,0,3,0,0,2,1,1,0,0,2,3,3,2,1,1,1,0,0,1,0,1,1,1,1,3,3,1,1,3,1,2,2,5,4,3,3,0
donor_03_cell_029,1,0,3,3,0,4,5,6,3,4,3,3,5,0,1,1,0,2,1,3,1,2,1,0,0,3,3,0,0,0,1,1,2,0,1,0,1,1,2,3,3,2,4,1,6,2,0,1,2,0,0,2,4,0,3,4,2,1,3,1,0,1,3,2,0,1,1,1,1,1,1,3,6,1,0,1,1,0,0,1,0,0,3,0,0,0,3,0,1,2,0,0,1,1,0,4,3,1,0,1,6,0,0,1,1,4,2,0,0,0,0,1,1,2,1,2,2,1,2,4,1,4,2,1,0,3,1,2,4,0,2,1,4,1,2,1,6,1,1,0,1,2,2,1,0,1,1,3,1,0,1,3,1,0,3,1,6,1,3,3,1,0,2,0,1,2,2,0,1,3,1,1,0,4,0,0,2,2,1,4,2,1,5,1,1,3,2,2,1,0,2,3,2,4,1,0,2,2,2,1,1,5,1,2,0,0,1,5,0,1,2,2,0,1,0,3,2,2,1,0,3,3,0,2,0,2,0,1,1,0,0,2,3,4,4,0,3,1,1,0,1,3,1,2,2,0,3,2,0,0,0,2,2,0,2,1,2,0,1,2,0,5,2,3,1,1,2,1,1,0,1,1,0,2,2,1,0,1,1,3,0,0,1,0,2,1,0,1,2,0,3,1,3,0,2,2,3,0,5,1
donor_03_cell_030,0,0,0,3,0,3,9,7,4,5,7,6,1,0,1,0,1,1,1,0,0,1,1,7,0,3,2,1,0,0,1,1,1,3,1,0,2,1,4,0,1,3,2,3,3,2,2,3,1,1,1,3,3,2,3,4,1,1,3,0,1,3,1,2,1,4,3,1,0,2,0,3,2,0,1,0,2,2,1,1,1,0,1,1,1,2,4,0,1,3,2,2,2,2,0,3,0,1,1,1,6,2,1,2,1,2,3,2,0,4,2,1,2,2,0,5,2,2,2,1,2,3,0,1,2,2,2,2,4,1,1,0,0,1,3,0,5,0,3,3,4,1,1,4,1,0,1,2,0,0,4,1,1,1,1,2,1,1,4,0,1,1,0,0,2,2,1,5,1,3,2,0,1,0,2,2,0,2,1,2,3,0,2,4,2,2,3,0,1,0,2,2,1,1,1,1,3,2,0,1,6,0,1,0,2,0,1,1,0,4,6,0,1,0,4,2,1,1,3,0,1,4,2,0,0,3,1,1,1,0,0,1,2,0,2,3,1,1,0,0,3,1,2,1,5,1,0,1,0,0,2,4,2,1,0,1,1,0,1,3,0,3,2,1,2,0,2,1,0,1,1,0,1,2,5,3,3,0,5,2,1,0,2,1,2,3,1,1,3,0,1,0,2,1,3,1,2,1,2,0
donor_03_cell_031,0,0,2,0,1,3,5,11,2,6,7,6,1,1,1,1,0,0,1,2,3,0,2,0,3,1,0,0,1,2,4,1,4,3,1,0,0,2,1,1,3,3,2,0,5,1,4,1,0,1,0,0,1,0,1,2,3,3,1,1,3,3,1,3,0,2,1,2,1,0,1,1,1,1,0,4,1,1,1,0,2,1,1,2,1,1,0,0,3,2,0,2,2,1,3,3,0,2,0,4,0,5,0,2,2,2,2,2,0,0,0,0,2,0,0,1,2,4,0,3,0,0,1,0,2,3,1,2,1,1,0,2,4,1,0,1,2,1,2,0,0,0,5,3,1,3,1,2,2,0,1,2,0,1,0,7,1,1,0,4,1,4,1,3,2,1,4,1,2,3,1,2,0,4,0,0,3,2,4,2,3,3,3,1,4,4,2,1,1,3,1,3,1,1,0,2,2,0,2,0,3,0,1,1,0,2,2,1,2,0,3,1,2,4,3,1,3,1,4,2,2,1,0,2,1,4,2,0,2,4,1,2,0,2,1,1,1,2,0,1,4,1,2,2,1,1,2,0,2,4,4,3,2,1,0,4,4,3,0,4,0,1,2,1,2,1,1,0,1,0,0,2,0,1,0,5,4,0,4,0,0,0,1,1,1,3,1,0,4,0,3,1,0,2,1,1,2,1,0,0
donor_03_cell_032,0,0,0,3,2,2,4,1,3,8,4,11,3,2,1,0,5,2,3,0,2,3,4,4,4,3,0,1,1,6,2,6,1,2,1,0,0,1,1,3,2,4,2,2,3,1,5,0,4,1,0,1,4,2,2,1,2,2,2,0,0,2,4,2,3,1,3,3,1,0,2,3,2,2,0,1,1,1,2,4,2,0,3,1,4,0,4,4,3,2,3,3,2,2,0,5,1,0,0,2,2,1,1,4,3,6,3,2,3,1,3,1,2,2,0,2,3,4,3,1,3,3,1,2,0,4,0,1,1,2,0,4,2,1,1,2,6,3,2,0,0,1,4,3,0,1,2,0,1,2,4,4,0,4,3,2,0,2,0,2,1,2,0,0,3,0,2,1,2,2,0,0,0,5,2,0,4,3,3,1,3,5,0,1,3,4,0,1,1,1,5,0,1,1,2,2,1,4,0,0,5,1,2,1,2,2,2,3,2,1,3,2,3,2,4,1,0,2,3,2,0,2,2,1,2,4,1,2,4,0,0,3,5,4,2,1,4,3,2,0,2,2,1,4,2,3,1,3,0,2,1,1,1,0,4,2,1,1,1,2,1,1,0,2,1,2,1,3,2,0,2,1,0,3,3,1,1,3,4,4,0,3,2,1,1,2,1,2,2,1,3,2,1,0,1,5,3,0,2,2
donor_03_cell_033,0,0,1,1,0,3,5,4,3,5,7,5,0,0,2,3,2,3,1,1,0,0,1,3,0,0,1,1,1,4,3,3,2,1,0,2,0,3,3,1,2,3,1,1,4,0,1,2,2,1,2,2,0,2,4,3,4,3,0,0,0,5,2,1,3,3,0,2,1,3,4,3,2,1,1,1,1,2,3,5,0,1,1,3,0,0,4,3,1,3,1,2,2,2,0,2,0,0,1,3,1,4,1,2,3,3,1,3,1,3,1,1,2,3,1,1,7,3,2,2,3,3,1,1,0,1,1,0,1,3,3,5,2,1,0,1,2,3,2,1,1,0,2,2,0,0,2,4,0,0,2,1,2,5,0,2,2,1,2,2,0,3,3,1,2,2,1,0,3,2,2,1,1,1,2,2,6,1,4,0,3,4,2,1,3,4,5,1,0,2,2,2,1,3,1,1,4,1,3,1,2,2,2,2,0,1,1,0,0,3,2,4,0,2,0,3,0,3,2,5,4,1,0,3,0,3,0,0,1,1,1,4,1,2,6,3,0,1,0,1,4,0,0,0,3,1,2,0,1,5,1,4,1,3,3,4,3,0,3,0,0,4,3,2,2,1,2,1,1,1,0,0,1,2,2,2,3,1,4,1,1,4,3,1,3,1,1,0,2,1,1,0,1,1,2,3,6,4,1,1
donor_03_cell_034,0,1,5,2,0,4,3,4,2,4,5,6,1,1,1,0,1,1,1,0,0,0,1,0,0,2,1,0,1,3,1,1,2,2,1,0,2,0,1,2,1,4,3,2,3,0,0,1,2,0,3,1,3,1,2,0,0,0,0,1,1,3,1,1,1,2,1,1,1,1,2,1,3,1,1,2,0,1,1,1,0,5,1,1,3,0,2,1,0,3,1,0,2,2,1,0,5,1,1,0,4,0,0,2,2,1,2,1,1,1,0,0,0,2,1,1,1,3,1,1,1,1,0,0,1,2,0,2,0,0,1,0,1,1,2,1,2,2,4,2,0,0,3,1,0,0,1,2,1,0,2,2,2,1,0,3,2,1,3,2,1,2,0,0,4,2,2,4,3,2,1,0,2,2,0,1,4,1,3,6,1,0,0,2,4,2,1,1,0,2,4,0,0,2,1,0,0,2,3,1,2,1,2,2,0,3,0,2,1,1,1,2,0,4,3,0,0,0,2,2,0,0,0,0,0,1,1,2,0,0,2,1,4,1,5,1,0,1,0,0,1,2,0,1,0,2,2,0,0,3,1,2,1,0,1,1,2,2,0,0,1,3,1,2,3,2,0,0,0,0,2,1,0,2,5,1,0,0,4,1,0,0,0,1,2,0,0,2,1,1,0,0,5,0,2,0,1,4,1,2
donor_04_cell_000,0,1,0,2,2,3,5,3,0,0,1,3,3,2,0,4,3,0,4,2,4,1,3,2,4,0,2,1,1,1,4,1,1,2,2,1,0,1,3,2,0,2,2,2,1,0,1,0,2,0,2,0,4,0,1,3,1,3,0,2,2,0,0,2,2,3,1,1,1,1,3,1,2,2,1,2,2,2,2,1,3,1,1,0,0,0,3,2,1,2,2,2,4,2,1,3,3,1,3,3,2,1,2,2,1,3,0,1,0,2,0,2,1,2,3,0,2,2,1,2,2,3,2,0,1,1,3,1,0,3,2,5,2,3,0,1,2,1,2,1,1,1,0,1,0,0,2,0,0,2,3,2,0,0,0,1,1,1,2,2,0,1,0,2,1,3,0,2,2,0,2,2,1,1,0,2,3,2,4,2,1,2,2,1,2,4,0,1,6,1,7,1,3,1,3,0,1,6,2,0,2,2,1,1,0,0,1,2,1,3,1,2,1,0,0,1,0,1,2,0,1,0,0,2,2,1,0,1,3,0,0,2,1,2,1,4,0,1,1,1,4,1,1,3,1,4,0,0,0,3,1,1,0,0,1,2,2,0,1,1,0,3,1,1,1,0,0,1,1,0,0,1,4,0,2,1,0,4,3,0,0,2,1,1,3,2,1,0,2,0,5,0,3,1,2,4,1,2,2,3
donor_04_cell_001,0,0,1,1,1,3,2,0,0,2,0,2,1,4,1,3,3,0,3,3,2,1,4,8,3,3,1,1,0,4,0,7,0,2,1,1,1,3,0,1,2,1,2,1,8,2,1,0,1,1,0,2,4,2,3,4,2,2,1,1,6,1,1,5,2,1,3,2,0,2,3,1,0,1,2,0,0,2,2,0,1,1,3,2,2,1,2,1,3,2,1,4,1,0,3,2,1,1,2,3,5,2,2,4,2,3,0,4,0,6,2,0,1,4,2,4,3,4,0,3,4,3,0,2,1,1,2,1,1,4,1,2,2,3,4,0,4,4,1,0,2,4,3,0,4,4,1,2,6,1,2,2,1,1,2,0,2,2,4,3,0,4,5,1,0,1,2,4,2,3,0,2,2,3,2,1,5,3,2,2,2,2,3,1,1,1,1,0,1,0,6,0,2,5,1,0,3,4,1,0,3,4,3,1,1,1,0,1,0,2,1,5,0,0,4,3,1,0,4,2,0,1,2,3,1,0,1,4,4,2,1,1,7,0,2,2,0,1,1,0,3,3,3,1,4,1,2,2,3,2,1,4,1,3,1,5,1,2,0,0,2,2,3,3,5,3,3,1,0,0,1,0,0,0,3,0,0,0,1,3,0,3,1,1,2,1,2,1,5,1,3,0,3,0,4,2,1,3,3,3
donor_04_cell_002,1,0,4,2,3,4,2,2,3,1,1,1,3,4,1,1,1,0,1,3,3,3,6,4,5,1,1,2,1,1,1,2,2,1,0,0,1,5,0,0,3,3,0,1,5,3,2,2,2,1,1,0,2,1,4,3,3,2,0,1,2,0,2,1,4,3,2,3,0,0,1,4,3,5,1,1,1,1,0,1,1,2,4,0,0,1,4,3,1,0,1,4,0,2,1,3,1,2,0,4,2,4,1,2,1,2,2,1,0,3,3,1,0,2,4,3,1,5,2,0,0,3,2,1,1,2,0,0,0,1,1,6,5,1,0,2,1,1,2,2,3,3,1,4,2,1,2,3,2,1,3,6,0,2,1,1,0,4,2,2,2,1,2,0,1,1,3,1,1,3,2,5,1,3,1,1,5,1,5,2,0,2,1,2,6,2,1,1,4,3,1,6,1,4,3,1,3,4,1,1,3,3,0,2,2,1,2,2,1,0,1,4,2,4,4,1,1,0,3,5,2,2,1,3,1,1,1,1,2,1,1,3,2,0,2,3,1,5,3,0,2,3,2,1,5,3,1,3,3,2,0,1,1,3,5,1,1,0,0,2,1,2,3,1,3,0,3,0,1,1,0,2,1,1,2,3,2,0,4,0,1,2,1,2,1,2,2,3,1,2,1,0,2,3,1,4,2,1,2,1
donor_04_cell_003,1,0,1,1,0,0,1,4,1,0,1,2,1,3,1,3,3,1,1,0,3,1,3,3,1,2,0,0,0,6,2,3,1,0,1,1,1,0,1,2,0,3,2,1,2,4,1,1,0,0,1,0,2,2,5,4,0,1,2,2,2,1,4,3,2,1,0,2,0,0,1,3,3,0,2,1,1,2,0,2,2,1,3,0,1,1,0,1,0,1,0,3,3,0,2,4,2,2,0,2,5,0,2,1,1,1,2,5,1,2,1,2,1,1,2,2,2,3,2,1,1,2,0,3,0,0,0,2,1,1,2,3,1,1,1,0,3,0,4,0,1,0,2,0,0,1,1,2,0,2,1,0,0,0,2,0,0,1,1,4,0,1,2,0,2,1,0,2,0,3,0,2,0,1,1,1,1,4,2,3,3,0,1,1,1,1,2,0,0,1,2,1,0,1,3,1,0,1,0,1,0,1,1,1,1,1,1,1,0,3,3,1,0,4,1,1,5,0,3,2,1,1,1,4,1,4,1,0,1,1,0,3,3,3,0,4,2,1,3,1,3,3,0,1,3,3,4,1,0,2,1,2,4,1,2,2,2,1,2,2,0,2,0,2,2,1,2,0,1,1,1,1,1,3,0,0,4,3,2,2,0,0,1,0,2,1,1,1,1,1,1,0,2,1,3,5,1,2,4,2
donor_04_cell_004,1,0,3,2,1,1,1,0,3,4,6,4,1,2,1,0,3,1,1,4,3,1,3,5,2,3,0,0,2,2,2,2,0,3,4,0,2,1,2,3,2,6,1,3,3,2,4,3,3,1,3,1,2,1,5,4,4,3,1,2,3,1,2,3,0,2,1,3,0,1,1,3,4,2,2,3,3,4,1,2,1,2,4,3,1,0,3,2,1,0,1,4,0,3,2,3,2,2,2,1,1,1,3,1,1,0,4,2,2,0,0,0,2,2,1,1,1,2,0,1,5,0,0,0,1,2,5,0,2,3,1,0,1,2,5,2,7,3,3,3,1,2,4,2,1,2,1,3,2,0,5,3,2,2,2,0,2,1,3,2,3,2,3,3,1,3,2,3,0,4,2,0,1,2,2,1,2,2,1,1,3,3,2,3,0,1,1,2,4,4,3,0,1,4,2,2,5,5,0,0,6,2,1,3,1,1,0,3,0,2,2,1,1,3,2,1,1,1,1,2,3,3,2,2,1,6,2,4,4,2,1,3,2,2,4,3,2,4,0,2,4,7,2,5,5,5,2,0,3,2,4,5,4,3,1,2,3,2,2,0,1,4,1,1,4,2,4,0,0,2,0,1,1,1,3,2,3,1,3,4,0,0,0,1,1,1,3,2,1,0,2,4,4,1,4,2,3,4,3,3
donor_04_cell_005,0,0,3,2,1,2,2,2,0,0,2,2,2,4,3,1,2,0,5,3,2,1,3,1,0,2,0,1,1,0,3,4,1,0,4,0,2,4,0,2,2,0,3,1,1,1,1,1,1,3,1,2,2,1,3,3,2,2,1,3,1,0,4,4,0,0,1,3,0,1,2,1,3,5,2,2,0,1,1,0,0,2,1,2,1,3,2,3,0,3,0,2,3,4,2,2,1,0,0,3,4,2,0,4,0,3,3,2,1,0,1,2,2,1,0,2,0,3,3,2,3,0,0,2,1,4,3,1,1,2,2,4,4,5,3,0,4,2,6,1,4,1,1,6,0,0,2,0,1,3,4,2,2,0,1,2,3,3,3,3,1,2,0,2,3,3,1,6,2,4,3,3,1,6,1,1,4,3,2,3,5,2,2,3,3,1,1,1,2,1,6,2,1,2,0,1,2,0,0,2,4,6,4,0,1,3,0,1,1,2,1,1,0,8,6,3,0,0,4,1,1,1,3,2,2,3,3,1,6,0,0,3,2,1,2,3,2,1,0,2,1,4,1,4,1,6,4,0,1,0,0,4,0,1,2,2,1,1,1,3,1,5,2,0,4,1,3,0,3,0,2,0,2,2,0,3,1,3,3,3,1,0,4,0,0,1,1,3,4,3,3,0,4,0,3,3,2,1,0,2
donor_04_cell_006,0,0,1,1,1,0,3,1,1,1,5,2,0,1,3,0,1,0,1,2,1,2,3,3,2,1,0,0,0,0,4,1,1,0,3,1,1,2,0,2,6,4,3,5,3,4,2,1,5,2,1,0,2,1,1,6,1,1,2,0,2,2,2,1,2,1,1,0,0,2,0,0,2,1,1,1,3,3,1,2,3,2,3,1,1,1,2,1,0,3,2,0,1,1,1,0,2,0,0,3,1,4,0,2,3,1,2,2,0,5,1,2,0,3,1,3,3,1,1,1,3,3,1,2,0,2,1,0,2,0,0,5,1,1,1,0,3,3,2,1,3,0,6,0,0,1,2,2,2,1,4,3,2,0,1,2,2,3,2,1,0,4,3,0,0,1,0,5,1,1,1,1,0,3,1,0,2,3,1,3,1,4,1,3,5,1,1,1,1,1,1,0,0,1,1,1,0,3,0,2,6,4,3,0,1,2,0,1,2,0,1,3,3,3,1,1,2,0,1,1,3,0,1,2,1,0,0,2,0,1,1,0,2,1,3,3,1,3,0,0,4,1,2,0,2,1,5,1,2,4,1,5,0,0,1,2,1,0,0,3,1,3,1,2,5,0,0,2,0,0,0,0,2,2,3,0,0,2,3,1,0,1,0,0,1,2,1,2,2,0,2,2,0,1,2,6,2,4,1,2
donor_04_cell_007,0,0,2,3,1,0,1,3,1,2,1,1,1,4,0,0,0,2,2,1,3,3,2,5,1,1,0,1,0,0,5,1,0,0,0,0,3,2,0,1,3,4,3,0,5,1,5,1,6,1,0,0,1,2,2,3,1,0,1,1,3,1,3,3,3,4,2,0,0,1,1,3,2,1,2,0,0,1,1,1,2,1,3,3,1,3,0,3,1,1,1,0,3,1,0,1,0,1,1,1,4,3,3,2,1,1,2,2,0,4,3,0,4,0,3,5,1,3,0,0,2,1,0,3,1,1,0,3,1,1,1,3,1,3,1,2,4,1,5,0,3,2,2,2,3,4,2,0,3,1,4,2,2,2,1,4,1,2,1,1,0,1,0,1,2,3,3,1,1,4,0,2,6,3,2,4,2,5,3,4,1,2,3,0,5,2,1,1,3,4,2,0,0,2,1,1,1,1,1,1,5,1,5,3,1,1,1,1,1,3,2,1,0,5,3,5,2,1,0,2,2,0,2,1,3,4,0,1,3,1,2,4,1,1,2,2,2,5,0,1,4,9,1,4,2,0,1,1,0,3,1,4,1,2,1,2,3,2,1,1,0,0,1,1,1,2,1,0,0,1,0,2,1,2,3,1,2,4,1,3,0,0,1,0,0,1,4,2,0,2,4,0,3,0,1,3,3,3,3,4
donor_04_cell_008,0,0,4,2,1,1,2,2,2,1,1,2,1,1,0,2,2,0,0,1,0,2,1,3,2,3,3,0,0,3,4,2,1,0,0,0,2,0,2,3,1,7,5,0,3,3,4,2,3,1,1,4,1,4,1,6,1,2,1,2,1,3,2,4,3,4,1,1,0,3,3,2,4,2,1,0,1,1,1,1,0,1,2,1,1,1,3,2,3,0,0,1,2,1,2,5,0,1,1,4,2,1,1,1,2,3,4,0,2,2,1,0,1,2,1,1,1,1,0,3,1,1,0,0,1,3,1,2,0,0,1,3,1,2,1,2,3,3,1,0,2,0,2,0,3,0,2,3,0,1,1,2,2,0,3,1,1,0,0,1,0,4,3,2,0,1,0,3,0,1,2,1,3,3,1,3,1,2,4,1,9,0,2,0,1,3,2,0,3,3,2,2,1,5,2,1,2,4,1,0,2,0,3,2,0,1,0,6,1,2,3,4,2,2,1,1,3,1,2,1,1,4,2,0,2,3,0,0,5,1,1,4,1,0,1,0,3,3,0,0,2,4,1,6,2,3,2,1,2,1,2,2,2,1,2,2,1,3,1,0,0,1,2,1,5,1,1,2,2,1,3,1,0,2,5,1,0,0,2,2,0,1,2,0,4,1,2,3,4,1,3,1,0,0,0,4,4,1,0,2
donor_04_cell_009,0,0,3,1,2,4,1,7,1,2,0,2,6,1,3,0,1,0,4,3,1,2,1,1,0,1,1,1,1,2,4,4,0,0,1,0,0,1,0,1,2,5,1,1,1,5,1,1,2,2,1,0,2,2,0,1,0,2,0,0,1,2,0,3,3,0,1,0,4,1,1,0,2,1,0,1,1,2,1,1,1,1,2,1,1,1,2,1,0,1,2,3,1,2,0,1,1,2,2,5,3,4,0,3,4,4,2,2,0,4,1,2,0,1,1,4,4,0,0,2,1,3,1,2,2,1,2,0,0,3,1,5,0,3,1,0,3,0,2,1,2,3,2,1,4,1,3,2,1,2,0,1,0,1,0,4,3,1,1,1,1,1,7,0,3,2,2,3,0,2,3,3,0,3,2,2,3,1,1,4,1,6,1,2,4,1,2,1,4,2,4,0,0,1,0,0,4,2,0,1,3,5,1,2,3,0,1,0,1,2,1,4,0,3,1,2,2,1,1,2,3,1,1,1,0,5,0,1,1,2,2,0,2,4,1,2,2,1,1,1,3,4,1,4,3,2,0,2,3,4,1,5,2,4,0,5,3,0,2,0,2,4,1,0,2,1,1,2,1,1,2,4,2,0,5,0,1,3,8,2,1,0,2,2,3,0,2,2,1,0,4,3,3,1,4,2,6,8,4,1
donor_04_cell_010,0,0,3,1,0,0,1,2,1,2,2,0,1,5,1,2,2,2,3,2,1,0,3,2,2,1,1,1,1,2,2,4,1,1,4,0,0,2,2,3,2,2,2,2,1,2,2,1,2,1,2,2,2,3,0,3,2,1,1,1,2,2,4,3,1,1,1,1,2,1,1,1,1,1,0,1,0,4,2,4,2,1,4,1,0,0,0,0,0,1,3,3,1,0,1,0,0,1,0,2,3,2,1,3,4,5,1,0,0,3,3,2,3,0,0,1,2,1,3,0,2,1,2,1,0,3,5,1,1,2,1,2,0,1,1,2,2,3,0,1,0,2,0,1,3,0,0,4,3,0,2,2,1,3,1,1,2,3,2,0,0,2,2,0,2,1,2,2,0,1,0,1,3,2,1,0,1,2,4,0,2,2,3,1,2,3,1,3,1,4,3,2,0,1,0,0,2,3,3,0,2,1,0,1,0,1,2,2,0,0,0,0,0,2,2,3,1,2,6,3,1,1,1,1,0,1,2,0,2,1,0,0,0,3,2,4,2,3,1,0,3,1,1,1,0,3,0,1,0,2,1,2,1,0,1,2,2,1,0,2,2,1,0,1,0,0,3,1,0,4,1,1,1,4,1,2,2,0,4,0,0,2,2,2,1,3,0,1,2,1,3,0,2,2,1,2,3,2,0,1
donor_04_cell_011,0,2,0,2,0,1,2,2,3,2,0,0,1,0,1,2,0,1,2,0,3,1,7,2,0,1,1,1,0,1,2,1,1,2,1,0,1,3,2,4,0,0,1,0,1,1,3,0,1,3,0,2,4,0,4,0,0,2,0,0,3,2,2,1,4,2,1,2,0,0,0,0,4,2,1,2,1,1,2,2,2,2,2,0,0,2,1,1,0,3,2,4,1,2,0,2,2,1,0,4,1,2,1,3,1,1,2,1,0,1,1,0,0,1,1,2,0,0,2,3,2,1,2,1,0,2,0,3,0,2,1,3,1,3,1,2,4,3,0,0,1,1,1,3,1,1,0,1,3,1,3,2,2,0,1,1,2,1,1,0,1,3,2,0,2,0,2,1,0,3,1,1,0,4,0,0,2,0,3,0,6,2,2,2,3,1,1,1,1,2,5,2,1,2,0,0,2,5,2,3,2,3,2,2,2,1,0,0,1,1,2,0,1,1,3,0,1,1,2,3,1,2,0,4,0,1,0,2,1,0,2,0,0,2,1,3,2,2,0,1,2,1,1,5,0,2,2,2,1,0,1,2,1,2,1,1,2,2,1,1,0,1,1,2,2,0,4,0,1,0,0,0,0,1,1,2,1,0,1,1,3,2,1,2,2,2,1,1,1,1,0,2,4,1,3,1,2,1,3,4
donor_04_cell_012,0,0,2,0,0,2,6,1,2,4,0,4,3,0,2,1,2,2,0,2,2,1,1,2,1,2,2,0,0,1,1,3,0,3,0,0,2,3,3,5,0,1,2,0,3,1,3,0,7,1,0,0,2,4,2,2,4,2,0,1,2,2,3,5,1,2,0,3,0,1,0,0,3,2,1,2,1,1,1,1,3,4,3,1,1,4,2,2,0,0,2,2,4,2,0,1,2,0,2,1,1,3,2,5,3,2,2,1,0,5,2,2,2,3,2,5,4,4,2,1,3,5,1,1,1,3,2,2,0,1,2,1,3,0,5,1,5,2,2,1,1,2,2,1,1,2,4,2,3,0,4,2,2,0,0,3,2,0,4,4,1,5,3,2,1,2,1,2,1,6,4,1,0,3,2,1,3,4,1,1,2,1,0,1,2,1,2,2,5,1,3,1,0,4,0,2,2,5,0,2,2,1,2,0,1,3,1,2,0,0,2,0,0,1,3,2,2,3,3,1,1,1,2,4,3,0,1,3,5,0,1,1,1,0,6,2,1,3,0,2,3,3,3,3,4,3,4,2,2,1,2,4,5,3,3,0,1,2,1,2,1,4,2,1,2,2,2,2,0,1,1,2,1,3,1,4,1,2,1,2,2,0,0,0,3,0,4,2,4,3,5,0,5,1,7,4,3,4,3,1
donor_04_cell_013,0,0,1,2,0,1,0,4,0,4,1,2,3,1,1,1,4,0,2,2,0,1,3,4,3,2,0,0,0,1,1,0,1,0,1,0,2,0,1,0,0,1,3,2,4,1,0,0,4,1,0,0,3,0,0,5,2,2,1,1,3,4,2,1,4,2,1,1,0,1,1,3,7,0,2,1,3,1,1,1,2,2,3,1,0,0,3,0,2,3,3,1,3,2,2,1,2,0,0,1,2,0,2,2,5,1,3,0,0,1,2,1,4,2,2,5,3,1,1,2,1,3,1,1,1,6,5,4,0,1,3,4,2,3,1,1,3,0,2,1,1,2,4,1,2,0,5,2,1,1,0,1,2,1,1,0,3,1,4,3,1,0,0,0,0,0,3,2,2,3,2,2,4,0,0,2,1,1,1,1,1,1,0,2,2,2,0,2,2,2,5,3,2,2,0,0,0,5,0,2,3,1,1,1,0,1,0,3,1,1,3,3,1,3,1,4,0,0,2,4,1,4,2,2,1,2,0,2,1,2,2,1,2,3,3,5,0,0,1,1,1,5,2,3,2,1,2,1,2,2,0,1,1,0,0,1,4,0,0,1,4,1,1,1,1,4,1,3,2,1,0,3,1,3,0,2,1,1,3,4,0,2,3,3,3,2,0,1,1,0,2,0,4,0,3,4,1,3,2,1
donor_04_cell_014,0,0,1,4,1,2,5,2,0,1,0,0,2,0,1,0,0,1,3,0,1,0,4,2,1,2,1,1,1,1,2,3,1,2,2,1,0,1,0,3,3,0,1,0,6,2,1,1,1,0,0,0,1,1,2,2,1,1,2,3,3,0,2,2,2,3,3,1,0,0,0,5,2,1,2,0,1,1,1,1,2,2,1,2,1,1,1,1,0,6,0,1,2,0,1,0,0,2,3,2,1,3,1,1,2,3,4,1,1,3,2,3,1,3,2,2,1,7,1,2,0,2,0,2,1,0,0,2,0,2,0,1,1,1,1,4,5,1,4,0,3,1,1,4,1,1,1,1,0,0,2,1,2,1,1,2,0,2,0,3,0,3,1,1,0,0,0,5,1,2,3,1,3,2,3,0,0,2,2,4,2,4,2,3,3,2,2,1,1,2,3,1,2,3,1,0,2,2,0,2,1,1,2,0,1,1,0,0,4,0,2,2,1,2,1,3,0,4,5,0,3,3,2,4,2,2,0,0,1,1,3,1,2,0,0,1,1,0,0,1,0,0,3,2,1,0,0,2,2,2,3,3,5,0,0,2,1,0,1,2,1,5,0,1,8,0,1,0,1,0,1,1,1,2,1,1,1,2,1,1,1,2,0,1,1,3,0,0,6,0,1,1,1,1,5,2,1,1,3,2
donor_04_cell_015,1,0,2,2,1,2,2,0,1,1,0,4,3,4,0,2,1,1,3,1,3,1,2,4,0,2,0,0,0,0,1,3,3,1,0,1,0,3,1,4,0,2,2,2,0,2,0,0,0,0,0,3,1,2,0,1,0,3,0,1,3,0,2,3,4,2,4,0,0,2,0,0,1,2,1,0,0,2,2,2,2,1,0,2,1,0,0,1,1,0,1,2,1,3,1,4,3,1,0,2,3,3,1,4,2,7,0,0,1,1,2,1,1,5,0,2,2,2,1,3,2,2,0,5,1,3,2,1,2,2,0,2,1,0,1,0,2,1,1,1,3,0,0,0,2,1,2,0,2,1,1,4,1,0,0,2,1,3,1,1,1,1,1,1,1,1,4,3,3,5,1,1,1,2,1,0,3,1,1,2,4,1,0,2,2,1,0,0,2,1,5,5,1,3,0,1,1,5,1,0,1,1,1,2,0,1,1,1,0,0,2,0,1,1,1,3,3,3,2,3,2,2,2,4,2,3,0,1,1,2,2,2,4,2,2,0,5,1,2,0,2,5,0,1,2,1,1,0,3,3,2,2,3,0,1,3,2,1,0,0,1,3,1,1,3,1,0,0,2,1,1,1,1,4,2,0,0,1,0,2,1,0,0,1,2,2,0,4,2,0,4,1,1,1,1,2,5,2,3,1
donor_04_cell_016,2,0,6,4,0,2,1,2,0,2,0,4,2,1,3,1,3,0,1,1,1,0,2,5,2,1,3,1,2,1,4,3,2,0,0,2,0,4,3,3,2,2,4,1,4,1,4,0,4,1,2,0,4,3,0,3,2,1,1,0,5,1,0,3,3,0,0,1,1,1,3,1,0,1,1,2,6,1,0,2,4,2,4,0,1,1,1,4,1,0,2,2,4,2,0,2,1,0,2,5,1,2,1,2,3,4,1,3,0,4,0,1,2,2,1,2,7,2,3,2,3,2,0,1,0,2,1,0,1,1,1,1,1,5,1,1,2,2,5,1,3,0,4,1,3,3,1,4,1,0,1,3,0,2,2,5,2,5,2,4,2,2,0,1,3,2,4,4,3,4,0,2,2,5,3,0,3,2,1,0,0,1,2,1,1,2,1,1,2,2,2,0,1,2,0,2,3,2,1,0,0,6,1,2,2,1,0,4,1,1,2,1,0,3,1,1,2,0,3,3,1,0,2,3,2,3,0,2,4,2,0,4,3,1,4,1,1,2,0,0,1,3,0,1,4,3,5,1,2,3,1,6,2,3,0,3,2,5,1,2,0,4,2,2,6,1,2,1,3,2,0,0,4,3,0,3,0,4,1,4,0,0,0,0,2,2,0,3,1,2,3,0,1,1,1,1,0,2,2,0
donor_04_cell_017,0,0,6,3,2,1,3,2,1,1,0,2,3,6,4,0,3,4,1,4,2,2,5,0,2,0,1,1,3,2,6,0,1,1,2,1,2,3,2,1,0,2,3,1,6,5,3,2,3,1,0,0,3,4,1,1,2,2,2,1,3,3,5,2,2,1,2,1,1,2,2,1,4,2,2,0,1,2,1,2,1,0,1,2,0,0,2,4,3,2,2,2,3,1,2,2,1,2,2,6,2,3,1,4,4,5,4,2,1,3,1,0,2,1,1,2,3,1,1,4,2,4,1,2,2,2,1,1,0,1,0,5,1,1,1,0,1,1,3,2,2,3,3,2,1,1,1,2,0,1,2,3,1,2,0,3,4,3,1,2,2,6,1,0,1,1,1,5,1,3,2,1,1,4,1,1,3,4,2,2,0,3,2,0,2,2,1,3,4,1,2,1,2,5,1,2,0,3,0,1,4,7,4,4,0,0,1,2,1,3,1,1,4,1,2,0,2,0,4,4,1,0,5,3,1,1,0,2,3,1,0,2,2,2,1,2,1,4,1,0,5,0,2,4,2,2,0,4,0,1,1,4,2,0,4,1,6,0,0,1,1,2,2,1,4,2,1,1,1,1,1,1,2,2,1,2,2,2,2,3,1,1,3,2,1,1,1,4,2,2,3,0,5,1,2,2,4,1,1,4
donor_04_cell_018,0,0,2,2,0,4,2,2,1,3,2,3,1,3,3,2,2,0,1,2,1,3,4,4,0,3,4,2,1,2,1,1,1,2,0,2,1,2,1,2,4,2,3,1,6,2,3,0,1,0,2,0,0,1,1,1,0,1,0,0,4,1,2,2,1,0,0,0,1,2,3,2,4,0,0,1,3,3,1,2,1,1,5,0,0,0,1,1,2,2,0,2,0,0,3,1,1,1,0,3,1,2,0,2,2,1,2,2,1,0,1,2,1,2,2,4,3,0,2,0,3,2,0,4,0,1,2,1,1,0,3,2,1,0,4,2,6,0,4,1,0,2,1,1,1,2,2,0,4,3,2,2,0,4,1,3,1,3,1,1,0,5,1,0,0,2,4,3,2,5,1,2,0,4,3,0,0,3,4,1,1,3,1,2,1,1,1,1,1,0,4,0,2,1,0,2,2,4,0,2,1,2,3,0,0,1,2,1,1,2,1,1,1,2,0,1,1,1,1,3,2,3,0,3,1,2,0,2,3,0,1,0,4,2,4,2,1,1,1,0,5,1,0,1,3,2,2,1,3,0,2,3,2,1,0,3,2,2,0,1,2,3,2,1,4,0,3,1,1,1,1,3,0,2,1,0,1,1,2,3,0,1,1,1,3,2,1,0,1,1,2,0,1,0,0,2,3,3,3,2
donor_04_cell_019,0,0,1,2,0,1,1,2,0,2,1,2,1,1,2,1,1,1,2,0,2,0,3,0,1,0,1,2,1,1,1,8,1,1,2,2,1,1,0,1,1,3,1,1,0,0,1,2,3,0,1,1,3,4,1,1,2,1,0,0,2,1,0,4,2,1,3,2,1,0,2,2,2,1,1,1,3,1,1,2,5,1,3,0,0,0,2,2,1,3,0,1,2,1,3,0,0,0,1,2,2,2,0,5,1,2,1,1,0,6,1,1,0,1,0,2,2,1,2,0,4,1,0,1,1,1,0,3,0,1,1,2,0,1,1,1,3,1,0,1,1,3,1,2,0,0,1,0,1,2,2,1,0,0,0,3,0,4,2,1,0,1,1,0,2,0,1,1,1,3,3,3,2,3,1,1,2,2,0,2,4,3,0,0,3,1,1,1,1,3,2,0,0,1,1,2,0,1,1,1,1,0,1,2,1,2,1,1,0,1,2,1,1,2,1,4,2,0,0,0,3,1,1,1,4,2,0,3,1,0,1,1,1,1,2,3,0,0,1,0,2,2,0,1,2,2,3,0,0,1,3,0,2,1,3,1,1,1,1,2,0,0,1,1,3,1,0,1,0,1,3,2,1,2,6,0,1,0,0,2,1,2,1,0,1,0,1,1,2,0,3,1,1,1,0,4,2,4,3,0
donor_04_cell_020,0,0,5,3,2,2,2,2,0,1,0,2,0,3,2,0,0,0,3,2,3,1,1,0,2,0,4,0,1,1,2,2,1,1,0,0,1,1,4,1,4,2,3,0,3,3,1,3,2,1,0,0,3,2,1,0,4,1,2,1,1,1,2,1,0,1,0,1,0,1,3,0,1,3,0,0,0,0,0,1,3,0,0,1,1,1,3,1,1,0,1,1,1,1,1,0,1,0,1,5,1,1,2,1,1,3,1,1,0,5,3,1,0,2,3,2,1,3,2,1,0,3,0,3,0,1,1,0,0,1,1,3,1,1,0,0,2,2,4,2,1,0,2,0,1,1,2,2,2,1,2,2,0,0,1,1,4,1,1,4,1,1,1,0,3,1,3,0,1,2,1,1,1,3,1,2,1,3,2,0,1,4,1,0,1,2,2,1,2,0,5,1,0,2,1,0,2,0,0,1,1,2,3,0,1,1,1,0,0,1,5,0,1,1,3,2,0,1,3,1,1,1,3,2,0,4,0,0,1,1,0,2,3,3,2,1,1,1,1,0,2,2,1,0,2,1,5,1,1,0,2,2,3,1,1,2,0,1,2,1,2,3,4,1,2,0,0,0,1,1,2,0,0,1,1,1,1,1,2,4,1,1,0,0,1,1,0,0,0,1,1,2,0,0,1,3,3,3,2,1
donor_04_cell_021,1,0,5,1,0,3,1,1,1,3,0,2,2,1,2,1,6,1,2,1,2,0,2,1,1,1,2,1,0,2,0,1,4,1,2,0,1,0,0,0,1,3,3,1,3,6,3,1,1,4,1,1,3,6,2,2,0,1,0,2,2,3,0,1,1,2,2,0,1,0,2,1,2,3,1,0,4,2,0,0,1,1,4,2,0,2,0,1,2,3,1,0,2,2,0,3,2,0,0,3,4,2,1,2,1,4,1,2,1,2,1,1,0,5,0,2,4,2,0,3,0,4,1,0,0,6,1,0,0,0,0,3,2,0,1,1,1,3,1,1,2,0,2,3,0,1,1,2,1,0,1,2,1,2,1,0,2,0,1,3,2,4,1,1,2,1,2,3,0,2,0,1,2,1,2,1,2,2,1,6,0,5,0,0,4,0,1,0,3,0,3,1,3,3,2,0,3,1,1,2,2,2,2,2,0,0,0,3,2,0,2,1,0,3,1,0,1,1,0,2,2,1,0,0,1,2,1,3,1,1,3,3,3,0,5,6,1,2,0,1,5,3,1,2,3,2,1,1,1,0,0,4,1,0,3,2,1,3,1,1,0,4,0,0,2,1,0,0,0,1,1,0,1,2,2,2,2,1,2,4,0,0,0,0,0,0,0,3,1,0,1,1,3,1,2,2,1,0,0,5
donor_04_cell_022,0,0,1,2,1,1,2,1,6,2,2,2,2,3,2,1,2,0,2,0,2,2,3,2,2,0,0,1,1,4,4,4,1,3,1,1,1,3,1,1,1,3,0,1,3,4,3,3,3,1,1,2,0,5,2,4,2,2,1,1,3,1,3,3,3,3,0,0,3,5,2,4,2,1,2,2,3,2,1,3,3,0,4,2,2,0,0,2,2,1,2,3,1,3,0,3,0,1,0,3,1,3,0,2,0,2,3,0,1,3,2,1,1,3,3,3,5,2,2,2,4,2,3,2,4,0,3,1,3,1,3,2,2,2,0,1,5,2,2,1,1,7,2,1,3,1,0,0,1,1,2,3,1,1,2,3,1,4,1,2,1,5,2,0,2,2,0,5,2,7,0,2,2,1,1,0,2,3,2,6,0,3,2,1,2,1,1,1,2,2,4,0,1,3,2,0,0,3,0,1,2,6,1,5,1,2,2,1,1,1,1,2,0,3,0,0,1,2,2,2,1,2,3,2,0,2,1,3,3,1,1,4,3,2,4,3,2,2,0,1,1,2,1,2,3,2,2,3,3,3,3,1,2,1,6,6,4,0,0,3,0,3,1,1,2,2,3,0,0,1,0,2,0,4,2,0,0,3,2,2,1,2,2,0,3,1,3,1,2,0,3,0,7,3,3,3,2,2,0,5
donor_04_cell_023,0,0,0,3,2,1,1,2,2,4,1,3,4,2,1,1,2,0,2,5,2,1,3,5,2,1,2,0,1,4,1,2,1,0,2,1,1,0,0,1,1,7,4,4,2,0,3,1,1,2,1,1,3,2,2,2,3,2,1,0,3,1,2,1,0,1,2,0,1,2,2,0,3,0,1,3,2,2,0,3,4,1,4,2,1,0,3,1,1,0,0,1,1,1,0,3,2,3,0,3,5,1,0,1,1,3,2,1,0,3,2,0,2,1,0,3,0,3,2,0,3,3,1,4,2,6,1,3,2,2,0,5,1,1,1,0,2,0,3,3,1,4,2,7,2,0,3,2,2,0,0,2,1,1,2,4,0,1,1,2,2,3,1,0,0,0,0,0,2,5,2,2,2,2,2,1,4,4,3,1,4,2,0,1,3,2,0,1,3,0,3,1,2,3,0,1,1,2,2,0,7,5,3,1,2,2,0,1,0,2,1,2,3,5,3,5,0,3,2,1,1,0,3,2,2,2,2,1,3,1,0,4,3,1,1,4,2,3,0,0,4,3,3,1,4,0,3,2,4,5,1,0,2,2,1,4,2,1,1,1,1,2,2,0,3,1,5,2,2,1,0,1,1,1,2,2,1,2,2,2,3,0,3,2,3,0,0,2,1,2,6,2,3,0,5,4,1,3,2,2
donor_04_cell_024,1,0,3,4,0,6,4,4,1,1,2,4,0,0,2,2,1,0,4,1,2,2,4,1,3,3,1,1,1,3,0,4,1,3,1,3,0,0,1,1,1,0,3,4,0,4,1,0,1,1,2,1,2,2,5,5,1,3,1,0,4,2,1,3,0,0,1,3,2,2,0,3,2,1,1,1,1,4,2,2,5,4,5,1,0,2,2,0,2,1,1,2,3,2,2,3,1,2,2,1,5,2,0,0,6,2,0,3,4,1,1,3,2,2,2,0,5,2,1,2,3,3,1,0,0,2,1,0,1,2,1,5,2,1,2,1,2,2,2,3,2,2,3,3,0,1,1,3,7,1,2,1,3,0,3,4,0,2,1,1,1,3,2,1,4,6,3,2,1,0,2,1,1,0,0,0,3,1,1,4,2,3,3,5,2,1,0,0,4,0,3,3,3,4,0,0,2,1,3,1,2,3,2,1,1,1,1,2,4,3,2,1,1,2,1,4,0,4,4,2,0,0,3,2,2,1,3,2,2,2,2,5,4,3,3,4,2,3,3,1,1,1,0,3,5,3,1,0,2,2,1,4,2,0,1,1,4,1,2,3,3,1,2,1,4,1,0,2,2,3,1,0,2,0,3,0,4,0,6,2,2,3,4,2,3,2,1,2,2,1,6,1,3,1,2,4,2,1,2,0
donor_04_cell_025,1,0,0,2,1,3,3,2,0,2,2,1,0,3,2,0,1,1,0,1,1,4,1,5,1,0,2,0,2,0,1,3,0,3,1,2,1,3,2,2,1,2,6,1,3,3,1,2,2,3,0,1,4,1,3,1,1,2,0,0,1,2,5,1,2,2,1,0,1,3,1,1,2,3,2,1,0,2,0,1,4,2,2,0,2,1,2,0,3,1,1,0,2,2,0,4,2,0,2,5,0,3,0,3,2,0,1,0,0,3,2,0,1,4,1,3,0,3,1,3,0,0,1,3,2,0,0,2,2,1,1,4,1,1,1,0,2,1,2,0,2,6,2,2,3,0,1,0,1,1,2,3,2,1,5,2,1,2,3,1,0,1,1,0,2,0,2,4,2,0,0,1,0,4,0,2,5,3,1,4,1,1,1,2,4,2,2,1,4,0,1,2,0,1,1,1,0,2,1,1,2,5,1,4,0,2,1,3,1,1,2,4,3,0,2,2,2,0,2,0,3,3,3,3,1,3,2,2,3,0,1,2,4,2,3,0,3,5,2,1,0,5,0,2,4,1,3,0,2,2,3,1,3,1,1,2,0,0,1,1,0,4,1,0,4,0,0,0,0,1,0,1,2,2,2,2,1,2,4,1,0,2,2,2,2,2,1,0,1,3,4,0,1,1,2,6,3,5,4,1
donor_04_cell_026,1,0,2,1,1,3,2,3,1,1,2,0,1,3,2,1,2,1,0,1,4,1,4,1,3,1,0,1,1,3,3,5,1,3,1,2,1,4,0,2,2,1,1,0,2,1,2,4,3,0,2,3,0,0,3,2,6,3,0,1,2,2,2,2,1,2,1,1,3,2,1,2,1,0,1,0,1,4,0,2,5,0,2,1,0,0,1,2,3,2,1,1,2,0,0,4,0,0,0,1,1,1,0,2,2,3,5,2,1,2,1,1,1,2,2,4,2,1,0,2,2,3,0,3,0,2,1,1,3,2,3,0,1,0,2,0,2,4,2,0,2,1,2,2,3,0,1,2,1,0,1,3,2,1,1,3,2,2,7,4,4,4,0,0,1,0,2,2,3,3,0,0,1,6,0,0,0,2,4,3,3,1,2,1,1,1,2,1,4,0,2,3,1,2,1,1,2,0,1,2,4,3,3,0,1,0,0,2,1,2,0,1,1,1,1,1,0,1,0,2,1,0,3,0,2,2,0,0,2,0,2,3,3,1,3,2,1,3,0,0,1,4,1,2,1,1,2,1,0,6,1,2,2,0,2,3,5,2,0,1,2,0,2,1,4,1,2,1,0,2,0,1,0,3,6,1,1,2,1,2,0,0,2,0,2,1,2,3,2,1,3,1,3,1,3,2,2,1,1,2
donor_04_cell_027,0,0,2,1,0,2,1,5,0,0,1,7,2,2,2,1,2,2,1,2,3,2,5,4,1,2,0,1,0,1,1,3,0,1,1,1,0,1,0,2,4,5,2,1,2,1,3,0,1,2,0,2,3,1,3,1,0,1,0,0,0,2,2,1,4,2,2,0,1,1,0,2,1,0,2,2,0,2,1,4,4,1,2,1,0,0,0,4,1,2,0,1,0,1,0,0,1,0,1,2,2,0,1,2,1,1,0,1,1,1,0,1,1,1,1,0,2,2,0,3,2,2,1,1,0,2,4,6,1,1,2,0,3,2,2,1,5,3,1,2,3,2,3,4,1,1,3,1,1,0,1,1,0,0,0,6,0,1,1,0,0,2,0,1,3,0,2,0,2,3,1,2,2,0,1,2,0,0,1,0,0,4,1,1,0,2,0,0,2,2,2,2,2,2,1,1,3,2,0,0,2,2,1,0,0,1,0,2,0,2,1,2,1,3,2,0,0,0,1,2,0,2,1,1,1,3,0,1,3,3,0,0,1,1,3,4,0,1,1,2,4,2,0,0,1,2,0,0,5,6,1,2,0,1,2,4,2,3,1,2,1,2,2,2,1,2,0,4,0,2,1,0,0,2,3,2,2,1,1,0,3,1,2,1,2,2,1,0,3,0,5,0,1,1,1,2,1,5,4,3
donor_04_cell_028,0,0,0,2,2,1,2,2,1,0,0,3,1,5,1,1,2,2,3,3,2,1,1,4,1,2,0,1,4,2,1,2,1,3,0,1,0,0,2,2,1,3,6,2,0,3,1,3,0,1,2,0,1,3,3,2,3,1,2,1,3,1,3,5,4,3,3,2,2,1,0,8,5,4,2,3,1,1,1,3,6,4,4,3,0,1,4,1,0,2,1,1,1,1,2,2,3,0,0,2,3,1,2,0,3,3,4,1,1,1,0,3,1,3,0,3,4,1,1,2,2,2,0,4,0,0,2,0,2,1,2,7,1,3,2,4,6,2,9,2,0,4,2,4,4,4,1,2,2,1,1,3,1,3,1,2,3,1,8,1,0,2,3,1,1,0,1,3,1,0,0,1,7,0,1,1,2,4,3,5,1,4,3,2,0,1,1,0,0,3,6,3,1,3,0,1,2,2,1,0,2,3,3,1,1,1,2,0,0,1,2,0,1,1,1,1,1,1,0,2,1,2,2,2,1,1,2,1,3,2,2,0,4,4,1,1,1,0,0,0,4,0,0,2,2,3,2,1,3,4,1,4,0,4,3,2,0,1,0,1,0,1,1,1,3,0,1,0,1,0,0,1,5,4,1,0,2,3,4,3,0,0,1,2,2,3,0,2,1,1,2,0,6,1,1,4,4,1,2,2
donor_04_cell_029,0,0,3,3,0,2,1,1,0,0,0,6,2,5,2,1,0,2,2,3,3,2,1,3,1,2,3,0,0,2,3,2,0,2,2,0,0,3,1,2,1,0,1,1,2,1,2,1,1,3,0,0,1,5,3,3,1,3,1,1,7,1,5,3,4,2,2,1,1,3,1,0,1,3,2,0,0,1,3,1,4,1,0,1,1,0,3,2,1,1,1,3,1,5,0,0,3,0,0,3,0,4,1,4,1,1,2,3,0,5,1,0,3,2,2,2,0,2,2,1,1,4,2,1,1,2,2,1,2,3,0,2,1,3,1,0,2,2,1,1,5,1,4,1,1,2,0,2,4,1,2,4,1,3,1,2,0,4,0,5,1,2,3,1,4,2,2,3,2,5,4,3,2,2,0,2,3,1,1,2,2,1,0,0,3,1,1,1,2,1,3,0,1,4,2,2,2,1,1,1,3,4,0,1,1,2,0,2,1,2,1,2,3,1,0,4,0,1,5,0,1,1,1,2,1,3,0,1,0,1,2,3,2,2,2,2,2,5,1,0,2,6,1,1,0,4,0,1,4,2,3,6,0,2,1,3,2,0,2,0,2,1,1,1,3,1,3,1,1,1,1,2,0,2,3,2,6,1,4,0,0,1,2,1,1,0,0,3,3,2,4,1,6,1,3,3,1,2,2,0
donor_04_cell_030,0,0,1,2,3,4,0,0,3,4,4,3,3,4,1,1,2,0,1,1,1,0,1,1,4,5,0,0,3,2,2,3,1,3,3,3,1,1,1,0,3,4,3,1,1,0,1,0,3,3,1,1,1,4,4,3,4,3,0,0,1,3,2,2,0,2,2,6,0,4,1,2,4,0,2,4,1,3,2,2,3,2,3,0,0,4,3,0,3,1,0,2,1,3,6,5,1,0,2,2,4,4,2,1,2,2,1,2,3,2,3,2,2,5,1,4,3,1,2,3,0,4,2,1,1,2,2,1,1,3,3,1,1,1,2,1,4,2,1,0,1,2,1,2,2,4,2,1,2,2,0,0,0,1,0,3,6,2,2,1,4,2,1,1,2,0,2,1,1,4,0,1,1,4,1,0,1,4,1,2,2,1,2,2,5,4,1,0,1,0,3,1,0,2,2,0,0,5,1,1,1,4,2,1,0,3,0,1,3,0,3,5,1,4,6,3,2,2,3,1,4,5,1,1,2,8,0,3,2,0,1,3,3,0,4,2,1,1,1,2,3,4,1,7,9,2,2,0,1,1,0,0,0,2,1,1,3,1,0,1,0,6,0,2,5,0,2,0,0,1,0,1,1,1,1,2,1,0,2,2,0,1,1,0,3,2,2,2,2,1,1,1,2,1,3,2,1,4,5,2
donor_04_cell_031,0,0,1,4,2,2,3,2,0,0,1,2,2,2,0,0,3,0,2,1,1,2,4,3,2,2,1,1,2,2,0,3,1,3,3,2,1,0,1,1,1,4,2,1,1,3,2,0,4,2,1,2,1,3,2,2,5,4,2,0,3,5,6,2,2,3,2,4,1,1,1,2,4,0,1,1,0,0,1,4,2,0,1,1,1,0,1,1,1,3,1,1,3,1,1,1,0,0,0,1,1,2,0,1,3,2,2,0,0,2,3,0,1,2,0,6,3,1,1,1,1,2,0,0,1,1,1,2,1,2,0,1,1,0,0,0,1,2,0,1,2,0,3,1,4,2,4,3,0,1,2,4,0,4,1,2,0,4,2,3,0,1,1,0,2,3,0,4,2,1,2,1,1,0,0,0,2,2,3,2,4,2,0,2,2,3,0,1,1,0,4,0,5,4,1,0,0,3,1,1,2,2,1,2,0,4,1,0,1,3,0,3,2,3,3,3,2,1,0,1,4,1,3,0,0,1,1,2,0,0,3,1,1,4,2,2,2,1,2,0,2,3,2,5,0,5,1,0,0,1,2,7,1,3,1,1,1,1,3,1,0,1,2,2,2,0,2,1,0,1,1,1,0,3,0,2,2,2,3,2,1,1,0,2,2,0,0,3,0,1,6,2,3,1,3,1,1,2,2,0
donor_04_cell_032,0,0,1,2,1,1,0,2,0,2,1,1,1,2,0,0,0,1,2,1,1,1,3,3,1,2,1,1,1,2,2,0,1,0,1,1,1,2,2,3,0,1,0,1,4,0,2,0,1,1,2,1,1,0,3,1,0,2,2,3,1,2,3,7,5,3,4,3,0,0,0,0,1,1,0,0,0,3,2,0,1,0,2,1,0,2,1,2,1,4,1,3,0,1,1,1,1,1,2,5,5,4,3,4,2,3,4,0,1,1,2,6,0,2,0,1,3,1,0,3,0,1,1,1,0,2,2,0,3,0,1,2,2,3,3,1,4,0,2,1,3,1,4,2,1,0,3,4,0,2,1,1,0,2,2,2,0,2,2,2,1,3,0,1,0,0,4,4,2,1,1,3,2,5,1,0,1,2,0,2,2,2,2,0,1,2,0,0,1,1,2,0,1,2,2,3,1,2,2,0,0,3,2,2,1,1,2,1,0,0,3,3,2,3,1,5,0,1,3,1,0,2,0,1,2,3,2,1,0,2,1,0,0,0,2,3,0,3,1,1,2,1,0,3,2,2,0,2,4,1,1,1,0,1,0,1,3,2,1,0,2,0,0,1,3,0,1,0,0,0,0,3,0,2,2,4,0,2,3,1,2,0,0,0,1,1,0,1,0,0,3,0,3,1,1,2,1,2,2,1
donor_04_cell_033,0,0,3,1,2,4,1,1,1,2,1,2,1,1,4,1,0,2,2,4,0,2,4,0,6,1,1,1,1,3,0,0,2,0,0,0,1,4,1,1,3,0,3,3,0,2,2,0,1,0,1,0,3,1,3,4,0,3,2,0,0,2,0,2,1,4,0,2,0,1,0,1,0,1,2,0,3,0,1,0,5,2,0,3,2,0,6,3,2,1,0,5,1,2,3,1,0,1,2,2,2,1,1,1,3,1,1,1,2,3,1,2,2,3,1,3,1,3,0,4,1,3,2,3,0,1,1,2,0,1,0,6,1,3,0,2,1,2,0,1,0,1,1,4,3,0,3,3,1,0,1,0,2,2,2,1,5,2,0,3,0,3,2,1,2,3,2,2,0,2,1,1,0,2,2,0,2,1,0,0,3,3,1,0,5,2,1,1,4,0,4,2,2,2,2,3,3,2,1,1,2,6,3,1,0,1,1,3,0,3,1,1,2,1,2,3,0,1,0,3,3,2,0,4,3,2,1,2,3,1,2,2,2,4,4,3,1,1,1,1,1,4,1,4,1,2,2,0,2,3,1,3,0,3,1,2,3,1,0,1,1,2,3,0,3,2,1,0,1,2,1,1,0,2,2,1,0,2,5,0,0,0,2,1,1,1,0,2,1,1,4,0,7,0,3,5,3,8,2,2
donor_04_cell_034,0,0,3,0,1,4,1,1,0,1,2,4,0,3,1,2,4,0,2,2,1,1,2,2,1,1,2,1,1,2,1,3,1,2,2,0,0,2,0,1,1,1,2,1,3,3,0,0,5,1,0,1,0,1,2,7,0,2,1,0,3,2,3,3,3,1,2,3,2,0,2,0,0,1,3,2,3,3,3,4,0,3,1,2,2,0,2,0,1,4,3,2,2,3,1,2,0,2,0,1,1,2,0,3,2,1,0,0,0,4,1,2,1,1,1,1,2,2,3,1,2,1,1,4,2,3,1,1,0,3,0,0,1,0,0,0,2,1,0,0,2,3,2,2,1,0,0,3,2,1,2,2,1,2,0,2,0,2,2,4,1,5,2,1,1,2,1,1,0,2,1,0,2,0,3,1,3,2,3,1,4,0,1,0,2,2,2,1,3,1,4,1,0,1,2,2,1,2,0,1,2,7,1,1,1,0,1,1,2,4,1,4,1,1,0,3,1,0,2,1,2,1,3,2,1,1,2,0,5,3,1,2,6,0,7,1,2,1,1,0,3,3,1,1,2,0,1,1,2,0,1,3,3,1,1,3,2,0,1,0,1,3,3,1,2,0,1,0,0,0,2,0,0,1,2,0,0,1,3,1,0,2,2,0,3,1,0,0,4,1,2,1,4,0,0,2,2,1,2,3
donor_05_cell_000,0,0,3,1,2,7,6,7,3,6,5,4,1,3,1,0,2,2,2,2,2,1,5,3,2,2,2,3,0,3,4,2,1,4,2,1,2,4,3,5,2,3,3,1,2,2,2,1,0,1,1,0,2,1,3,2,4,0,2,0,0,3,2,0,2,2,3,0,1,0,2,0,2,1,1,0,1,0,1,2,4,2,1,3,3,0,1,2,0,2,1,2,2,1,3,3,2,0,2,4,0,1,1,4,1,4,1,3,1,4,1,3,1,1,2,4,2,2,2,1,0,1,0,1,2,2,3,0,0,3,1,0,0,3,2,1,2,1,5,1,3,2,2,1,1,1,3,3,2,1,2,1,1,2,1,3,1,0,2,0,2,1,3,1,3,1,2,1,0,4,0,1,1,3,0,0,2,1,4,4,1,2,1,0,2,3,1,1,3,0,4,2,2,2,3,2,0,0,1,0,6,2,1,1,0,1,0,2,0,1,2,0,2,2,1,2,2,2,2,1,1,1,4,2,1,1,2,4,3,1,1,2,3,2,5,0,2,1,3,2,2,1,0,1,3,1,1,0,3,1,0,3,4,1,1,2,2,3,0,0,1,2,1,2,1,2,1,0,1,0,4,0,1,2,3,2,1,3,2,5,0,2,1,2,4,3,2,3,0,0,1,1,2,0,2,3,2,3,1,5
donor_05_cell_001,0,0,3,3,4,1,6,7,3,7,1,5,1,4,5,0,2,0,2,2,3,2,6,2,1,2,0,0,0,1,1,3,0,3,3,1,1,3,3,1,1,1,3,0,0,4,0,1,0,1,2,1,1,3,2,2,1,1,4,1,0,0,3,3,2,0,2,0,2,0,0,1,1,0,0,2,2,1,4,2,1,1,1,0,0,2,4,2,2,1,0,0,2,0,1,3,4,1,2,2,1,4,1,3,3,1,2,5,1,2,1,0,0,2,1,0,2,3,1,1,1,0,1,0,2,0,0,0,1,2,0,2,3,1,2,1,1,2,3,1,1,3,1,1,5,1,1,2,0,2,5,4,0,2,1,2,0,3,6,2,1,2,2,2,1,2,3,4,0,2,0,3,1,3,1,0,1,4,0,1,0,1,1,1,1,2,0,0,1,3,2,1,2,4,1,2,2,6,0,1,1,1,3,0,0,3,1,1,0,1,2,4,0,2,2,2,1,1,1,1,1,4,1,4,0,1,0,0,3,2,0,1,0,2,2,3,0,2,0,0,4,0,0,1,0,3,0,2,1,2,1,4,1,2,1,5,0,0,4,1,1,0,1,0,3,1,2,2,0,0,0,2,2,1,1,2,3,3,3,3,0,3,2,4,1,0,0,1,1,3,1,1,5,0,0,2,5,3,0,0
donor_05_cell_002,0,0,3,2,3,0,6,11,5,2,4,4,0,1,0,0,2,1,0,1,1,1,1,0,6,0,4,0,1,0,1,4,3,2,1,1,2,0,1,3,0,2,0,0,2,1,3,2,0,1,0,0,0,1,2,1,4,3,2,0,3,0,0,6,0,2,1,2,0,2,1,3,3,0,4,1,2,1,0,0,2,0,3,1,2,1,3,1,0,0,1,1,2,0,3,3,1,0,0,2,1,2,1,3,1,1,1,0,1,2,1,1,0,3,1,3,1,1,0,4,0,0,0,0,0,3,3,1,1,2,0,1,2,2,4,1,2,1,4,2,1,3,4,2,0,1,1,1,0,1,6,2,3,2,1,0,1,2,2,3,1,2,0,1,1,4,5,1,1,3,0,0,3,2,1,2,0,4,0,0,0,3,1,3,2,4,0,0,2,2,2,1,2,0,2,2,2,6,0,3,2,2,1,0,2,0,0,1,1,1,2,3,2,3,2,1,1,2,1,3,2,5,0,2,1,2,0,4,5,0,1,3,4,1,3,1,1,2,1,1,0,1,2,2,2,1,3,0,1,3,1,3,1,2,1,3,3,0,0,1,1,1,1,0,1,0,1,0,0,1,0,1,1,1,1,0,1,0,3,3,0,1,0,2,4,2,0,2,0,1,2,1,0,0,1,0,1,1,2,4
donor_05_cell_003,1,0,2,3,0,0,4,9,2,5,3,7,0,4,1,0,0,1,3,2,1,1,1,3,2,0,4,1,0,4,4,0,0,1,1,1,0,3,2,2,1,2,1,2,6,1,4,2,3,1,1,0,3,0,1,1,3,3,0,1,1,1,6,2,2,1,0,2,0,2,1,1,1,1,0,4,1,3,0,1,2,0,1,0,0,2,2,0,1,1,1,3,0,1,2,3,1,0,1,2,2,2,0,3,5,0,0,0,1,2,1,1,0,0,0,3,3,3,3,3,0,1,1,1,1,3,1,1,0,3,1,1,2,3,1,1,1,3,2,1,3,0,1,2,2,2,1,0,1,0,1,1,0,2,0,2,1,3,1,2,2,1,4,0,0,1,6,0,0,3,1,2,0,1,0,1,1,3,2,6,3,2,1,1,2,5,2,0,0,4,2,0,0,2,0,1,2,1,1,0,2,4,2,0,0,0,2,0,0,1,3,5,1,4,3,1,2,0,5,0,1,2,2,1,1,0,1,4,1,1,1,2,0,1,0,2,0,1,0,2,1,2,2,2,2,2,0,1,0,1,3,2,1,1,1,1,3,1,1,2,1,1,2,1,0,0,0,0,0,0,1,1,0,6,1,1,0,0,4,0,0,1,0,0,3,0,0,1,1,1,2,0,2,0,2,1,0,1,3,1
donor_05_cell_004,1,1,1,2,1,3,10,11,4,7,8,10,0,3,3,1,0,2,1,0,2,1,3,2,2,2,0,2,0,3,1,1,1,0,1,3,2,1,1,5,1,3,2,2,1,0,1,2,4,0,0,1,2,2,3,4,1,7,0,0,2,3,1,2,3,1,2,3,0,2,1,2,2,0,1,3,2,2,1,4,5,4,2,2,2,3,3,2,0,0,1,0,4,2,3,5,1,1,1,2,2,2,2,1,1,2,0,1,1,3,2,1,2,2,0,1,0,4,1,5,2,5,0,1,2,0,1,2,0,1,1,3,2,2,4,0,1,1,1,1,2,4,6,2,0,1,0,2,1,1,2,1,1,2,0,7,1,2,3,2,0,3,2,1,2,2,2,1,1,5,2,3,2,5,0,1,4,4,4,4,4,4,0,2,2,1,1,2,6,0,3,2,2,4,1,1,4,3,1,2,1,4,3,3,2,3,1,1,4,3,2,2,1,2,3,1,4,0,5,0,1,1,2,2,0,2,0,3,2,1,1,3,3,4,4,1,1,1,1,0,0,4,2,5,1,5,1,3,1,1,1,1,3,2,1,5,3,1,0,0,1,1,0,2,1,1,2,0,2,0,0,0,3,0,3,1,2,3,4,3,0,1,2,2,0,3,1,2,0,1,2,2,2,1,4,3,5,4,2,4
donor_05_cell_005,0,0,2,0,0,0,7,9,4,6,6,9,2,0,2,1,2,0,2,2,1,3,2,5,2,3,2,5,0,1,0,0,0,3,0,4,0,3,1,1,1,3,1,1,3,0,1,0,2,1,1,1,3,2,4,6,1,3,1,0,5,3,0,4,1,0,1,0,2,1,0,0,3,2,0,3,1,1,0,1,2,0,2,0,1,1,1,0,0,3,1,2,1,0,1,2,1,0,1,4,4,2,0,2,1,1,7,0,0,2,1,0,2,3,3,3,3,4,0,2,4,2,2,2,3,2,0,1,0,0,0,6,1,2,3,2,1,0,2,1,0,0,1,5,2,2,2,7,1,0,3,4,2,0,2,1,2,0,3,0,0,2,2,1,4,1,4,1,1,1,1,1,3,1,1,2,0,3,4,3,2,1,2,0,3,2,3,1,2,1,5,1,1,1,4,2,3,1,1,1,2,3,3,0,2,2,1,1,1,4,1,1,0,2,3,2,0,1,4,0,1,5,3,0,0,6,0,0,1,1,3,3,4,1,1,4,4,0,1,1,1,2,0,0,3,3,2,3,0,1,2,0,1,1,3,0,1,0,0,3,1,0,1,0,0,3,1,3,0,1,4,1,0,4,2,2,1,4,2,4,1,2,2,3,2,0,1,0,2,2,2,1,1,0,1,4,2,4,2,3
donor_05_cell_006,0,0,0,1,2,2,9,5,3,5,3,10,3,5,2,2,2,0,3,1,3,1,1,3,1,1,2,0,1,2,5,1,1,0,3,3,2,2,0,1,2,3,2,0,5,5,0,2,1,0,2,1,0,1,3,4,2,4,2,0,3,2,1,5,1,3,4,1,0,3,1,1,1,0,1,1,0,1,3,2,0,1,0,3,0,3,1,2,0,2,1,0,0,2,0,3,1,0,1,3,1,2,2,4,2,1,1,0,1,3,3,2,1,0,2,0,4,1,0,3,1,2,2,3,1,3,1,2,2,0,1,2,3,1,0,1,1,0,2,0,2,1,1,1,1,1,0,1,0,0,1,3,1,3,1,4,1,2,2,0,2,3,2,1,0,0,0,2,0,0,0,1,2,3,0,0,2,4,1,1,4,1,0,1,1,5,4,1,6,0,2,1,1,2,3,0,0,1,0,3,1,3,1,1,3,0,0,2,0,4,2,0,1,1,0,2,0,3,0,2,5,2,1,1,2,1,0,1,2,0,1,1,6,1,1,3,1,5,2,1,0,5,2,0,2,1,1,2,3,1,2,1,2,0,3,0,4,1,0,2,1,2,0,2,2,1,0,0,3,1,1,1,3,0,1,0,2,1,7,3,0,1,2,2,1,1,0,0,2,1,1,0,3,2,2,0,2,1,0,2
donor_05_cell_007,0,1,3,0,3,2,3,7,6,3,3,7,2,2,2,1,2,0,2,1,1,2,0,4,1,1,2,0,1,3,3,5,4,2,0,0,2,3,1,1,2,3,1,0,0,5,2,1,0,0,2,1,1,1,2,4,2,2,0,1,2,2,2,1,0,0,2,1,0,0,2,1,4,0,0,1,2,1,0,2,2,4,2,3,1,1,4,2,2,2,1,5,5,2,0,1,4,0,0,2,3,3,2,1,1,2,2,3,2,4,0,3,1,0,1,1,2,0,0,5,1,2,1,2,0,1,1,0,2,1,1,0,2,0,0,0,2,1,1,0,0,2,2,1,0,2,0,2,3,2,0,2,1,1,1,4,1,3,1,2,4,4,0,1,1,2,0,1,2,1,0,0,2,1,1,1,1,4,2,1,0,0,3,2,2,3,0,2,1,2,3,0,3,5,5,0,2,6,2,1,0,5,5,3,0,1,0,1,1,2,0,0,0,2,3,0,3,1,3,0,0,5,3,0,0,2,1,3,2,1,0,3,2,2,5,3,2,4,0,2,0,0,1,1,2,1,0,1,2,1,2,1,1,2,0,2,1,1,1,3,1,4,1,3,1,0,1,2,1,1,0,0,0,3,1,0,0,5,3,3,1,1,1,1,0,0,1,1,2,1,3,0,4,2,2,2,0,3,4,1
donor_05_cell_008,0,1,4,4,0,2,9,6,3,3,4,7,3,2,0,1,3,1,3,3,2,1,1,3,4,0,3,2,2,5,4,7,2,0,2,1,1,2,1,8,1,4,2,3,0,1,2,1,1,1,1,1,1,1,4,3,2,0,2,1,2,5,0,3,4,2,2,1,0,1,3,1,2,2,4,4,2,6,2,0,1,1,2,2,0,0,2,1,2,3,1,4,4,4,3,4,0,2,3,1,6,5,0,4,1,2,2,1,1,2,4,1,2,2,1,2,3,1,0,8,2,2,0,1,1,0,1,1,0,2,4,2,1,0,2,0,0,3,3,0,3,2,4,1,1,3,0,0,1,0,1,4,1,2,3,2,5,1,2,0,0,4,0,1,1,2,1,2,0,2,0,3,1,6,1,1,0,3,5,6,0,1,2,0,2,0,2,0,0,0,1,2,1,3,0,1,3,3,2,0,2,3,3,2,1,1,1,1,1,2,2,3,4,2,4,1,1,6,4,4,2,0,4,1,1,2,1,1,2,1,3,2,3,1,3,4,2,4,4,2,1,1,3,0,1,1,0,1,1,3,2,5,1,3,0,1,4,0,2,3,1,2,1,3,2,1,0,1,3,0,0,0,0,1,2,2,2,1,3,5,0,1,2,0,3,1,1,5,3,0,1,1,4,2,5,5,2,4,3,2
donor_05_cell_009,1,0,1,4,1,3,8,10,2,6,3,8,1,4,1,2,3,0,3,1,3,1,2,2,3,1,2,1,0,3,3,1,2,2,0,1,0,0,1,1,3,1,0,1,2,2,1,0,1,2,2,1,2,0,4,1,2,1,2,0,2,1,2,7,2,3,4,3,0,3,1,7,2,2,1,2,2,2,2,3,5,2,1,2,2,3,2,1,0,4,3,2,1,1,1,1,1,1,0,2,1,0,0,4,1,4,1,4,1,1,3,3,0,0,2,3,3,3,2,2,1,1,2,2,1,1,1,3,2,3,1,4,2,4,1,3,2,2,3,1,1,1,1,1,1,0,1,5,2,1,2,2,2,0,1,2,1,1,0,0,0,5,1,2,1,1,2,2,1,0,2,2,2,1,0,0,3,4,1,2,3,1,0,2,0,3,0,1,0,1,0,0,1,4,0,1,1,8,1,2,3,1,3,2,0,1,1,2,1,1,0,0,1,1,1,0,2,0,4,3,1,2,3,4,2,2,3,2,1,0,3,1,2,2,2,3,0,0,0,1,0,4,3,2,4,4,3,0,0,3,3,0,2,1,1,1,0,1,0,2,1,2,2,0,3,1,3,1,1,1,0,0,2,1,2,1,1,2,2,0,1,1,2,2,2,0,1,1,1,0,1,0,1,1,1,1,4,3,4,2
donor_05_cell_010,1,0,2,5,2,1,4,8,2,4,7,7,4,1,1,1,1,1,2,4,1,2,3,0,1,1,4,0,0,0,2,2,1,2,1,2,2,1,0,3,1,3,1,1,6,2,1,1,2,0,3,1,3,3,4,1,0,0,1,0,3,2,3,1,0,2,0,1,0,1,1,0,2,1,1,1,0,1,1,2,1,1,2,0,2,0,4,2,2,3,2,4,3,2,1,1,1,1,0,1,0,2,1,4,6,4,2,1,2,4,3,0,3,1,0,3,3,2,3,3,5,2,0,1,0,6,0,2,1,2,2,1,1,1,0,1,4,1,2,0,0,2,7,0,1,2,1,2,0,0,1,0,0,1,1,2,3,0,4,2,0,0,0,2,2,2,3,1,2,2,1,1,2,1,1,2,1,3,1,7,0,3,0,4,1,2,0,0,1,3,4,2,1,1,1,0,1,3,1,2,2,0,4,1,0,1,1,1,1,2,0,2,0,2,2,3,2,0,2,2,3,2,1,3,1,2,1,1,3,1,1,1,2,0,3,2,1,0,0,1,3,1,3,3,2,1,3,2,1,1,1,1,2,0,0,1,0,0,1,0,1,1,1,1,1,2,2,1,2,0,2,1,0,1,1,2,1,0,2,4,0,1,0,1,3,0,0,5,3,1,2,1,3,1,2,2,2,3,0,1
donor_05_cell_011,1,1,2,2,2,1,8,10,4,3,4,7,1,4,2,6,2,1,3,3,1,2,6,1,1,1,1,1,0,2,2,4,1,4,4,3,2,1,0,1,2,4,6,1,1,2,1,2,1,2,0,1,5,0,3,4,1,2,1,0,1,1,3,2,2,0,1,3,2,3,0,3,5,0,0,1,3,1,1,3,3,2,1,3,0,2,1,4,2,2,0,0,2,0,0,2,1,0,1,4,5,1,3,1,3,1,1,2,0,2,1,2,2,2,0,3,3,4,1,4,2,0,2,1,2,2,0,0,2,0,1,2,1,2,1,1,5,2,3,1,3,1,1,4,4,1,1,3,0,2,2,1,0,0,1,3,4,1,1,2,0,1,2,0,3,0,3,7,3,5,2,3,0,3,2,3,1,5,4,2,2,5,0,3,3,4,3,3,1,6,2,3,1,3,1,3,5,3,4,4,1,5,2,0,0,0,3,2,0,1,3,2,0,0,0,2,1,2,3,3,1,5,3,1,1,4,2,2,4,2,0,3,4,2,2,3,4,3,0,1,2,4,1,2,1,3,4,1,3,1,3,3,5,1,0,1,2,1,0,2,4,3,1,0,0,0,1,2,1,2,1,0,3,3,2,4,1,2,3,3,0,3,1,2,3,8,2,3,1,1,2,1,2,2,3,1,0,7,2,2
donor_05_cell_012,3,0,2,2,1,2,9,3,2,5,3,6,1,3,1,0,0,0,2,3,1,1,2,3,2,2,2,0,0,2,2,4,0,0,2,2,2,3,1,2,1,3,1,0,2,0,6,2,4,1,1,0,1,3,1,4,0,0,2,0,4,2,1,2,1,1,3,2,1,1,0,1,6,4,0,1,1,3,4,1,1,0,1,2,1,1,2,1,1,1,2,2,1,1,2,2,0,0,2,0,4,1,1,3,1,2,5,0,1,2,0,0,0,0,4,2,1,8,3,0,3,0,1,0,1,4,1,0,2,6,2,0,2,1,1,0,1,1,3,1,1,1,3,1,1,2,0,0,1,0,2,0,2,1,1,0,0,4,4,1,1,3,3,0,0,3,0,3,1,2,0,2,1,3,4,3,1,7,0,2,3,6,4,3,3,2,1,2,3,1,2,2,0,6,0,2,3,2,1,1,0,3,2,1,0,2,0,3,1,2,0,2,0,2,4,2,1,1,1,2,1,3,2,1,0,2,1,4,3,2,0,1,1,2,5,3,1,2,0,1,1,2,1,1,1,1,3,2,1,1,4,2,0,1,3,0,3,2,1,1,1,1,1,0,4,0,1,0,0,0,1,0,1,1,2,1,1,1,2,1,0,1,1,0,1,2,1,0,3,0,2,0,1,0,1,1,0,2,2,1
donor_05_cell_013,1,0,6,5,2,2,4,5,1,7,3,10,2,1,1,2,2,1,2,3,4,1,4,3,0,0,3,0,1,0,3,2,3,0,1,2,1,0,0,2,0,0,0,2,4,7,2,4,3,2,1,1,3,1,3,0,2,3,2,1,0,2,2,2,1,2,2,0,0,5,0,0,5,2,5,0,0,0,0,2,1,1,1,0,1,2,4,0,0,2,2,0,2,0,2,3,2,1,0,2,2,2,2,1,3,4,2,3,2,3,6,0,2,3,1,2,1,7,3,4,1,2,0,3,1,1,1,0,1,1,2,0,0,1,5,0,1,3,4,1,0,1,3,2,2,0,0,2,1,2,5,3,1,1,1,1,2,0,1,1,1,2,2,1,0,0,2,0,1,0,1,4,0,4,1,0,4,2,0,1,1,1,1,2,2,1,2,0,5,0,2,1,0,2,1,0,1,1,2,2,1,6,3,1,2,2,1,4,1,2,2,0,0,3,0,2,0,0,4,4,1,1,1,4,2,1,1,2,3,2,0,5,1,2,0,1,1,4,0,0,1,2,1,3,4,3,2,1,0,5,2,2,2,3,1,3,4,1,0,0,2,0,3,1,0,0,1,0,2,0,1,1,0,1,5,2,1,2,2,4,0,0,1,4,1,0,0,0,2,1,1,1,0,1,3,1,4,1,3,2
donor_05_cell_014,1,0,1,3,3,0,4,8,3,5,5,8,2,6,1,1,1,2,4,2,4,2,1,2,1,1,1,4,3,4,0,1,2,2,2,1,1,2,0,0,1,3,3,1,3,1,2,6,1,0,1,1,1,2,3,4,3,3,0,0,1,1,0,1,2,0,1,2,0,2,1,0,3,0,0,3,1,1,0,1,1,0,2,1,3,2,2,2,1,3,0,2,3,2,2,4,1,1,0,4,2,2,3,6,4,4,3,1,1,4,1,0,0,1,4,1,1,4,4,2,0,0,1,2,0,2,1,2,0,0,0,3,4,3,1,0,2,1,3,0,2,2,3,3,1,2,1,5,4,0,1,3,1,2,1,1,1,3,1,2,2,3,2,1,2,1,3,2,2,1,4,1,1,5,0,2,1,5,3,1,1,2,2,1,1,7,2,1,1,1,3,1,3,0,1,1,1,1,0,0,1,3,2,0,1,0,1,0,1,2,2,2,1,0,2,0,0,0,2,1,0,3,0,2,2,3,0,2,2,1,2,1,4,1,2,4,0,3,0,0,1,1,0,0,2,5,1,1,0,2,3,1,0,2,1,0,3,0,0,0,3,0,0,2,4,2,3,2,0,2,0,0,1,3,0,1,0,1,2,1,1,4,2,3,2,0,1,1,2,1,1,1,3,0,0,3,4,3,3,1
donor_05_cell_015,0,0,1,2,1,4,9,5,1,3,5,5,1,3,5,3,3,1,4,0,1,2,2,3,1,1,2,0,2,0,2,1,2,2,1,0,1,1,1,2,1,2,0,1,2,0,2,1,1,3,2,2,6,3,4,1,4,2,0,0,1,0,2,2,2,0,2,0,0,2,2,2,2,0,2,3,4,0,4,2,2,1,0,0,1,2,5,1,1,0,1,0,3,2,0,3,0,1,1,3,2,1,0,2,3,2,5,2,0,5,0,0,1,2,2,4,3,2,1,0,1,3,3,0,2,1,0,0,1,2,1,5,1,1,1,3,2,0,1,1,1,1,1,3,2,3,0,2,2,2,3,5,0,4,0,2,1,1,1,2,1,5,0,0,2,1,1,1,0,3,1,0,1,1,0,1,4,2,0,0,4,1,2,3,2,4,1,1,5,1,3,0,1,2,1,1,1,2,2,1,2,2,3,0,3,0,2,0,2,2,0,0,1,0,3,1,1,0,5,3,4,0,2,5,1,4,1,3,0,0,3,2,1,0,2,4,2,2,0,0,5,2,0,0,1,2,3,0,1,4,3,2,0,5,3,2,2,0,0,1,2,2,1,0,1,0,0,1,0,0,1,3,1,1,2,0,1,2,1,1,0,2,4,2,0,2,0,1,1,0,3,3,1,2,2,1,0,0,1,2
donor_05_cell_016,1,1,2,3,2,1,8,7,4,10,6,12,3,3,5,2,2,3,5,3,0,4,4,3,1,1,0,0,0,1,2,1,0,0,0,1,2,1,1,3,3,2,1,0,4,2,2,0,5,1,1,0,3,1,5,2,0,1,2,1,2,2,4,2,2,2,6,1,0,1,0,1,4,3,0,1,2,3,1,2,1,2,1,0,0,0,1,3,1,1,1,5,4,2,2,1,1,2,1,3,0,1,1,6,6,3,3,0,1,4,1,2,2,0,2,0,3,2,0,5,1,1,0,0,2,2,1,0,0,3,2,2,2,3,3,1,3,2,1,3,1,0,6,4,0,3,2,3,2,0,7,1,1,2,0,3,2,4,2,2,2,3,0,0,3,1,5,0,1,4,1,1,2,0,2,0,3,4,7,5,1,6,2,2,0,5,0,0,4,4,4,2,0,4,2,1,2,0,2,0,4,3,2,1,3,0,2,1,0,1,3,3,0,3,2,2,0,2,3,1,2,3,2,5,0,1,2,2,2,1,1,1,6,6,6,4,1,0,2,1,1,1,1,0,2,0,0,1,3,2,5,2,2,2,1,5,1,0,2,6,3,1,2,1,3,0,1,1,0,2,1,0,4,2,3,2,1,2,5,0,2,1,1,2,1,1,1,1,0,1,3,1,3,0,2,0,3,6,2,0
donor_05_cell_017,0,0,1,2,0,1,12,14,2,8,4,4,2,0,2,1,4,0,3,2,4,4,3,6,5,3,4,0,0,1,2,6,1,0,0,0,3,0,3,4,3,3,3,2,6,1,1,0,5,2,0,2,2,0,1,0,3,3,1,0,5,1,2,3,2,1,0,1,2,3,1,0,2,0,0,2,0,2,2,0,0,0,1,0,0,0,2,3,0,3,0,3,0,1,3,3,2,0,1,3,2,1,3,2,2,1,0,2,2,5,2,0,2,0,2,3,7,2,3,2,0,3,0,1,0,4,1,1,2,3,2,3,2,2,2,1,3,2,2,0,2,2,1,1,3,1,1,1,2,0,5,2,3,4,0,3,0,2,3,1,3,1,3,3,1,2,2,1,1,1,1,1,1,2,1,1,0,3,0,1,1,3,2,2,0,3,0,1,1,1,3,2,2,4,0,4,1,1,1,1,0,3,0,0,0,0,0,3,0,2,4,0,3,1,0,3,1,2,3,3,3,4,0,3,0,4,0,3,0,1,4,2,4,1,1,1,4,3,2,1,4,3,2,2,4,2,1,1,3,5,4,5,0,1,0,1,4,1,2,0,2,2,2,1,4,0,2,3,0,1,1,1,1,1,2,0,2,0,1,1,0,1,1,2,2,2,0,0,2,0,1,1,3,3,3,4,3,2,2,2
donor_05_cell_018,0,0,3,3,0,4,9,13,6,4,8,8,2,1,6,1,1,1,4,0,1,2,4,2,0,4,0,1,0,1,5,2,0,3,1,0,2,1,1,3,2,2,0,3,8,5,3,0,0,0,1,1,2,1,5,1,0,1,1,2,1,0,1,4,0,3,1,2,0,0,1,1,3,2,3,2,1,2,4,2,4,2,5,2,1,1,2,2,2,2,0,0,3,1,5,1,4,0,1,3,3,1,0,1,2,7,1,1,0,0,2,2,0,2,0,4,2,2,2,7,0,2,1,1,2,2,1,1,1,0,1,3,2,3,1,0,3,1,6,2,2,1,4,2,0,1,3,3,1,2,5,2,0,4,0,1,0,2,1,1,2,5,1,1,2,3,1,5,3,5,1,3,2,3,0,0,2,3,1,1,4,4,1,3,6,4,2,0,3,0,2,4,2,6,2,0,2,2,0,2,4,0,1,4,1,0,2,1,2,1,1,1,2,6,2,2,1,5,3,2,3,2,2,3,5,2,1,3,1,0,0,1,4,0,3,5,3,4,1,4,8,2,2,1,4,2,0,3,0,4,4,2,2,2,0,3,6,1,0,3,1,2,1,0,2,2,5,2,5,1,1,2,2,4,1,0,0,3,4,2,0,4,0,1,3,3,1,2,1,2,3,1,4,2,2,2,3,4,3,3
donor_05_cell_019,1,0,1,0,0,3,8,3,1,1,3,3,2,3,2,1,0,1,3,5,0,1,2,3,2,1,0,1,0,1,1,3,0,2,0,0,2,2,0,4,0,3,2,3,2,3,2,0,2,1,1,0,0,1,3,2,0,1,0,1,2,1,1,2,1,1,4,0,2,0,0,0,0,0,1,3,1,2,2,3,1,0,0,1,0,2,1,5,0,4,0,1,1,1,0,4,1,1,0,3,1,0,1,1,0,1,1,2,2,2,1,2,0,1,0,0,1,2,2,1,0,0,1,2,0,0,2,1,2,3,0,1,3,1,2,0,1,1,3,1,1,2,0,0,2,5,0,1,1,0,2,0,0,0,1,0,3,4,3,2,2,5,1,0,0,0,3,5,0,1,2,1,1,4,1,0,0,2,0,3,2,1,2,3,2,5,2,1,2,0,3,1,2,0,2,1,1,0,1,1,5,1,3,2,1,0,0,0,1,0,2,4,1,1,1,0,2,3,2,0,1,1,1,1,1,3,1,0,2,4,0,0,2,2,0,3,0,1,1,0,3,5,0,1,1,1,0,0,2,5,2,5,4,1,2,0,3,5,2,1,0,1,2,2,1,2,0,2,1,1,1,2,0,0,1,2,1,0,3,2,0,1,0,3,2,1,1,1,1,0,4,0,0,0,2,4,4,0,2,1
donor_05_cell_020,0,0,0,3,3,2,4,9,1,7,4,6,0,2,1,2,4,0,6,1,3,2,1,0,0,1,2,1,6,1,3,3,1,1,3,0,2,1,1,2,1,0,1,2,0,3,2,2,2,0,0,0,1,3,1,1,0,2,0,2,0,4,4,3,1,1,1,2,1,4,1,0,1,1,0,0,1,0,0,4,2,2,4,1,2,0,5,2,2,2,1,3,1,1,1,3,2,4,2,1,3,1,2,5,3,0,4,1,2,1,1,0,1,3,0,2,0,3,1,1,1,1,2,0,0,0,0,3,1,3,0,4,1,1,3,0,4,2,3,1,2,0,1,2,3,1,0,0,1,1,2,4,0,4,2,2,1,2,3,2,0,1,1,0,3,0,2,4,2,2,0,2,0,4,2,0,2,4,1,2,5,4,0,2,1,0,2,0,2,1,1,1,4,1,1,1,2,1,1,1,3,3,4,1,1,1,1,1,0,0,1,0,1,1,1,4,2,0,1,2,1,2,2,1,0,3,1,1,1,0,0,1,1,2,5,3,1,3,1,0,5,3,0,4,1,1,2,1,2,1,1,1,0,3,0,3,2,0,0,2,1,3,0,1,1,1,5,1,0,1,1,0,1,5,2,1,0,0,1,1,1,2,0,0,2,3,1,0,1,1,0,0,2,0,3,1,5,3,0,3
donor_05_cell_021,0,0,1,0,0,1,6,4,2,7,4,2,3,2,2,0,0,0,4,3,0,2,1,2,2,1,3,0,2,4,1,0,0,1,3,0,2,2,1,0,3,3,2,2,3,4,0,2,1,0,1,1,1,5,2,2,1,2,2,0,1,0,2,3,1,1,3,1,1,0,0,2,0,0,1,1,3,0,5,1,0,1,1,2,2,1,0,3,1,1,0,1,3,2,1,0,0,0,0,1,0,2,2,6,1,0,0,0,2,4,3,1,1,2,0,2,3,3,2,1,3,2,0,0,0,5,0,2,1,1,0,3,2,3,2,1,1,2,1,0,1,2,5,1,1,3,0,1,0,1,2,2,2,0,0,1,4,3,1,2,0,0,3,0,2,0,1,2,2,4,0,4,1,3,0,0,0,3,3,2,0,3,0,2,0,2,1,0,3,0,1,0,1,2,1,1,4,2,0,1,4,2,0,0,0,0,2,1,2,1,2,3,1,4,4,1,1,1,2,1,0,2,0,1,0,0,1,2,2,0,1,0,6,1,2,3,3,3,0,2,1,3,0,2,2,1,1,1,1,3,3,2,2,1,0,1,3,1,0,1,0,1,4,1,2,2,1,0,0,1,1,2,1,1,0,1,4,3,3,0,0,1,1,2,0,0,1,1,1,1,4,1,3,1,2,2,4,3,0,0
donor_05_cell_022,0,0,1,2,2,2,10,4,6,4,4,9,4,0,3,1,0,0,3,2,2,0,4,4,1,0,0,2,1,0,1,3,2,2,1,1,0,1,1,3,3,5,0,2,1,2,1,1,6,0,1,1,3,2,1,3,3,2,1,1,1,1,1,1,4,0,1,1,3,1,2,2,2,2,1,1,1,3,1,2,2,2,4,4,0,2,2,3,2,0,1,0,3,0,0,1,0,0,2,3,2,1,0,3,2,3,4,2,2,1,0,2,3,1,3,3,2,0,0,3,1,1,0,1,0,4,2,1,0,0,2,4,3,3,1,0,3,3,2,0,0,4,1,3,0,1,0,2,0,0,0,2,0,0,4,1,1,0,4,3,1,3,2,2,3,1,2,1,1,3,0,1,1,0,1,2,4,3,1,1,4,1,3,1,0,7,0,1,3,0,2,0,1,1,1,1,2,1,0,1,2,3,3,0,1,0,2,3,0,2,4,2,1,0,2,2,0,1,1,0,2,3,3,4,3,3,0,5,1,1,2,0,1,1,4,2,2,4,0,2,1,3,1,1,4,3,1,3,1,1,1,1,2,1,1,3,2,5,1,5,2,3,0,0,2,2,2,2,0,2,2,1,0,3,0,2,0,3,2,2,0,1,2,0,3,3,1,2,3,3,3,0,1,0,3,2,4,10,1,1
donor_05_cell_023,0,1,3,3,5,5,5,7,3,7,8,3,4,3,3,0,2,3,0,2,1,1,1,0,2,2,1,0,2,0,3,0,4,0,0,1,1,1,1,2,2,4,1,2,4,2,1,0,0,1,1,2,2,2,3,0,0,3,0,2,0,0,2,2,0,3,5,2,2,0,0,2,4,2,0,1,1,2,0,2,0,2,1,0,1,1,5,0,1,1,1,2,3,0,0,3,1,1,0,3,1,2,0,1,3,2,4,1,0,2,4,2,1,2,0,2,0,1,0,1,3,0,1,0,1,1,1,2,2,5,0,0,1,1,4,0,1,2,1,1,1,2,4,1,2,2,2,2,5,1,3,2,1,0,0,4,2,4,0,1,1,1,0,0,2,1,3,1,0,3,0,1,2,3,2,1,1,2,1,2,0,1,0,2,1,3,2,0,0,2,3,1,0,1,0,2,0,2,0,1,3,7,2,1,1,1,3,2,1,0,0,2,1,2,1,2,2,3,2,0,0,2,1,1,2,2,1,0,1,4,2,0,1,3,4,0,0,3,0,1,4,2,0,1,2,3,0,2,0,0,4,2,1,0,0,5,0,4,0,0,1,1,0,2,0,1,1,0,1,1,0,2,3,1,2,1,0,2,1,0,1,0,0,0,2,0,1,3,2,2,0,0,4,1,6,1,2,5,2,0
donor_05_cell_024,0,1,0,1,0,2,9,4,4,4,3,10,3,5,1,0,1,1,1,2,0,1,3,0,2,1,7,1,1,2,1,1,1,1,0,1,1,2,0,2,0,3,3,2,1,2,1,0,2,0,1,1,5,4,1,1,1,1,0,1,3,2,1,3,0,1,0,3,1,0,3,1,7,0,1,1,2,3,2,5,4,1,3,1,0,1,2,1,1,3,2,1,0,1,2,0,3,1,1,1,3,2,1,0,2,1,4,3,0,1,1,1,2,3,1,3,1,2,0,3,1,0,2,1,1,0,2,1,0,1,0,3,2,0,0,1,0,0,1,3,0,3,3,2,1,1,1,1,1,1,4,0,0,1,2,2,1,1,1,3,2,2,2,2,1,1,0,1,2,5,3,0,0,3,1,1,3,0,2,0,2,3,0,2,1,3,1,1,3,1,2,2,4,5,0,1,2,3,2,2,4,3,0,1,0,0,0,2,0,2,2,3,0,1,4,2,1,2,4,0,0,0,2,3,3,2,3,1,0,2,0,1,3,0,3,3,4,0,0,0,1,4,0,2,2,3,5,0,0,1,0,3,3,0,2,2,1,0,3,0,0,2,3,0,1,1,2,0,1,0,0,0,1,0,1,0,3,1,0,3,2,2,1,2,2,1,1,2,4,0,0,0,3,0,1,2,3,2,2,2
donor_05_cell_025,0,0,0,1,1,0,7,7,1,6,4,6,3,2,2,3,2,0,3,0,1,1,2,3,3,1,2,0,2,1,1,2,1,3,1,1,1,2,1,1,0,1,0,0,4,3,1,0,3,0,1,1,2,4,2,3,0,3,1,0,1,0,0,3,2,0,3,1,1,1,1,1,2,2,0,1,2,0,0,0,2,1,2,1,1,0,3,2,1,2,1,1,1,2,0,1,0,0,1,3,0,2,1,3,2,6,1,0,0,4,2,1,2,1,4,2,1,1,2,0,0,1,1,2,0,0,0,1,0,4,1,1,1,0,0,0,1,1,2,0,1,1,4,4,0,2,2,3,0,0,2,3,0,2,1,0,1,4,1,1,0,3,0,1,1,2,3,2,1,3,1,3,1,5,4,0,1,0,1,2,2,5,2,1,2,4,1,0,2,0,6,1,2,3,0,1,0,5,1,4,1,1,1,1,1,1,0,3,1,1,3,3,0,1,7,1,1,2,0,1,3,0,3,1,2,1,1,1,3,0,0,0,4,2,1,3,1,1,1,0,2,3,0,0,4,1,2,0,1,0,4,3,2,2,2,2,3,3,0,0,2,1,1,1,1,2,0,0,1,0,1,0,1,0,5,2,2,2,0,3,1,0,1,0,1,1,1,0,1,1,1,0,1,1,2,1,3,1,1,1
donor_05_cell_026,0,1,3,2,3,3,11,9,2,3,4,14,2,3,3,1,0,0,4,3,1,3,2,1,4,2,3,0,1,4,2,4,1,0,1,1,1,1,1,1,0,5,2,4,5,3,6,1,3,4,0,1,3,2,1,1,2,2,2,2,3,3,2,7,4,4,4,2,1,2,2,2,3,2,1,4,2,3,1,3,0,2,2,0,1,2,3,0,0,0,2,2,2,5,1,1,2,0,1,3,4,0,1,1,3,2,1,1,0,4,4,2,0,1,1,2,4,3,1,2,2,5,2,2,0,2,3,0,2,0,1,2,3,1,2,3,5,6,2,1,2,1,3,3,0,2,0,1,2,2,1,2,0,2,1,2,0,2,1,2,0,3,1,1,2,1,6,3,2,2,1,3,2,3,0,1,0,9,2,0,1,3,1,2,1,1,2,0,2,4,7,3,3,1,1,3,2,7,0,4,2,1,1,0,1,1,0,2,0,1,3,2,1,5,5,1,0,2,3,1,1,2,1,3,2,2,0,4,1,1,1,0,4,2,3,4,2,7,1,0,3,1,1,3,2,2,1,2,1,0,3,2,2,3,4,3,2,3,0,1,1,1,4,2,4,0,3,0,3,1,2,1,3,1,7,0,0,1,5,2,0,0,1,2,4,1,0,0,2,0,4,1,2,3,1,0,5,2,3,2
donor_05_cell_027,0,0,0,3,1,4,2,15,2,5,6,6,2,1,0,0,0,0,2,3,4,2,2,4,1,1,3,3,0,3,3,6,4,3,2,1,3,3,1,2,1,1,2,1,3,3,0,0,2,0,3,3,1,2,3,2,2,1,3,1,3,2,2,2,2,0,7,2,1,2,2,2,4,1,0,2,2,5,1,1,5,1,4,1,1,2,0,3,0,1,0,3,0,2,2,2,1,2,0,0,2,2,3,3,1,5,3,1,1,2,3,1,3,2,2,4,0,8,2,0,3,4,3,3,0,3,7,0,1,2,0,1,1,1,4,1,1,3,2,1,3,4,6,2,4,1,3,2,2,0,2,1,3,3,0,2,2,5,2,1,2,8,2,0,2,1,0,4,0,2,2,1,1,2,2,5,2,4,4,3,4,3,1,2,5,1,3,2,4,1,8,2,3,3,1,0,3,3,1,1,3,3,3,1,0,3,1,3,3,6,0,1,1,0,1,3,6,2,3,3,1,5,1,3,5,4,0,1,0,2,2,0,0,3,5,0,0,0,0,0,1,6,1,1,2,3,1,1,1,2,0,2,5,1,5,3,3,1,0,4,0,2,1,3,3,1,6,0,2,1,0,3,2,0,4,1,1,1,2,5,1,4,4,0,1,1,1,0,2,1,2,0,2,0,3,1,1,4,2,1
donor_05_cell_028,0,0,2,1,0,3,7,9,6,6,0,6,6,3,4,1,0,0,3,0,6,3,2,1,2,0,1,0,2,0,2,2,2,0,2,2,2,0,1,2,0,2,4,4,4,4,3,2,1,1,3,1,3,3,0,4,3,3,1,1,0,2,5,0,3,3,3,1,0,3,1,3,3,0,0,0,2,1,2,3,3,2,1,0,1,1,0,1,1,0,1,2,1,3,2,3,2,0,2,2,3,4,1,3,1,2,3,2,1,2,0,0,1,2,1,4,1,1,4,3,1,4,0,1,1,0,1,2,0,1,0,3,1,1,0,1,5,0,0,0,0,1,3,2,2,1,1,2,1,0,2,5,2,0,0,3,4,1,3,2,1,3,0,0,3,4,3,3,2,2,1,0,3,6,0,0,3,3,1,5,2,5,2,1,1,4,1,1,2,0,7,2,1,2,0,1,3,3,1,2,2,5,2,2,2,1,2,2,0,2,4,0,3,1,5,2,2,6,5,1,1,1,1,6,2,1,0,1,1,1,1,0,3,0,4,1,2,6,0,0,2,5,4,1,2,6,1,0,3,0,3,3,1,1,4,4,2,0,1,1,0,1,1,3,1,1,3,0,4,3,1,0,0,2,4,0,3,0,4,2,1,0,0,1,2,1,1,1,1,1,4,2,4,2,0,1,3,3,2,5
donor_05_cell_029,0,0,1,0,0,0,8,5,2,1,4,12,1,2,2,0,2,1,1,4,2,0,5,3,1,1,2,1,0,2,1,3,1,3,3,4,1,1,1,2,0,4,2,1,3,2,1,1,2,1,2,0,2,2,1,1,0,2,1,1,1,1,3,0,1,2,2,1,1,0,0,1,2,3,0,3,2,1,4,0,0,3,0,2,0,3,6,2,3,4,0,4,2,1,2,2,1,0,0,4,0,3,1,4,1,2,0,0,3,2,2,0,3,3,2,2,1,2,2,0,2,3,1,0,2,4,0,1,3,1,0,0,1,0,2,2,2,1,1,1,1,2,1,0,0,1,2,0,2,1,3,3,2,1,0,2,2,1,0,2,1,3,2,1,2,2,2,3,0,2,1,2,1,1,0,0,0,0,3,1,1,3,1,0,2,2,3,1,6,1,2,1,2,2,2,1,2,6,1,2,0,1,0,1,0,1,1,1,0,1,1,3,1,3,3,2,0,0,2,0,0,2,0,2,0,2,1,0,2,1,0,0,0,1,5,2,1,3,0,0,0,2,0,2,0,2,2,2,0,1,2,5,2,0,2,1,1,0,3,0,0,5,2,0,2,2,0,2,3,1,1,1,2,4,3,2,2,0,2,3,0,0,1,2,2,1,1,1,1,2,1,1,3,1,1,9,3,2,4,1
donor_05_cell_030,0,0,5,1,1,6,3,4,5,4,3,5,2,0,2,1,1,0,3,0,2,2,2,0,5,1,4,2,1,2,5,1,3,0,0,1,0,0,3,3,1,1,4,2,0,1,1,2,0,1,0,1,1,2,1,2,2,2,4,1,2,0,1,0,0,1,3,1,2,1,3,2,2,1,1,2,0,3,3,4,0,4,2,1,0,0,2,1,2,3,2,1,3,0,4,1,0,1,2,1,3,2,1,2,1,1,0,0,0,0,1,1,2,1,1,2,1,1,0,0,2,2,1,1,0,0,0,0,0,0,0,3,0,3,1,2,4,2,2,0,0,0,3,2,0,0,3,1,2,1,8,1,0,4,1,0,1,0,2,2,1,1,1,2,1,4,4,1,1,1,1,1,1,2,2,1,3,1,0,5,4,1,0,0,3,3,1,1,2,2,2,3,1,2,1,0,1,1,4,1,1,2,4,0,1,2,0,1,3,1,2,2,2,1,0,0,3,1,2,2,0,3,2,3,1,3,0,2,2,2,1,2,0,1,3,3,1,2,1,0,4,1,3,1,0,4,1,3,0,2,2,3,1,3,0,3,1,1,2,1,1,5,0,0,1,1,0,0,0,3,0,0,1,1,0,1,0,2,2,1,2,0,1,2,4,2,1,2,1,3,4,0,1,0,2,5,2,0,0,1
donor_05_cell_031,0,0,5,1,0,2,4,11,4,4,4,11,1,3,0,1,3,1,4,1,2,0,1,1,3,0,0,0,0,3,0,5,2,2,0,1,2,1,0,3,0,2,2,1,0,1,3,2,4,1,0,2,1,4,2,2,0,0,1,0,1,2,0,2,1,0,2,1,1,1,0,0,1,0,2,2,0,1,0,1,2,1,1,0,2,1,2,3,4,1,0,3,1,2,1,2,0,1,0,1,1,0,6,4,3,1,1,0,0,1,1,1,1,0,0,4,3,2,1,1,2,4,0,1,0,1,0,0,0,2,1,3,0,1,0,0,2,2,0,0,3,3,1,0,0,0,2,1,2,0,0,3,2,2,0,3,2,4,1,5,1,4,0,1,1,2,1,3,1,3,2,1,0,2,0,1,0,3,2,2,1,2,1,0,2,3,1,1,1,0,3,0,1,3,1,2,1,2,0,1,0,2,1,0,0,2,1,1,1,1,2,4,0,4,2,4,0,2,1,0,2,1,2,0,4,1,0,2,1,1,2,3,1,6,1,4,2,1,1,0,1,1,1,4,0,1,2,1,0,4,2,2,0,1,6,0,4,3,0,3,3,1,1,3,0,0,0,0,0,0,2,2,0,2,0,1,1,2,3,1,0,1,0,2,3,2,2,1,1,0,4,2,2,0,2,3,5,2,1,2
donor_05_cell_032,0,0,0,2,0,5,8,10,3,5,6,6,2,1,5,0,2,0,6,0,1,0,3,3,1,0,5,2,1,1,1,4,0,1,0,1,2,1,3,0,3,1,2,1,3,2,0,0,1,1,2,0,0,0,3,4,1,2,0,1,5,0,0,3,3,2,0,3,0,0,2,1,2,2,0,1,0,0,4,2,3,2,0,0,0,1,0,2,2,1,1,2,2,1,2,0,2,2,1,3,1,1,2,1,1,0,1,1,0,3,1,0,3,0,1,1,0,3,1,3,1,2,0,2,2,0,2,2,2,3,0,4,3,2,0,1,3,0,2,3,1,4,2,2,2,3,0,0,1,0,5,0,1,1,1,3,1,0,1,0,0,2,2,0,0,2,0,1,1,8,1,1,1,3,1,0,1,3,2,1,1,2,1,4,1,3,1,1,2,0,2,0,1,3,0,0,0,1,2,3,2,2,2,1,0,2,0,2,1,2,2,3,2,0,0,1,0,2,4,0,1,1,0,0,0,0,0,1,1,1,2,3,2,0,2,1,2,0,1,0,1,0,2,1,2,2,1,2,0,2,6,3,0,0,3,0,2,1,0,1,0,1,1,1,3,0,2,1,1,1,2,0,0,1,0,2,3,0,1,0,1,0,1,1,0,1,1,1,2,2,3,2,5,0,2,4,3,2,0,1
donor_05_cell_033,0,0,1,2,2,1,7,6,3,10,4,8,1,3,1,0,0,0,2,1,5,1,2,3,2,0,1,1,1,0,1,2,0,0,1,0,0,0,2,2,2,3,1,2,2,6,2,0,4,0,0,1,0,5,3,3,2,1,1,0,3,4,3,4,2,1,3,2,0,1,4,1,1,1,0,0,0,2,1,1,1,3,2,1,0,1,0,1,3,2,0,1,1,3,1,1,1,1,3,0,1,1,1,1,2,0,0,3,1,1,5,0,1,1,1,0,1,5,1,2,2,2,1,0,2,3,1,1,1,2,2,6,0,0,0,2,1,1,4,3,2,3,3,1,2,0,2,1,1,0,1,3,2,4,1,2,0,4,1,2,1,2,0,1,5,2,1,0,1,1,1,2,1,4,1,1,2,3,2,2,3,2,2,0,3,3,3,3,2,1,1,0,0,7,1,2,1,0,1,2,5,2,2,3,0,1,0,3,5,2,4,1,1,1,5,3,3,1,2,4,3,2,2,4,1,2,1,2,0,2,0,1,1,2,1,1,4,2,0,3,3,6,0,0,2,2,4,1,1,2,2,2,0,0,0,2,1,2,1,0,0,2,2,2,3,0,1,2,3,1,1,2,1,1,1,0,0,2,3,2,2,1,0,1,2,2,2,0,1,0,3,1,2,1,2,3,2,3,4,3
donor_05_cell_034,0,0,0,2,1,0,8,6,4,8,3,9,2,5,1,2,2,1,5,0,2,1,1,3,0,1,3,2,0,4,3,2,3,2,4,2,5,1,3,1,3,1,0,1,2,4,0,2,1,3,0,2,5,3,2,1,1,2,2,1,3,1,2,4,1,3,2,2,1,1,4,0,1,5,1,1,1,3,1,3,2,2,4,4,0,0,3,0,2,2,1,2,1,2,3,4,1,3,0,1,4,0,4,4,3,2,2,2,0,5,2,2,1,1,0,1,1,3,3,3,4,1,2,2,0,0,0,1,1,3,0,2,2,1,3,0,3,0,2,1,0,3,3,2,3,3,1,0,0,2,1,2,3,3,1,5,2,4,0,1,0,2,2,1,4,1,0,1,1,3,2,1,1,2,1,0,4,5,1,1,0,4,0,3,2,2,3,2,1,1,2,1,3,4,0,0,5,2,1,2,1,2,1,1,0,1,3,2,2,2,2,2,1,1,1,0,2,0,5,3,0,1,3,1,1,1,1,2,2,0,3,1,0,3,3,3,1,3,1,0,2,1,0,3,4,1,2,0,3,1,1,0,0,3,2,0,4,0,2,4,1,1,2,0,2,3,0,1,0,0,0,0,4,3,3,3,1,2,2,3,2,0,2,1,1,2,1,0,2,3,1,2,2,0,2,3,2,2,3,5
donor_06_cell_000,0,0,2,3,1,3,1,1,2,3,1,3,2,1,1,0,1,1,2,2,3,0,3,1,1,1,1,0,0,2,4,1,0,0,0,0,3,2,2,1,2,0,2,4,4,1,0,1,0,1,2,1,3,2,2,4,0,1,0,1,1,1,0,1,0,1,1,0,1,3,1,2,0,0,1,0,0,2,2,4,1,2,3,0,1,0,3,0,1,2,0,2,0,1,1,4,0,2,1,3,5,4,1,1,0,3,0,1,1,4,1,1,1,1,3,3,3,3,0,0,0,2,0,0,0,1,0,5,1,2,1,0,1,3,2,2,1,1,1,1,0,1,0,2,3,1,1,0,1,1,3,3,0,0,1,4,1,1,3,1,1,1,0,1,2,0,0,6,0,1,0,0,2,2,2,1,2,0,4,0,1,0,2,2,4,3,2,0,1,2,1,2,0,3,3,0,0,1,2,2,0,1,1,1,1,2,1,3,0,2,4,1,1,2,1,2,0,0,1,0,0,1,3,0,0,4,2,3,2,1,0,1,4,3,1,3,1,1,1,0,2,1,1,1,1,1,2,0,1,1,4,3,3,2,0,2,1,0,1,4,1,2,3,2,2,2,3,0,1,1,1,1,2,3,2,2,2,1,1,4,0,1,0,0,0,2,0,3,1,0,0,1,2,2,3,3,4,5,3,1
donor_06_cell_001,0,2,3,5,1,3,0,3,1,1,2,3,4,3,2,1,2,2,1,2,3,1,7,0,0,0,2,2,1,4,1,1,3,2,1,3,0,0,0,2,3,4,2,0,6,2,0,2,0,0,1,0,1,5,3,4,1,4,0,1,2,0,2,2,0,1,2,1,1,1,0,1,3,0,2,0,1,2,0,3,0,0,1,0,0,2,3,1,3,3,0,4,0,2,1,1,3,0,0,2,2,1,0,2,4,1,2,0,0,3,4,1,2,0,3,2,4,2,0,1,0,2,0,1,0,0,2,1,1,4,1,2,1,0,2,1,5,1,8,0,1,1,2,1,1,0,1,0,1,0,5,1,0,1,1,1,2,1,0,3,2,2,1,1,0,2,1,0,1,4,2,3,3,2,1,1,3,4,1,2,1,1,2,1,2,0,3,4,2,1,3,0,2,0,1,1,2,4,1,0,2,4,1,0,0,0,0,2,2,1,4,2,0,0,1,0,0,0,2,1,1,3,2,0,3,2,1,1,2,1,1,0,2,2,4,5,2,2,3,0,2,1,1,1,1,1,1,4,2,1,0,1,1,2,2,1,0,0,0,2,2,1,2,0,0,2,2,2,0,0,0,1,0,2,0,1,0,2,4,3,0,1,1,1,2,0,1,0,1,1,1,0,1,1,2,3,3,1,2,0
donor_06_cell_002,0,0,3,4,1,1,0,2,0,0,1,4,1,3,1,0,3,0,0,2,3,1,2,3,2,3,4,1,3,2,3,4,0,1,3,0,1,1,1,6,1,3,1,1,5,2,1,1,2,1,2,1,2,2,2,1,3,3,0,0,4,3,1,2,2,4,4,1,0,3,0,1,4,2,1,3,0,3,2,1,0,1,3,1,1,0,0,0,1,1,0,1,1,2,2,0,2,0,1,5,3,1,3,3,0,1,1,0,3,6,0,2,2,2,3,2,3,6,2,0,2,0,1,2,1,1,0,3,2,2,0,1,0,2,2,1,1,4,1,1,2,0,1,0,0,0,3,1,0,1,3,1,1,2,0,3,1,0,5,3,1,2,1,0,1,2,1,0,0,3,0,0,3,4,1,0,1,2,3,1,3,5,4,5,6,1,0,1,2,1,2,0,2,1,2,0,0,2,0,1,1,3,0,2,0,1,2,1,2,2,4,2,0,3,1,3,0,0,2,1,1,3,4,1,0,5,2,0,0,1,0,2,5,4,1,2,1,1,3,0,3,4,0,2,1,5,6,2,1,2,3,3,3,1,0,2,1,0,2,1,2,3,0,0,4,0,2,1,0,2,2,3,0,1,0,3,1,0,2,4,2,1,2,0,2,2,0,2,2,0,3,1,1,1,3,3,2,1,3,0
donor_06_cell_003,0,0,2,1,1,2,2,0,0,0,0,3,1,2,0,2,0,0,1,1,1,2,0,1,3,1,1,1,1,3,1,0,1,2,1,0,0,1,3,2,5,2,1,1,5,2,0,1,3,1,0,4,2,1,2,1,1,3,1,1,3,1,2,1,2,0,0,2,2,4,0,1,2,0,2,1,0,0,1,2,0,1,1,1,0,0,2,1,1,1,0,3,0,2,0,2,1,0,1,2,1,0,0,2,2,0,1,1,2,0,1,3,1,2,1,0,0,0,1,1,4,3,1,2,1,3,2,1,0,3,1,0,2,1,2,0,3,2,2,4,0,2,2,2,3,4,3,2,3,0,4,2,0,1,2,2,1,1,3,3,2,0,1,0,1,1,3,1,2,3,1,1,1,1,0,1,2,1,1,2,2,1,0,2,1,2,1,0,0,1,5,0,1,1,1,1,2,1,2,1,3,1,0,1,0,1,0,1,3,2,1,2,3,2,0,2,1,1,2,0,3,0,1,3,0,3,0,1,2,0,1,1,5,1,3,1,2,2,1,0,1,2,0,4,1,0,1,2,2,0,0,1,1,0,1,0,1,2,1,1,0,3,0,1,1,0,2,0,0,0,0,1,0,0,2,2,1,0,1,1,1,0,2,0,1,0,0,3,2,3,1,0,1,0,2,1,2,4,1,0
donor_06_cell_004,0,0,4,1,0,3,1,3,4,1,0,2,4,2,1,2,0,2,2,2,3,0,2,5,3,1,1,0,1,2,1,2,2,1,0,4,2,2,1,2,1,2,0,1,1,2,2,1,1,0,0,0,1,2,1,0,1,1,2,1,3,0,3,3,3,5,3,0,1,2,2,1,4,0,0,0,1,1,1,2,5,1,1,1,0,0,1,1,2,3,0,1,0,0,3,1,2,0,1,1,1,1,0,3,3,0,0,1,0,0,0,2,1,0,0,2,2,3,1,3,2,1,1,1,0,1,1,2,1,2,0,0,2,1,0,0,0,3,2,2,3,1,4,0,4,0,1,1,4,0,0,3,0,1,0,5,0,2,2,1,4,4,1,1,1,2,2,1,0,1,0,0,0,2,0,0,4,5,5,0,2,1,1,1,2,3,0,2,1,4,0,1,1,3,2,1,3,2,0,1,1,4,1,3,0,3,1,1,1,0,3,1,0,2,0,2,1,0,1,0,0,0,1,3,1,4,2,1,0,1,0,2,1,2,0,2,1,0,0,0,2,2,1,0,2,3,2,0,1,1,2,1,3,2,0,3,3,1,0,2,1,0,2,0,3,0,2,0,0,1,0,0,0,0,1,1,1,1,2,1,0,1,1,0,2,0,1,2,2,0,1,1,3,1,1,3,2,5,1,0
donor_06_cell_005,0,1,2,1,2,1,0,2,0,1,4,4,0,2,2,3,4,1,2,7,0,1,2,2,1,0,2,3,1,2,4,2,2,1,3,3,0,0,1,1,0,2,2,2,2,2,1,0,1,0,2,2,0,1,3,5,0,2,0,3,1,1,2,1,1,2,1,2,0,1,0,0,2,1,1,5,0,2,2,1,0,1,0,2,1,0,0,1,0,3,1,1,0,3,1,5,0,1,0,2,3,1,0,1,1,0,3,0,1,2,3,0,1,1,2,1,4,3,1,6,1,2,1,0,2,0,0,2,2,1,3,4,1,1,2,0,2,1,1,0,1,3,3,0,2,2,2,1,2,1,1,1,1,1,3,2,1,2,1,1,3,2,1,1,1,1,3,1,0,4,0,1,2,7,1,2,0,2,2,5,3,3,2,2,3,3,2,1,0,1,1,0,1,1,0,2,3,4,1,2,2,2,0,1,0,2,0,2,0,1,0,1,0,1,1,2,2,0,1,1,0,1,2,4,1,1,1,2,5,2,0,1,3,1,1,1,0,1,1,2,1,2,4,0,1,1,3,2,1,0,1,0,1,1,2,1,0,0,1,1,0,1,1,1,2,1,2,0,0,2,0,0,0,0,0,1,0,2,5,0,0,0,1,0,2,3,0,2,3,1,1,1,2,0,3,3,0,3,1,3
donor_06_cell_006,0,0,2,2,0,3,2,6,1,1,0,0,3,3,1,1,2,0,4,2,1,0,3,4,6,1,2,0,1,1,2,2,1,0,0,2,0,0,2,4,3,3,4,0,1,2,1,0,0,0,1,1,1,0,2,0,0,1,1,1,3,1,0,2,5,4,2,0,0,1,0,1,4,3,0,1,2,2,3,0,0,2,3,0,1,0,2,2,0,1,2,3,1,0,0,1,1,0,1,3,3,2,2,3,2,2,0,1,1,1,3,0,1,0,2,2,2,1,0,4,4,0,0,2,3,0,2,3,2,1,3,3,0,1,3,0,2,2,0,1,0,1,0,1,0,1,1,0,1,4,4,3,0,1,0,2,1,1,5,1,2,1,1,2,0,2,2,0,3,2,2,3,0,0,1,1,1,0,2,1,2,0,1,3,2,0,2,0,2,2,2,2,0,3,4,2,3,2,1,2,4,3,2,0,1,2,0,1,1,1,4,3,0,1,4,2,0,1,4,0,2,0,2,7,0,2,1,0,1,3,1,1,4,2,2,3,2,3,1,1,2,2,1,0,1,5,3,0,3,1,3,3,1,1,0,4,7,1,2,0,1,1,1,2,3,0,1,0,2,0,0,0,0,0,1,1,2,2,8,0,0,1,3,2,3,1,3,1,0,1,1,2,4,0,1,0,1,4,2,2
donor_06_cell_007,0,1,3,2,3,0,2,3,3,1,2,3,3,3,2,0,2,3,1,2,3,1,3,3,0,1,1,1,1,3,3,2,4,0,2,0,0,2,2,1,5,3,5,1,4,2,3,1,6,1,2,1,5,0,1,1,0,3,0,2,4,3,2,5,3,5,1,2,0,1,2,2,2,0,1,1,1,5,2,3,2,1,3,1,1,0,2,3,1,4,0,1,2,3,1,2,2,3,0,4,6,4,2,2,2,2,1,0,1,4,2,0,1,3,2,7,0,1,0,3,1,4,2,2,2,4,1,1,1,3,2,4,0,1,2,0,4,4,1,1,0,1,1,0,4,0,4,4,2,2,0,5,1,3,3,3,1,1,6,6,1,2,1,1,2,2,2,4,2,2,1,5,3,3,2,1,1,1,0,1,5,2,1,3,2,1,2,0,2,2,2,2,1,7,1,3,2,2,1,1,1,3,2,1,0,1,2,3,1,2,1,2,3,5,1,3,1,3,0,0,1,4,2,0,0,4,0,1,2,1,2,2,3,3,4,3,3,4,1,2,3,1,1,1,2,2,3,1,3,1,2,0,0,3,0,2,1,1,1,3,0,1,1,0,5,2,1,0,1,1,1,2,1,1,2,2,4,0,3,0,1,0,0,2,0,2,1,4,0,0,3,0,3,4,2,3,5,3,2,2
donor_06_cell_008,1,1,5,1,0,3,2,2,2,3,2,3,2,1,1,0,0,2,2,1,0,2,3,2,3,1,3,2,0,5,2,6,2,0,1,2,0,1,3,1,2,4,2,3,2,2,2,3,2,2,2,0,1,2,0,2,1,2,2,1,3,1,1,0,1,0,2,1,1,2,1,1,1,1,2,1,4,3,3,2,2,1,4,1,0,0,3,1,1,2,0,2,1,2,0,2,1,0,2,8,2,2,0,1,1,2,3,3,0,3,1,3,1,1,4,3,1,3,0,1,1,1,1,2,1,2,2,3,1,0,2,2,4,2,1,0,2,0,2,0,1,0,2,0,0,2,3,2,2,1,4,1,1,2,1,5,3,3,5,2,1,1,1,0,0,0,2,3,1,2,1,2,0,2,1,1,2,1,6,1,2,0,2,1,1,1,2,1,1,4,4,0,3,2,3,1,1,3,1,2,2,3,2,1,1,2,0,2,0,0,2,2,1,3,4,2,3,0,2,1,0,1,3,2,3,3,2,1,2,0,0,3,3,1,5,3,1,1,1,0,2,3,1,1,1,1,3,1,1,2,4,1,0,2,1,2,3,0,3,1,3,0,2,3,3,0,2,1,0,0,0,1,1,2,5,2,1,2,3,2,0,1,2,0,2,0,0,4,2,0,3,1,0,0,0,5,3,6,6,2
donor_06_cell_009,0,1,1,2,0,3,1,1,1,0,0,0,0,0,0,0,1,1,6,0,1,0,2,4,3,4,1,1,0,1,4,2,0,0,1,3,0,0,1,2,1,2,4,2,2,3,4,2,1,0,1,0,2,3,2,0,1,1,3,0,1,1,2,1,0,1,1,0,0,1,1,0,3,1,2,0,1,3,1,1,2,1,2,0,2,0,0,2,1,0,1,2,1,1,0,0,2,2,1,3,4,1,3,3,3,1,2,2,0,3,0,0,2,3,1,1,2,1,1,1,2,4,0,1,2,0,0,0,0,3,0,0,2,0,2,0,1,0,1,0,3,0,0,0,0,2,0,1,1,0,2,2,1,1,2,2,0,4,3,1,0,3,0,1,5,1,1,4,0,2,1,3,1,1,1,2,3,0,3,2,2,1,3,1,2,0,1,2,0,5,3,1,2,4,1,1,1,2,1,1,2,2,1,0,0,1,0,0,1,4,1,1,1,0,1,2,1,0,3,1,0,1,3,1,1,2,1,1,1,2,0,0,0,1,0,3,0,0,1,2,0,4,2,2,1,3,0,1,1,0,1,1,1,1,1,1,2,0,1,2,3,1,3,1,2,1,0,2,0,1,1,0,1,1,1,1,4,2,6,2,0,4,3,0,0,0,0,3,2,0,0,1,0,1,0,2,1,2,0,1
donor_06_cell_010,1,0,5,0,1,4,4,1,1,1,1,6,2,3,2,1,2,0,3,3,6,2,0,3,2,2,2,2,0,4,2,2,4,0,4,1,1,5,0,3,1,1,1,1,3,1,1,2,2,6,1,0,1,4,1,1,0,2,2,1,1,4,3,1,3,1,3,4,1,2,0,4,4,0,0,1,0,1,1,1,2,1,2,0,2,0,2,1,4,3,1,1,1,0,1,2,0,2,4,4,2,4,0,0,1,2,0,3,1,0,3,3,0,2,1,1,2,3,0,3,1,2,1,1,1,1,3,0,0,1,0,0,1,1,3,1,6,3,2,2,0,3,0,1,1,1,3,0,2,1,1,3,0,2,1,1,1,0,1,1,1,4,0,1,2,0,3,0,0,2,1,2,1,5,0,0,2,0,3,3,2,5,2,2,1,0,1,2,1,2,3,0,2,4,0,2,2,3,0,0,2,3,1,1,0,0,1,3,2,4,2,3,1,1,1,2,1,1,2,2,1,1,2,2,2,2,0,1,1,0,0,0,2,3,3,2,3,4,0,3,3,2,0,0,0,3,0,4,3,1,4,1,3,1,0,1,3,3,2,2,2,1,3,2,2,0,2,0,0,1,2,0,0,6,2,1,3,2,7,1,2,1,1,1,2,0,1,0,0,1,0,1,4,0,1,4,3,1,3,1
donor_06_cell_011,0,0,4,2,2,4,2,1,0,0,2,2,1,4,1,2,1,1,4,2,1,2,3,4,1,2,1,0,0,3,1,3,2,0,2,1,0,1,0,2,2,1,0,3,5,1,1,0,1,0,1,2,1,3,1,1,0,1,1,0,3,1,3,2,3,2,0,1,1,3,0,0,2,0,0,1,2,4,3,5,3,2,3,1,1,1,2,3,0,3,0,3,2,2,6,0,3,2,1,0,2,2,1,2,0,0,4,1,0,1,3,2,0,1,1,3,3,4,6,0,0,3,0,2,1,1,0,0,2,3,0,4,2,2,2,1,3,4,2,3,0,1,2,1,1,1,4,1,1,1,5,5,4,2,0,0,1,0,4,3,2,1,1,1,2,0,3,6,0,2,2,2,3,3,1,0,4,3,2,1,6,0,2,3,4,4,2,1,1,4,4,0,3,0,0,1,1,2,2,0,3,3,4,3,0,1,2,3,2,2,1,1,1,2,2,1,6,2,3,4,1,2,4,6,0,4,1,3,4,1,1,3,3,2,1,3,0,2,1,1,5,1,3,2,0,1,2,0,2,2,1,4,1,3,1,5,1,2,0,1,1,2,2,1,4,2,1,2,2,0,1,0,2,2,3,2,2,3,4,1,0,1,0,0,1,1,1,3,4,0,3,0,6,2,0,4,4,7,3,3
donor_06_cell_012,0,0,4,2,0,1,2,2,2,1,3,1,3,1,1,2,2,1,2,1,2,1,1,1,1,3,5,0,0,2,3,6,2,3,5,1,1,0,4,2,3,3,1,3,4,3,0,0,9,0,0,4,6,3,10,0,1,3,3,3,1,1,0,1,1,2,4,1,1,1,1,1,2,2,1,2,0,3,1,1,2,2,5,1,1,2,1,3,0,1,0,0,1,3,0,1,1,2,0,2,2,2,1,1,0,1,2,1,1,2,4,1,1,4,0,2,4,2,1,2,1,1,0,3,0,3,1,1,0,3,1,0,1,0,2,1,5,1,6,1,0,0,3,1,2,1,3,2,3,2,2,1,4,5,2,0,2,3,1,4,1,8,0,0,1,0,2,1,2,0,2,1,3,6,1,1,2,6,7,4,1,3,3,0,2,1,7,1,2,2,5,0,1,5,0,0,2,5,0,1,3,3,1,3,1,1,0,5,2,4,1,2,0,1,1,0,2,0,1,1,0,1,6,7,3,3,1,2,1,1,2,1,1,1,2,2,1,4,1,1,4,0,1,6,0,3,3,1,0,3,2,6,2,0,0,2,1,0,0,2,1,4,2,1,2,4,2,0,1,1,3,1,2,4,4,3,3,1,4,0,0,0,0,1,2,1,0,1,0,1,1,3,2,0,1,5,7,0,3,1
donor_06_cell_013,0,0,0,5,0,5,1,1,2,5,0,2,2,1,1,0,2,0,1,1,0,2,2,3,2,2,1,0,0,6,1,3,2,5,2,0,0,1,1,0,0,2,0,2,4,5,2,3,2,1,1,1,1,2,1,0,2,1,1,0,3,1,1,3,2,2,2,1,1,5,0,3,1,2,0,0,0,2,4,1,1,0,3,2,0,1,2,1,1,0,0,2,2,0,3,1,2,2,1,2,4,3,1,1,2,1,4,0,0,2,5,2,1,2,0,2,1,4,2,0,3,3,2,1,3,0,1,0,1,1,1,0,1,3,0,1,7,1,5,0,2,1,0,1,2,2,1,2,0,0,4,3,1,2,0,3,2,4,2,2,3,1,1,3,1,2,1,2,2,0,1,0,1,4,0,0,2,2,0,5,1,1,1,0,2,3,2,0,0,1,2,0,0,2,0,1,1,2,0,0,2,2,1,0,2,1,0,2,0,2,1,0,2,0,4,0,0,1,2,1,0,0,5,2,0,1,2,5,2,1,0,0,3,1,5,3,0,1,2,0,0,1,0,0,4,1,2,4,1,2,5,1,3,1,2,1,3,1,1,4,0,1,0,2,2,1,3,1,2,0,2,2,1,2,3,2,1,1,1,4,1,1,2,1,1,2,0,1,0,1,4,1,4,1,1,2,6,3,4,2
donor_06_cell_014,0,0,2,3,1,4,3,6,0,4,0,1,1,2,2,4,0,0,1,1,0,6,2,4,4,2,1,0,0,3,3,2,4,2,2,1,3,0,1,1,2,3,3,0,2,4,0,3,3,1,0,0,2,1,1,1,1,2,0,0,3,1,1,1,0,2,3,2,2,1,0,2,0,1,1,1,1,1,4,1,4,2,3,0,1,1,0,3,0,3,0,3,1,0,0,3,3,1,1,4,1,2,0,6,1,3,1,0,2,2,0,1,2,3,0,3,1,0,1,2,1,0,1,1,5,3,4,3,0,1,1,5,1,2,1,1,1,1,3,0,1,1,2,1,2,2,1,3,2,1,4,2,4,2,0,2,1,2,1,2,0,4,3,2,0,1,2,3,0,2,1,0,1,3,0,0,0,2,0,0,3,1,2,0,0,3,3,0,0,4,2,1,0,3,2,1,4,1,0,1,3,0,2,2,1,2,1,3,0,3,1,4,2,2,0,1,0,0,3,0,1,1,0,5,0,5,4,3,2,3,1,4,3,4,2,2,0,2,1,1,4,1,2,1,3,2,2,2,0,1,1,5,0,1,2,1,3,1,1,2,0,0,2,1,2,1,1,0,2,1,1,2,1,2,1,1,1,1,1,2,2,1,0,0,0,2,0,2,0,0,1,1,1,1,3,1,1,3,0,1
donor_06_cell_015,0,0,1,1,0,4,1,2,1,2,0,1,3,3,2,0,3,0,2,0,0,0,3,1,3,1,1,1,0,2,5,6,2,1,2,1,0,1,0,4,1,1,2,0,5,7,3,2,3,1,2,0,2,3,0,6,4,0,0,0,3,0,1,1,3,0,2,3,1,1,0,0,1,0,0,0,3,2,3,0,0,0,1,0,0,1,1,0,3,0,1,1,2,1,2,3,1,0,1,4,3,2,2,3,2,1,0,0,2,2,2,1,0,3,1,2,3,3,1,3,0,2,0,0,0,0,0,1,0,1,0,1,0,2,2,0,2,0,1,1,1,0,1,1,2,0,1,0,2,0,2,1,1,1,3,2,0,3,3,3,0,1,2,1,1,1,3,2,0,1,0,0,1,2,0,2,1,3,0,1,2,1,1,2,1,1,1,1,1,1,2,1,1,6,0,1,0,2,1,0,2,3,1,0,1,0,3,3,0,0,3,2,0,1,2,1,2,1,0,1,1,3,1,2,0,1,0,1,1,1,1,3,3,2,2,2,2,0,0,1,4,1,0,1,0,5,5,1,0,0,1,2,1,3,1,3,3,1,1,2,0,4,1,2,2,2,2,3,1,1,0,0,1,3,0,3,1,2,3,1,1,1,3,1,0,0,1,1,0,0,1,1,3,0,2,3,1,1,2,2
donor_06_cell_016,1,0,2,1,1,3,2,4,1,2,0,0,2,1,1,2,2,2,2,0,0,3,2,3,3,1,2,1,2,4,3,3,2,3,0,0,1,1,2,0,1,1,3,1,2,3,4,0,2,1,1,0,0,4,2,3,0,2,0,0,2,2,1,1,2,3,0,1,1,2,1,1,2,0,0,0,2,1,3,2,0,3,2,1,0,1,2,3,1,4,0,1,0,0,3,0,0,2,1,3,2,0,2,1,1,0,3,1,0,1,2,1,2,1,2,1,5,3,1,5,1,2,0,2,1,2,2,0,1,1,2,4,2,1,2,1,1,0,1,2,3,1,3,3,2,1,3,4,1,1,0,1,0,1,1,2,1,2,3,6,1,2,1,2,3,1,4,2,2,2,1,4,0,3,0,1,0,1,2,1,1,5,2,0,4,2,0,0,4,4,1,1,1,2,0,0,2,4,0,1,1,4,3,0,1,3,1,0,2,1,3,1,1,0,1,4,1,1,5,1,0,1,3,2,2,6,1,3,1,1,1,0,1,1,5,3,0,0,0,0,0,3,0,2,1,2,5,0,3,1,2,5,1,1,0,1,1,3,0,0,1,5,1,0,2,0,2,0,2,1,1,0,1,0,4,2,1,2,4,2,1,0,1,0,0,2,0,0,2,0,2,1,0,0,2,4,6,2,3,3
donor_06_cell_017,0,0,1,3,1,6,0,2,0,1,1,5,2,2,4,1,1,3,0,3,1,1,4,1,2,1,1,1,2,2,2,2,3,2,1,0,0,2,2,4,3,0,3,2,2,1,1,1,2,0,0,0,4,1,2,0,3,2,0,1,3,2,2,2,1,2,2,1,0,3,0,1,3,2,0,1,0,0,0,8,3,3,2,0,2,2,4,4,1,1,1,3,2,0,0,3,4,1,1,2,3,5,1,4,0,2,2,0,1,1,0,0,2,0,1,2,1,0,0,2,2,1,1,3,2,1,0,0,1,3,1,1,1,1,1,0,5,2,0,4,3,1,1,1,0,1,3,0,3,0,4,1,2,0,1,3,1,1,4,1,1,0,1,0,2,2,1,2,3,3,0,2,0,4,0,2,2,2,3,2,1,2,2,2,1,3,2,0,3,3,2,3,0,2,2,1,1,3,0,0,1,2,1,2,4,0,1,2,1,1,4,3,1,5,2,1,0,1,2,0,3,0,2,1,0,5,1,1,0,0,0,0,4,1,3,5,1,4,0,2,2,1,2,2,0,1,2,2,2,5,5,4,0,1,3,1,5,1,2,0,1,2,0,0,0,2,2,0,0,0,1,1,0,4,4,1,2,0,4,0,1,1,1,2,4,1,0,2,2,0,2,1,3,0,1,3,0,2,3,2
donor_06_cell_018,0,0,3,4,2,4,3,4,2,2,2,3,3,3,1,1,0,3,5,3,2,2,0,1,1,4,1,0,0,2,3,4,0,2,2,0,1,2,2,4,0,7,2,1,2,0,0,2,2,0,1,0,1,2,2,3,1,2,0,0,2,2,4,5,0,4,2,1,0,2,3,0,2,3,0,1,1,0,1,3,1,1,1,2,0,2,1,3,1,2,0,3,1,2,1,2,1,2,1,2,3,0,1,0,5,2,0,1,2,4,2,1,1,0,2,1,3,1,0,0,4,3,1,1,2,4,3,3,1,1,3,1,2,0,1,2,1,2,2,1,1,2,6,3,1,0,0,2,1,1,1,2,1,3,0,1,0,4,4,3,0,2,1,1,1,3,2,1,1,0,0,3,0,4,2,0,0,5,2,3,2,3,1,2,3,1,2,1,2,2,4,1,3,3,0,1,1,5,2,0,3,2,2,0,1,2,0,2,0,0,2,2,2,3,4,1,2,1,3,3,0,3,1,2,2,2,1,3,1,0,0,5,4,2,2,3,0,1,1,0,1,0,3,5,2,3,2,1,0,0,2,2,0,3,2,4,1,0,1,3,2,3,3,2,2,3,1,1,1,1,1,0,1,1,2,0,2,0,8,4,0,0,3,4,5,2,2,0,2,0,0,1,2,1,1,2,4,2,3,3
donor_06_cell_019,0,0,2,1,0,2,1,3,1,2,0,2,0,2,2,0,2,1,1,2,1,0,2,2,4,1,4,1,2,2,3,3,2,2,1,0,5,1,2,3,1,2,2,1,2,1,0,1,1,0,1,1,3,3,1,1,1,3,0,4,3,2,1,0,2,1,1,1,0,1,3,3,1,1,2,1,1,1,5,4,2,1,2,0,2,1,3,2,1,2,1,4,4,0,2,3,0,2,1,5,5,5,0,1,4,2,3,3,0,5,2,0,3,2,0,1,1,4,0,4,1,1,2,0,0,0,2,1,4,0,4,7,5,0,1,0,5,3,2,1,2,4,3,0,1,2,4,1,1,1,1,2,2,3,1,1,1,3,2,4,2,4,2,0,3,2,0,1,3,1,2,5,0,2,0,0,2,3,0,1,2,0,2,0,3,5,2,1,2,0,2,3,1,2,0,1,1,1,0,0,2,4,1,1,2,0,2,0,1,3,2,1,0,1,1,1,1,0,2,1,1,0,0,6,1,1,0,1,1,2,0,1,1,1,3,1,1,0,0,2,4,2,1,2,1,1,0,1,0,4,5,2,3,0,1,4,1,1,1,0,0,2,1,2,5,2,1,3,1,1,2,0,0,1,1,1,2,0,2,4,1,0,3,0,2,0,1,5,2,1,1,4,2,1,3,4,5,4,4,2
donor_06_cell_020,0,0,2,1,1,2,3,1,3,2,1,0,1,1,2,0,1,0,3,1,2,0,1,4,4,4,0,1,2,4,2,1,1,1,1,2,2,0,0,2,1,2,2,2,4,2,2,0,2,1,2,0,0,2,1,4,0,4,1,2,2,1,3,4,0,5,4,1,2,3,1,1,0,0,1,0,0,4,5,1,1,3,5,1,1,1,4,1,0,1,2,1,3,2,1,1,0,1,1,0,1,2,0,2,3,0,1,4,1,1,4,1,3,3,1,2,3,4,0,2,1,5,0,2,0,2,0,1,1,1,2,2,0,1,2,1,1,2,2,2,1,4,4,0,0,2,1,1,2,1,3,3,3,1,0,2,1,2,5,4,0,2,1,0,1,0,3,3,1,1,2,0,4,4,1,1,3,1,2,2,2,2,2,4,1,2,2,0,2,2,3,1,1,4,0,1,2,2,1,1,3,5,0,2,1,3,2,3,2,6,1,4,0,0,2,0,0,2,4,1,0,1,1,1,1,0,1,1,0,0,0,1,2,3,4,3,2,1,1,3,2,3,1,4,2,3,1,2,2,3,6,1,2,2,2,2,2,2,0,2,2,2,3,0,3,2,2,0,1,0,1,2,0,0,3,1,2,0,4,3,0,1,0,3,4,3,1,1,2,0,0,1,1,2,2,2,0,2,5,0
donor_06_cell_021,1,0,1,4,1,0,3,1,1,2,1,2,2,3,0,2,2,1,1,0,2,2,5,2,2,0,3,2,0,2,2,3,1,0,1,1,3,1,2,0,2,1,3,2,1,2,0,1,3,1,1,1,2,2,1,2,0,3,2,1,2,1,3,1,3,3,2,1,2,1,2,4,3,2,2,0,0,1,1,2,2,2,0,0,0,1,1,1,0,2,1,1,1,0,2,2,4,1,0,2,4,1,1,5,5,3,2,0,2,2,3,2,1,1,1,2,1,1,1,1,4,1,1,2,1,2,1,2,3,1,2,1,1,1,2,0,5,0,3,2,0,1,5,3,3,1,4,3,1,2,2,5,0,2,0,1,2,5,1,8,2,2,1,1,3,2,4,1,1,4,2,3,3,2,1,1,1,2,2,2,4,4,5,1,2,0,0,1,2,1,4,2,0,2,3,1,2,4,3,2,2,2,2,0,2,2,1,2,0,1,3,3,0,4,1,1,0,1,4,1,3,2,2,2,4,4,1,3,2,4,0,1,3,1,0,1,2,2,1,2,3,3,1,1,2,2,2,0,1,3,5,1,0,2,4,0,3,1,1,4,1,0,1,1,3,1,1,3,1,2,1,3,1,2,1,2,0,0,1,0,1,2,3,2,4,3,0,3,1,1,4,3,3,1,3,2,4,3,2,2
donor_06_cell_022,0,0,1,2,0,4,1,0,0,0,1,2,2,1,0,1,1,1,5,3,2,2,2,2,3,2,3,1,1,2,2,3,1,1,1,1,0,3,1,1,0,2,1,1,0,3,2,1,2,0,1,0,1,2,2,4,1,3,1,1,2,1,2,3,2,5,1,1,0,3,3,1,1,3,0,1,1,1,0,1,6,3,2,0,1,0,4,2,0,1,0,4,1,2,3,2,0,1,0,2,1,0,1,2,1,1,2,1,1,4,4,2,2,4,2,1,4,1,1,1,4,3,2,2,2,2,0,2,2,0,3,0,1,3,0,0,4,0,1,0,1,5,0,2,1,1,3,2,5,0,1,1,1,2,0,1,3,4,2,0,1,5,2,1,3,1,3,2,1,2,2,1,2,4,2,2,0,5,5,2,4,2,1,2,3,3,1,0,1,0,4,0,2,1,0,1,1,1,2,1,2,3,1,1,2,1,0,3,1,2,4,2,2,1,1,0,1,0,4,2,0,1,2,0,3,3,1,2,2,2,1,2,8,0,2,4,3,4,0,0,2,2,2,0,1,0,2,2,5,1,0,3,2,2,3,2,1,0,1,1,2,0,1,2,2,0,0,2,2,0,1,1,1,1,7,0,3,1,5,2,1,2,1,2,1,0,1,1,1,0,1,0,0,0,2,3,2,2,2,1
donor_06_cell_023,0,1,2,0,0,1,1,1,1,1,1,1,1,4,1,0,0,1,2,4,3,0,2,1,1,1,1,0,2,1,2,1,0,0,0,0,1,0,1,0,3,2,3,0,2,1,0,2,2,0,0,0,3,2,2,2,1,0,0,0,2,1,3,1,2,2,1,2,0,0,0,3,1,2,1,3,1,3,0,1,3,3,1,0,3,0,3,1,3,1,1,5,3,2,2,3,2,1,1,5,1,3,1,1,2,0,2,1,0,2,1,0,0,0,1,2,1,1,2,6,2,2,0,2,1,2,2,2,1,1,6,1,3,2,0,2,1,2,2,0,2,0,5,1,1,1,2,1,2,1,2,1,2,1,1,2,1,2,4,2,2,3,2,2,2,2,0,4,1,4,0,0,1,0,1,2,1,3,0,0,1,4,2,0,2,2,1,0,2,0,2,1,2,2,2,2,0,6,1,4,3,3,1,2,0,0,0,3,1,1,4,1,1,0,1,0,0,0,3,1,3,1,0,3,1,1,1,0,1,0,2,3,2,3,2,0,0,2,0,0,1,0,3,3,1,1,1,1,1,0,4,3,0,3,0,2,5,0,2,0,1,1,0,1,2,2,0,1,1,1,0,0,4,1,1,2,0,1,2,3,1,1,0,0,0,1,0,1,2,2,3,2,0,0,2,1,1,2,2,1
donor_06_cell_024,1,0,2,1,2,4,1,1,0,2,1,2,2,1,0,0,2,1,2,2,3,1,4,3,3,1,2,1,2,4,0,2,1,3,3,1,1,2,1,1,2,5,0,0,3,0,0,0,0,1,0,0,2,1,3,3,0,2,0,3,3,1,3,1,3,1,0,3,1,4,0,1,0,1,2,2,0,0,3,2,2,2,3,1,0,0,1,2,1,2,1,1,2,2,0,4,0,1,1,2,2,3,0,2,0,1,2,1,0,0,3,0,1,1,0,3,4,4,2,2,2,2,3,1,1,1,3,1,0,1,2,2,1,2,0,2,1,1,2,0,1,2,2,2,5,1,2,3,1,1,0,2,0,0,0,1,4,0,1,3,0,3,3,0,1,3,4,2,2,1,2,2,1,5,2,0,3,2,1,4,1,4,3,2,1,3,1,0,2,2,4,2,2,3,1,0,3,2,1,1,2,3,3,0,1,0,2,1,1,1,3,3,0,4,1,0,2,1,1,1,0,2,2,2,2,5,1,1,0,0,2,2,3,2,2,1,2,3,0,1,2,3,2,2,4,3,0,0,3,0,1,1,1,0,1,1,1,1,0,0,0,1,0,0,1,0,1,2,2,1,1,0,2,0,2,2,1,0,4,1,0,2,2,2,1,1,0,0,0,1,1,3,2,2,1,5,1,3,3,1
donor_06_cell_025,1,1,1,1,0,0,1,0,0,1,0,2,2,1,0,0,0,0,3,1,1,1,3,0,1,1,3,2,1,5,2,2,1,2,2,1,1,0,0,3,0,5,5,1,1,3,0,0,1,0,0,1,1,3,3,1,1,2,2,1,2,2,0,2,1,0,0,1,0,1,0,1,2,4,0,2,1,0,2,1,4,2,1,0,0,1,2,0,1,2,1,1,0,1,1,3,2,0,4,0,2,1,1,2,1,2,2,4,0,2,1,1,1,1,1,2,3,1,0,3,0,2,0,4,3,1,2,0,0,2,1,1,0,0,1,0,2,0,2,4,3,0,3,0,1,1,1,2,0,0,5,1,1,1,0,0,1,2,2,0,1,1,2,3,0,0,2,2,1,0,1,1,1,1,1,0,0,3,2,6,2,2,2,2,0,1,1,0,1,1,2,0,0,1,1,1,1,5,3,0,2,0,2,0,0,0,1,1,0,1,3,0,0,3,0,3,3,0,0,0,1,1,1,2,2,2,1,3,1,0,0,1,4,0,1,3,2,1,3,1,3,0,2,0,1,0,0,1,1,1,1,3,1,2,2,0,1,0,2,2,1,0,0,1,3,0,1,2,0,1,0,3,0,0,0,0,2,1,2,1,0,0,0,2,2,0,0,0,1,0,1,0,4,1,1,2,0,3,2,2
donor_06_cell_026,0,0,1,0,2,4,3,0,1,0,2,2,3,4,1,2,0,2,5,2,3,2,4,2,0,1,1,0,0,3,2,0,1,0,1,0,4,0,4,3,0,0,1,2,2,1,1,2,0,0,1,1,3,6,2,3,2,3,1,0,0,1,4,1,5,3,1,2,0,0,0,2,2,0,0,2,1,4,0,0,1,3,0,1,0,1,2,1,3,2,1,0,1,1,1,3,0,3,1,1,1,1,0,3,2,2,2,2,2,1,4,2,1,3,0,1,4,1,3,4,0,1,1,0,0,0,1,0,0,1,1,3,0,5,2,3,3,1,1,0,2,1,3,2,3,2,2,2,0,0,4,2,0,2,0,1,1,2,4,5,0,2,2,1,0,2,2,4,1,6,1,1,1,3,0,1,3,2,4,1,1,0,1,1,4,2,0,3,0,1,2,2,1,4,2,1,1,1,0,1,2,6,3,2,0,0,1,2,0,0,3,1,1,0,2,1,1,0,1,0,1,2,1,1,1,5,1,4,2,3,2,3,4,1,3,1,1,1,1,0,1,2,3,2,2,1,5,2,0,1,2,2,1,1,2,5,2,1,2,3,0,2,3,1,2,1,1,0,0,0,0,2,1,1,0,0,1,2,2,0,0,2,0,3,0,2,0,0,1,1,0,0,1,2,1,2,1,4,1,1
donor_06_cell_027,0,0,1,1,2,2,2,2,0,1,1,0,2,2,1,1,2,1,2,1,4,0,2,1,1,1,4,2,1,0,1,4,2,0,0,2,0,1,0,2,1,2,3,0,2,6,1,1,1,1,0,0,3,2,0,1,2,2,0,0,4,3,1,2,2,1,0,1,0,1,1,0,0,1,0,2,1,1,2,1,2,1,2,1,0,5,0,3,1,0,0,1,3,3,0,0,1,1,0,0,2,0,4,1,1,1,3,2,0,0,0,1,2,3,3,1,3,2,1,1,1,1,0,1,0,2,2,1,1,3,2,2,2,1,3,0,2,0,3,0,1,0,3,6,3,0,4,1,0,0,4,2,0,3,1,2,2,1,0,2,0,2,1,0,3,1,1,0,1,8,1,1,2,2,0,0,1,1,3,2,2,3,1,1,0,2,0,0,6,1,2,1,2,1,1,0,1,8,2,1,3,3,3,0,1,1,1,1,1,1,3,2,1,7,2,1,1,0,4,2,2,2,3,4,2,5,1,0,1,2,2,0,5,1,3,1,2,1,1,2,4,1,0,0,4,3,3,3,0,0,3,3,1,1,1,1,0,2,1,2,3,2,0,1,1,0,0,2,0,0,0,1,0,0,3,0,0,0,6,3,1,2,0,2,5,2,1,1,3,2,2,1,2,3,1,1,1,0,4,2
donor_06_cell_028,0,0,1,1,1,6,3,1,2,1,2,1,0,2,3,0,1,1,2,2,0,3,3,0,1,0,2,2,1,0,0,1,0,1,3,1,1,4,1,1,2,4,1,0,4,2,0,2,0,1,1,1,1,1,1,0,0,0,3,1,1,1,0,2,3,7,1,1,0,2,3,3,1,0,1,0,1,0,2,0,2,1,1,1,1,0,3,2,1,1,0,3,0,1,0,1,3,0,0,1,2,3,4,1,2,1,2,1,4,2,1,0,1,4,3,2,1,3,1,3,2,1,0,0,0,0,2,2,0,0,0,1,4,2,4,2,2,2,3,1,2,0,0,1,0,0,3,0,0,0,1,2,0,1,1,3,1,1,2,5,1,2,1,1,2,2,3,3,1,2,1,3,1,3,1,1,0,2,2,1,2,0,1,1,5,1,2,1,0,0,3,0,0,1,3,4,1,0,2,0,2,2,3,2,1,3,0,3,1,1,0,0,0,0,1,3,2,2,2,3,0,0,2,2,2,1,1,3,0,1,2,3,2,2,2,2,0,3,1,1,5,2,1,0,1,2,3,1,3,3,5,2,1,2,1,1,3,2,0,2,1,0,0,2,0,2,0,0,0,1,2,1,0,3,2,2,3,0,2,2,3,1,1,2,3,1,1,0,1,1,4,0,2,1,3,2,0,3,0,2
donor_06_cell_029,0,0,5,3,1,2,7,2,0,3,0,3,1,1,1,0,1,1,3,3,1,2,4,5,3,2,1,0,3,0,2,4,3,3,4,2,3,5,4,3,0,1,1,1,2,2,0,2,2,0,0,1,2,1,4,3,1,3,0,0,3,3,6,4,2,0,2,1,0,0,3,1,4,2,1,1,0,0,1,1,3,5,1,1,0,0,1,1,1,2,1,5,1,2,2,3,2,1,1,2,2,3,1,4,2,2,2,0,3,4,2,1,1,2,0,3,4,2,0,3,3,2,0,1,1,2,2,0,1,0,0,1,4,2,0,2,3,2,1,0,3,0,2,2,2,1,3,4,2,1,7,1,1,4,0,2,0,1,4,1,1,1,1,1,2,2,3,0,1,4,1,5,0,2,0,0,1,5,2,1,0,1,2,3,4,1,4,0,3,1,4,0,0,0,1,1,5,1,0,1,4,0,5,1,0,1,3,5,1,5,0,3,1,1,1,2,1,2,3,1,3,0,1,1,1,3,1,1,3,3,2,1,0,0,4,0,0,1,0,1,3,6,1,3,1,1,1,0,0,2,2,2,2,2,1,6,4,0,1,0,1,1,0,1,3,4,0,1,1,1,0,1,1,4,2,1,0,4,5,5,2,0,2,3,2,2,1,3,2,0,0,1,1,1,3,4,3,3,3,2
donor_06_cell_030,0,0,3,1,1,3,1,5,2,2,1,1,3,2,1,0,2,1,1,1,1,0,3,2,0,3,1,0,2,1,1,1,1,2,1,2,0,1,1,3,2,2,0,3,1,2,1,0,2,1,0,1,0,0,0,3,2,0,2,0,2,1,1,0,2,0,2,1,3,2,0,1,1,1,2,1,1,0,4,1,4,1,1,1,0,1,3,1,0,1,1,1,1,6,2,3,0,0,0,3,4,2,1,4,3,1,2,0,4,2,0,0,1,0,2,1,4,4,2,5,3,2,0,1,0,0,1,3,0,1,1,1,0,2,2,0,4,0,4,1,0,0,0,1,2,2,2,3,1,1,2,2,1,3,1,1,1,1,1,4,1,4,2,1,1,2,0,2,2,5,0,1,2,3,1,0,2,1,2,1,4,2,1,0,3,4,1,1,1,1,1,1,1,3,2,0,1,3,1,0,4,5,2,0,2,0,0,1,2,1,2,4,0,0,2,2,1,0,5,1,2,3,3,4,2,5,1,3,3,1,2,1,4,0,3,1,2,2,0,4,4,2,0,1,2,2,2,1,1,0,2,4,2,1,0,0,2,1,4,2,1,2,0,2,2,2,3,0,2,0,1,0,0,3,1,1,0,0,3,4,1,1,2,0,1,3,1,2,1,0,2,2,1,2,2,2,1,3,0,2
donor_06_cell_031,0,0,1,3,1,8,2,4,3,1,1,1,4,1,1,1,2,2,3,4,3,1,3,2,1,1,0,1,2,3,0,1,0,0,2,1,2,1,1,2,2,4,5,1,1,2,0,1,3,1,1,2,3,3,1,4,3,3,0,3,5,3,1,5,4,0,1,3,2,0,0,0,4,1,0,2,0,0,3,1,1,0,0,0,2,1,0,4,0,1,0,2,1,4,4,1,4,0,1,4,6,4,3,3,6,1,0,3,0,2,1,2,2,4,2,5,5,3,0,3,4,3,0,3,3,1,1,2,0,1,0,7,0,0,2,1,2,1,2,0,5,3,0,2,5,1,4,3,2,2,2,5,1,0,1,3,1,2,3,2,2,2,1,0,4,2,3,1,2,2,1,3,0,1,0,3,4,5,2,4,1,2,2,1,2,1,2,0,4,2,2,1,1,2,0,1,5,1,0,2,5,0,1,3,1,1,1,3,2,3,4,2,3,2,2,3,1,1,3,1,4,0,4,2,1,1,0,1,3,3,1,5,6,0,0,2,3,3,0,1,5,0,2,3,2,1,1,0,0,1,2,1,0,1,1,2,0,1,0,2,0,4,1,0,2,0,2,2,3,1,1,0,1,1,2,4,1,0,4,4,2,5,1,3,2,1,0,1,3,1,2,1,4,2,2,5,2,2,3,1
donor_06_cell_032,0,0,2,4,0,5,2,2,2,1,1,4,1,3,4,1,3,0,2,6,1,2,0,3,7,2,2,0,1,4,1,4,2,1,1,3,1,3,1,1,0,1,1,2,0,3,0,1,3,4,5,3,1,1,3,2,1,3,2,0,1,0,4,3,0,3,1,3,0,3,3,1,2,0,2,1,3,3,2,6,2,3,2,1,1,1,7,4,3,2,0,3,0,1,2,2,0,1,0,2,4,1,1,2,4,0,2,2,0,6,1,2,4,3,2,4,1,2,2,2,2,1,1,0,2,3,1,1,0,5,1,1,1,2,2,3,2,0,2,1,3,1,2,3,4,2,4,3,3,1,3,1,0,1,1,3,3,2,4,1,2,2,1,0,3,2,1,3,5,4,5,3,2,1,0,1,2,2,6,2,1,5,3,0,4,3,3,0,1,4,5,1,1,2,1,1,2,3,0,7,7,7,2,0,1,2,2,4,0,1,3,3,1,3,4,1,0,2,4,3,3,6,3,2,0,2,1,6,4,3,2,0,3,1,4,5,1,0,0,0,5,4,0,1,2,4,2,4,2,2,0,0,4,3,1,3,6,0,5,2,0,3,0,2,4,0,1,1,3,0,1,1,1,1,5,1,2,0,2,3,0,0,2,0,2,2,0,1,2,1,1,0,4,2,4,2,5,2,3,1
donor_06_cell_033,0,0,2,2,1,3,2,2,0,0,0,2,3,1,0,0,4,0,1,1,3,0,1,0,2,1,1,1,1,3,3,3,0,2,1,0,0,3,0,2,1,4,1,1,2,1,3,2,2,0,0,3,1,2,1,0,0,2,0,0,3,1,7,2,4,2,1,1,1,3,1,1,1,1,0,2,7,2,0,2,0,2,2,1,0,0,4,1,2,2,0,0,1,1,1,1,1,1,1,2,2,0,3,0,3,3,1,2,0,2,1,1,0,1,0,3,0,2,0,1,1,4,1,3,1,2,1,0,0,1,0,3,0,3,3,0,1,1,1,0,2,1,4,4,0,0,2,1,1,1,7,4,1,1,1,1,3,2,3,0,3,2,2,2,0,1,2,3,0,3,1,2,4,4,0,0,1,1,1,1,1,4,3,2,1,0,2,1,1,2,3,1,0,0,3,1,0,3,0,1,1,3,1,1,0,1,1,1,1,1,3,0,0,3,2,2,1,0,2,2,1,1,2,2,1,0,0,0,0,0,0,2,2,0,1,1,1,2,0,1,2,3,1,5,1,1,3,0,2,1,1,4,2,0,0,1,2,2,1,2,0,1,2,1,3,1,0,2,1,0,0,1,1,1,2,4,1,1,1,2,1,2,1,3,2,2,2,2,1,1,0,0,2,2,2,3,2,0,1,0
donor_06_cell_034,2,0,1,0,0,4,3,3,2,0,2,2,3,3,1,0,4,0,2,4,3,1,4,3,4,2,3,1,0,2,1,1,2,2,0,1,2,3,1,4,2,3,1,1,4,0,2,2,4,0,1,0,1,2,2,1,3,1,2,1,5,0,2,0,2,2,2,0,0,0,1,1,2,3,0,0,0,1,3,0,1,1,0,2,1,3,2,2,0,1,1,3,0,2,0,0,2,0,0,3,1,4,1,2,2,3,2,2,1,1,1,2,1,3,2,3,5,3,0,4,2,1,1,4,3,1,1,1,0,1,3,3,1,1,0,2,2,2,2,1,2,3,1,0,5,0,1,2,1,1,3,0,0,1,0,3,1,1,2,6,1,3,0,1,1,0,1,0,1,1,3,2,1,6,0,0,6,0,4,2,3,1,2,1,3,1,0,1,2,0,1,0,1,2,0,1,1,3,1,2,3,3,0,2,1,2,1,1,0,1,3,0,0,3,1,2,0,0,0,4,1,2,1,1,1,1,1,3,1,1,0,1,2,2,5,2,1,1,1,2,1,1,1,0,1,1,1,2,0,0,3,3,3,2,4,1,0,2,2,0,1,1,4,0,0,1,0,1,0,1,0,1,0,0,3,1,2,1,1,2,1,0,2,2,0,1,0,1,0,1,2,1,2,1,2,1,9,1,2,1
donor_07_cell_000,1,0,2,3,0,0,6,6,2,4,1,5,1,1,0,3,2,1,3,2,1,1,4,3,1,1,2,1,0,2,1,3,2,0,1,0,0,3,0,5,1,0,1,3,4,0,0,1,3,1,1,0,2,0,0,1,2,1,2,2,0,2,2,4,4,5,0,0,0,2,0,1,2,0,0,0,3,3,1,0,0,0,1,3,0,1,0,0,0,0,1,1,0,1,1,2,2,1,0,3,2,5,2,0,1,4,0,1,1,2,1,2,1,2,0,2,2,1,1,4,1,0,3,0,0,0,1,0,1,0,3,2,1,2,0,0,2,2,2,0,2,0,3,1,0,0,0,2,3,0,1,5,0,1,0,3,2,5,1,8,0,3,0,0,1,2,1,5,1,3,0,2,0,1,1,0,1,2,3,2,3,1,3,0,2,3,2,1,2,0,2,0,1,3,2,2,1,1,1,1,2,1,1,0,1,3,0,1,1,0,4,2,1,0,0,3,0,4,1,1,0,1,0,1,2,2,2,4,4,0,0,3,1,0,3,3,2,3,0,0,7,4,0,1,1,2,2,1,0,1,0,4,1,3,1,3,2,0,1,3,1,3,1,0,4,2,1,2,0,0,3,1,0,1,2,1,1,2,2,3,1,0,0,1,1,2,3,1,0,0,3,0,2,0,3,2,4,4,2,2
donor_07_cell_001,0,1,2,3,1,2,8,2,5,4,3,8,1,0,0,3,2,0,4,2,2,3,2,6,3,3,3,0,2,2,1,2,1,2,2,1,0,2,0,2,0,6,0,1,4,3,2,1,3,1,2,1,1,1,2,1,4,2,0,1,3,6,1,3,2,5,3,2,1,4,0,2,1,0,1,1,1,1,3,2,1,1,3,0,0,2,5,0,1,1,0,2,1,1,0,1,3,3,0,5,4,5,2,1,2,1,2,3,2,3,0,2,1,1,1,2,3,1,1,4,5,2,1,3,0,0,1,2,2,2,2,1,0,0,1,0,2,3,0,0,2,3,4,2,4,1,1,2,1,0,2,2,3,1,0,4,2,3,3,3,0,1,1,0,1,3,3,1,2,5,4,3,0,3,0,2,1,6,2,0,0,3,5,2,3,2,4,0,1,2,2,1,0,3,2,2,1,2,1,0,1,4,3,2,0,1,1,6,0,2,3,1,1,2,2,1,2,1,4,2,2,2,2,3,1,2,0,1,5,1,0,1,4,2,5,0,2,3,0,0,2,2,0,1,2,2,1,0,1,1,1,2,0,2,3,4,1,0,2,0,2,4,1,1,1,1,2,3,1,3,1,1,2,4,3,2,0,2,3,3,2,1,1,1,2,5,0,2,0,0,2,1,4,2,0,2,8,3,3,6
donor_07_cell_002,0,1,4,7,1,2,6,5,5,4,1,7,1,5,1,2,4,0,4,0,0,1,1,5,4,1,0,1,1,1,0,4,1,0,2,0,0,2,3,0,1,1,2,4,3,0,1,1,0,1,0,2,5,6,3,1,3,2,0,1,1,2,3,2,0,2,6,1,1,1,1,1,2,0,1,1,0,2,0,0,1,1,2,3,0,0,1,3,2,3,0,0,2,2,1,1,2,0,1,2,2,1,0,4,1,0,2,3,0,2,2,0,3,1,1,3,2,2,1,3,3,1,1,2,0,2,0,0,2,3,0,2,1,0,1,0,0,4,2,1,1,0,3,3,4,0,1,2,3,1,0,0,0,1,0,2,0,2,4,4,1,0,0,1,4,1,5,4,0,4,0,2,3,1,3,0,0,3,4,2,3,4,2,2,0,1,0,1,2,3,5,1,0,0,2,1,2,0,1,3,1,2,0,0,1,2,1,0,1,1,1,0,2,2,1,2,0,0,8,0,0,0,5,2,2,1,0,2,2,2,0,2,3,1,1,0,0,1,1,0,4,1,0,0,3,1,2,3,1,1,3,0,1,1,2,4,2,0,3,2,2,2,1,2,3,0,2,0,1,1,1,1,3,1,3,1,1,1,0,7,1,2,0,0,2,2,1,1,4,2,1,1,1,2,1,4,2,2,2,2
donor_07_cell_003,0,0,8,2,0,3,8,10,3,5,4,9,2,2,1,2,5,1,2,2,2,0,2,2,3,1,3,0,0,1,2,4,1,2,3,0,0,1,1,2,2,1,2,0,0,2,0,0,2,4,2,0,1,2,3,4,4,4,2,0,3,3,2,5,2,1,0,0,0,3,1,0,5,0,1,0,2,4,0,1,1,2,2,1,1,0,2,4,1,2,0,1,2,0,2,4,2,1,0,2,3,3,0,2,0,1,1,0,1,2,1,0,1,2,2,2,1,2,3,4,2,3,1,0,0,3,1,1,1,2,2,1,1,4,2,2,1,1,0,0,0,2,2,0,1,2,2,1,1,1,2,2,1,2,0,4,0,1,3,2,0,0,0,1,2,1,3,2,1,0,1,0,4,3,2,0,3,4,2,3,1,4,2,1,3,3,1,0,3,1,3,1,1,5,0,3,6,2,0,0,3,2,0,3,1,1,1,0,0,0,3,3,1,1,2,0,1,0,4,2,0,1,0,1,1,5,1,0,4,0,1,1,0,2,3,3,1,2,0,1,4,5,3,2,3,1,3,1,1,2,1,2,3,0,1,2,1,3,2,2,0,2,0,1,1,0,2,2,0,2,1,0,2,0,1,2,2,0,3,3,1,0,1,0,1,1,0,3,0,0,5,0,2,0,6,3,2,2,1,0
donor_07_cell_004,0,0,4,2,1,1,5,6,2,4,6,5,1,0,2,1,3,0,3,1,3,1,2,1,3,1,0,0,1,2,2,1,1,1,3,4,0,0,1,1,3,3,0,1,3,4,1,2,1,1,0,0,3,1,3,3,2,1,2,0,2,3,4,1,1,1,2,1,0,2,3,2,4,1,0,1,2,3,0,2,0,2,1,0,1,1,4,1,1,4,2,2,0,2,2,4,2,2,1,2,0,0,2,2,3,2,2,2,2,2,1,0,2,2,1,1,3,3,1,1,1,4,1,2,0,3,2,1,0,1,1,6,0,0,3,0,1,1,3,1,1,3,1,2,0,2,1,3,1,1,1,2,1,1,0,0,1,1,5,2,1,4,2,0,4,1,2,1,1,2,2,1,3,2,0,0,2,1,2,7,3,0,0,1,7,3,1,1,4,1,6,2,1,0,3,2,4,1,1,0,5,2,2,0,0,0,2,2,1,1,5,4,4,0,2,4,1,2,4,0,0,3,0,4,1,1,0,2,0,0,2,0,3,1,1,4,2,1,0,1,2,1,0,1,2,1,0,1,4,1,1,1,0,0,1,3,1,0,0,2,0,3,1,1,2,1,1,1,2,0,2,0,0,4,2,3,3,1,4,1,2,0,5,1,2,3,0,1,1,1,4,0,0,0,0,1,3,4,1,2
donor_07_cell_005,0,0,4,2,2,1,11,6,4,5,6,10,0,2,1,0,1,1,4,5,3,1,4,2,2,0,0,1,1,1,2,2,2,3,1,0,1,3,1,2,2,2,1,2,5,8,0,2,1,0,1,2,3,0,2,1,3,1,2,1,2,6,3,2,1,5,1,0,2,3,4,2,2,3,2,1,2,0,3,4,1,3,2,0,1,1,0,0,4,1,2,2,0,1,1,1,3,1,2,3,1,3,4,2,0,3,1,0,0,3,2,0,1,1,5,3,3,6,0,2,1,1,0,0,2,3,1,0,0,1,3,2,1,0,1,2,1,2,5,0,1,2,4,1,5,0,0,2,2,0,3,2,1,1,1,2,0,1,2,2,0,0,0,0,1,1,1,4,1,11,2,0,2,2,1,1,1,2,5,2,4,1,1,1,6,1,1,0,1,2,5,0,0,3,1,0,3,1,1,2,2,2,1,1,1,1,2,2,2,1,1,0,3,7,3,3,0,3,1,3,2,2,3,7,3,4,1,1,1,2,2,1,5,3,3,1,0,2,1,3,1,2,0,2,1,2,2,0,0,1,1,1,2,1,1,1,0,1,1,0,2,1,2,0,3,1,0,1,0,0,1,2,0,1,2,2,0,5,3,3,0,1,2,0,2,1,1,2,3,1,4,1,5,0,1,2,5,0,2,0
donor_07_cell_006,1,0,2,1,0,2,4,12,4,5,4,3,3,2,2,3,0,0,0,4,0,1,1,3,2,2,3,0,0,4,0,0,3,1,0,2,2,0,3,1,1,4,1,2,1,3,1,1,2,1,1,0,1,1,3,5,2,3,2,0,1,2,3,3,3,5,1,0,2,3,1,3,2,2,1,0,2,0,2,1,0,0,0,2,0,1,3,0,1,4,2,4,0,1,4,1,1,2,0,2,1,3,3,1,4,1,3,0,0,2,3,0,2,3,0,1,3,1,0,1,0,2,0,1,2,2,2,2,0,3,1,0,3,2,4,0,0,3,4,0,2,3,0,5,1,0,1,2,3,2,2,5,3,2,1,3,0,1,1,2,0,4,2,3,3,2,0,2,0,1,4,1,0,4,1,0,1,2,2,3,2,1,3,4,1,2,0,0,1,1,2,0,0,2,1,1,2,1,3,1,4,2,0,0,0,1,2,3,1,1,3,1,1,3,2,3,0,0,5,1,2,3,1,5,1,1,2,1,5,0,2,2,1,2,3,3,1,3,0,2,3,2,1,2,0,2,1,2,0,1,4,2,4,3,1,2,1,3,0,1,1,3,0,1,2,0,0,1,0,1,1,2,0,1,2,1,1,0,1,2,1,1,2,2,0,0,0,2,1,0,6,1,2,2,0,4,2,2,1,2
donor_07_cell_007,0,1,1,1,0,4,9,7,6,8,7,8,1,3,3,1,1,0,1,4,0,0,2,4,1,2,1,2,3,1,3,2,2,1,4,0,1,2,2,2,2,3,1,2,5,3,0,1,1,1,1,1,5,0,1,4,1,1,4,0,2,3,3,6,2,2,2,1,1,3,2,1,4,1,0,3,2,4,2,3,2,3,5,0,1,1,2,2,1,1,0,1,0,1,0,3,0,2,1,3,5,3,0,2,2,2,3,0,0,0,2,1,1,3,1,2,5,2,2,0,0,3,1,2,1,1,1,1,0,5,0,3,3,2,3,1,2,2,2,0,1,1,3,2,2,0,2,4,2,1,4,4,1,2,2,3,4,1,3,1,3,4,0,1,4,3,1,5,1,4,0,3,1,1,0,0,0,1,3,3,1,4,0,3,3,3,3,0,2,0,1,1,3,1,1,1,0,2,0,0,4,3,3,0,0,3,1,1,2,3,2,1,3,3,3,2,0,2,5,5,0,3,2,6,2,3,1,5,0,2,0,1,4,1,3,1,0,1,2,1,2,3,1,3,2,1,3,1,3,2,0,5,0,1,3,6,8,1,0,3,0,0,3,0,4,2,2,1,1,0,0,1,0,0,0,1,1,2,2,4,1,3,2,0,0,2,0,0,3,1,2,2,2,3,4,2,3,3,2,2
donor_07_cell_008,1,0,3,1,0,3,6,9,3,5,9,9,4,2,2,3,1,1,4,4,3,3,2,1,2,3,1,0,1,1,2,5,1,3,2,1,0,1,0,3,0,3,0,2,2,1,1,0,2,0,2,0,1,1,2,2,5,7,2,2,2,2,2,3,3,1,0,0,0,2,0,4,2,3,2,2,1,2,1,5,3,0,0,0,1,1,3,1,0,2,0,2,1,2,2,0,2,1,0,2,2,2,0,3,2,1,2,2,1,4,0,1,0,0,0,1,4,3,1,3,2,1,2,0,0,1,1,1,2,1,2,0,3,0,0,0,3,2,2,0,2,0,2,3,4,1,1,0,1,1,3,1,1,3,0,2,1,2,2,3,2,2,1,2,0,1,1,2,2,0,2,1,4,0,4,0,1,6,2,3,3,2,2,1,4,3,0,1,2,0,2,0,1,1,2,0,0,0,1,2,2,0,1,1,0,5,0,1,1,3,1,1,2,2,2,3,2,0,0,1,0,1,2,0,0,3,0,2,0,1,3,3,3,1,3,1,1,2,0,0,3,4,0,0,3,2,1,0,0,1,2,2,1,0,0,6,1,1,1,0,3,0,2,0,3,1,0,0,0,0,0,2,1,0,1,3,2,3,2,3,1,1,3,0,1,6,0,0,4,1,2,0,4,1,4,0,6,2,1,5
donor_07_cell_009,1,1,2,3,2,1,10,6,5,6,7,11,1,0,0,2,1,1,0,1,3,0,1,2,4,1,1,1,4,2,4,1,1,4,0,0,0,3,0,2,1,2,1,1,4,2,1,3,2,1,2,1,2,2,1,0,0,3,1,1,6,0,1,2,1,2,3,0,0,2,0,1,5,0,3,0,1,1,2,1,2,2,3,2,0,1,4,2,0,0,0,2,0,1,0,1,2,1,0,4,1,3,2,3,2,2,0,2,2,3,4,1,2,1,0,3,1,1,3,0,2,2,0,0,0,6,2,1,1,1,4,1,3,2,3,1,0,4,2,0,2,1,2,2,3,3,2,1,1,1,2,2,1,0,2,2,4,2,1,3,5,1,3,0,4,1,5,3,2,3,1,2,1,3,1,0,2,3,2,5,2,1,3,0,2,1,1,2,0,4,2,1,1,3,0,3,2,5,1,3,1,0,3,1,1,2,3,2,0,2,2,1,1,2,0,4,1,1,5,0,2,1,3,4,2,1,1,2,3,1,2,1,2,2,5,3,2,1,0,0,1,3,0,4,3,5,1,0,1,1,1,2,0,0,1,5,2,1,3,3,1,4,1,0,0,2,3,1,0,0,2,1,1,0,5,2,0,2,4,5,3,0,0,1,1,1,2,1,3,2,4,0,3,1,3,2,5,2,0,3
donor_07_cell_010,0,0,1,4,2,3,12,4,1,2,6,7,1,1,1,1,3,1,1,0,0,2,4,4,4,0,1,0,2,2,1,0,3,3,3,4,0,2,0,1,1,1,0,0,2,1,1,4,1,0,1,0,2,1,2,4,0,2,1,0,1,0,4,3,2,1,0,2,0,3,1,2,4,2,0,0,0,2,1,1,2,1,2,0,0,1,1,0,1,0,1,2,1,2,2,1,0,3,1,0,1,5,1,4,4,0,2,2,0,3,1,1,4,1,1,0,1,3,4,0,0,3,3,0,3,5,1,0,1,1,3,2,0,0,1,0,5,2,0,0,2,0,4,1,0,2,2,2,1,1,1,1,2,1,1,3,0,3,0,1,1,4,2,0,1,0,1,0,0,3,0,1,2,3,0,0,1,3,3,0,2,3,0,2,2,2,1,1,4,1,0,2,0,1,0,1,2,2,0,1,6,0,2,2,0,1,0,1,1,1,3,0,3,1,0,2,0,0,4,0,3,1,5,3,0,3,1,0,2,1,4,1,1,1,2,4,0,2,2,2,9,0,1,0,1,0,3,6,2,0,1,1,2,0,0,0,2,0,1,2,1,3,1,0,1,2,0,3,1,1,1,0,2,1,3,0,0,3,3,1,2,3,1,0,2,3,1,2,2,3,2,1,1,1,5,2,3,5,2,1
donor_07_cell_011,0,0,4,2,0,2,5,9,2,3,4,5,1,0,0,2,2,0,3,4,3,3,3,3,2,1,1,1,1,1,2,4,1,2,2,1,0,1,5,3,0,2,2,0,4,1,0,2,3,0,0,0,1,0,1,3,4,1,2,0,2,2,0,1,1,1,2,2,1,1,3,0,1,4,1,1,2,3,2,4,2,0,2,0,2,0,2,2,1,3,5,2,0,3,1,4,2,1,2,0,2,4,1,2,1,0,2,0,1,2,0,6,2,1,2,2,3,1,0,2,2,0,0,1,0,3,1,1,0,2,2,3,1,3,2,2,1,1,3,1,2,3,3,1,3,1,2,0,0,0,1,2,2,0,1,6,1,4,3,2,0,3,1,1,2,1,1,2,1,5,0,2,2,2,1,0,4,2,2,3,3,2,2,2,2,3,1,0,2,2,4,2,1,2,0,0,1,5,1,1,5,0,3,1,0,0,3,0,0,3,2,1,1,1,2,2,1,1,2,1,1,1,6,1,2,2,1,3,0,0,0,6,3,0,4,0,1,6,0,0,4,2,3,0,1,3,2,3,2,2,3,4,2,2,1,2,2,2,3,2,1,4,1,1,4,0,1,1,0,1,0,0,2,1,1,1,0,3,3,0,1,3,1,2,2,2,0,1,1,0,2,1,2,2,2,2,2,2,0,1
donor_07_cell_012,0,0,4,2,1,0,8,6,1,7,8,6,0,1,1,0,1,1,0,2,4,0,0,3,3,1,2,1,1,2,2,0,1,0,4,0,2,0,1,1,1,5,1,0,1,2,0,1,3,1,3,1,2,1,1,2,3,1,1,1,2,1,1,1,4,0,2,3,0,1,0,1,0,0,0,2,4,0,1,0,2,0,4,0,1,1,4,3,0,0,0,5,0,0,1,0,0,0,2,0,4,2,1,1,1,1,3,1,0,3,2,0,2,1,2,0,2,1,1,1,1,0,3,1,1,1,1,0,1,1,0,3,0,1,0,0,0,4,3,0,1,1,3,0,1,1,2,1,0,2,0,2,1,1,0,1,1,0,0,1,2,0,0,0,4,2,2,3,0,2,1,2,0,0,2,1,1,2,2,0,0,4,4,4,1,3,0,0,0,2,1,0,1,0,3,1,0,3,4,0,1,3,3,2,0,0,1,0,0,3,1,1,1,1,4,2,2,1,0,1,2,0,0,1,0,7,0,3,0,0,0,2,2,2,3,3,1,1,1,1,3,3,1,1,2,0,3,3,3,1,0,1,3,1,1,4,2,0,1,1,2,2,4,2,1,0,1,0,0,2,0,0,1,2,1,1,1,3,4,2,0,0,1,0,2,0,1,0,2,0,2,2,6,1,4,2,1,1,1,1
donor_07_cell_013,0,0,0,0,0,0,9,3,2,4,1,6,2,2,1,1,0,2,1,1,0,1,1,0,2,1,2,0,1,5,5,1,2,2,2,1,1,3,1,0,3,1,4,2,1,1,0,4,1,0,2,1,3,0,3,4,1,2,1,1,1,3,2,3,0,1,0,1,0,2,0,0,1,1,1,1,2,0,0,3,3,1,2,0,1,3,3,0,1,1,0,2,1,0,0,2,3,0,0,2,0,1,0,2,2,3,0,0,1,0,1,2,0,0,1,2,4,3,5,0,1,1,1,0,1,3,1,0,2,4,0,2,0,0,1,0,1,3,2,0,2,1,3,2,1,2,0,1,1,0,3,5,1,1,0,1,2,2,2,1,0,1,0,0,3,0,4,2,2,1,0,1,1,0,0,0,3,1,2,2,3,3,2,0,1,1,1,1,3,1,1,0,1,2,2,2,1,3,0,1,1,3,1,2,1,0,1,1,1,1,1,3,0,2,2,0,1,0,1,2,1,2,1,2,2,1,2,3,0,3,1,0,2,3,1,1,0,1,0,0,2,2,1,2,2,2,0,1,0,0,1,1,1,3,1,1,2,0,1,3,3,0,1,0,0,2,2,1,1,1,4,1,0,3,2,1,2,2,1,0,0,2,2,1,1,2,1,1,1,0,2,0,3,0,0,4,1,3,0,5
donor_07_cell_014,0,0,1,1,1,5,11,5,2,0,3,8,1,3,4,0,0,0,1,2,1,1,1,3,6,2,3,0,2,2,6,1,2,1,2,1,2,0,0,3,1,5,1,0,1,0,2,4,3,1,3,0,2,1,5,4,3,2,1,1,1,5,0,5,0,3,0,2,2,2,3,0,2,1,0,4,3,1,0,1,1,1,5,2,2,2,3,2,4,1,1,0,0,0,1,2,1,0,1,1,4,3,0,1,1,0,1,3,1,2,4,0,2,1,0,4,3,1,0,3,3,2,2,3,1,4,2,0,2,3,4,0,3,1,4,1,4,0,2,0,1,3,6,2,1,0,1,3,3,2,4,3,2,3,5,3,2,1,2,2,2,1,2,1,2,1,2,3,1,1,0,2,0,4,0,2,2,4,4,3,2,3,1,1,5,1,4,1,3,1,3,2,1,2,0,4,0,0,1,0,1,0,2,1,0,1,2,0,0,3,1,0,1,0,2,3,0,0,1,2,3,4,3,0,1,1,1,2,1,0,2,1,2,2,3,2,2,1,1,1,2,4,0,4,0,1,2,3,1,3,0,2,0,2,1,1,2,2,2,4,3,1,0,2,0,1,4,1,2,0,3,0,0,0,1,1,0,1,1,3,1,1,0,1,2,1,1,1,2,0,2,0,2,0,2,2,2,0,4,3
donor_07_cell_015,0,0,4,3,1,2,10,10,2,5,5,9,3,1,4,0,5,1,3,2,2,2,1,0,3,0,1,2,1,0,2,0,2,1,1,0,0,4,3,1,2,3,1,1,0,3,2,1,6,3,2,1,5,1,3,2,1,2,1,2,3,2,2,4,3,3,3,1,1,2,0,1,1,2,0,2,0,0,5,2,0,2,4,0,2,0,2,2,2,0,1,3,1,3,3,2,1,2,0,3,3,4,0,4,2,2,1,3,1,0,0,3,0,3,0,3,4,1,3,0,3,0,1,1,1,3,2,3,2,3,5,2,2,4,1,1,0,3,0,0,1,2,4,2,3,0,2,1,0,0,2,3,0,2,2,2,3,1,5,1,0,4,3,2,4,1,4,4,2,3,2,1,1,1,3,0,2,7,1,2,4,4,3,2,2,2,3,1,2,0,3,1,2,1,0,0,8,1,0,1,3,0,2,1,0,4,1,3,2,1,0,0,2,5,4,3,0,1,4,2,2,1,0,2,3,3,3,0,0,1,0,3,1,2,2,3,4,3,1,0,4,3,4,4,1,4,1,3,2,3,0,3,1,2,1,4,2,1,0,2,2,5,1,1,4,2,1,1,0,1,1,3,2,2,2,2,1,1,1,1,1,2,0,1,4,3,1,2,2,2,4,0,0,1,2,2,3,4,2,3
donor_07_cell_016,0,0,3,3,1,2,7,4,2,1,5,2,2,4,1,1,2,2,1,1,3,0,3,2,1,1,2,0,0,1,1,0,4,0,0,0,0,4,0,1,0,2,2,2,3,0,1,1,2,0,1,2,1,2,1,1,1,5,1,1,6,2,2,2,1,4,1,1,0,2,1,0,1,0,0,0,0,0,1,2,2,1,3,1,1,0,3,2,0,0,0,2,0,2,3,3,2,1,1,1,4,3,1,0,2,1,1,0,3,1,1,1,1,3,1,3,2,2,0,2,3,0,1,1,2,0,0,0,1,0,1,1,1,0,1,0,3,3,1,0,5,1,2,3,1,1,3,1,2,0,2,4,0,3,0,1,0,1,2,2,0,4,1,1,3,0,2,0,2,1,1,1,2,1,2,1,2,1,4,1,2,1,0,0,1,3,0,1,4,3,4,1,1,3,0,2,0,3,2,4,3,3,1,1,0,1,2,1,0,1,1,1,0,5,0,3,1,1,2,1,1,0,3,1,2,4,0,1,2,1,0,0,3,2,4,2,1,0,1,2,0,2,1,2,1,4,1,3,1,4,4,1,1,1,2,2,3,2,0,1,2,1,1,2,2,0,2,1,0,0,2,2,2,1,2,2,0,3,1,2,1,4,4,2,1,1,1,1,2,0,2,0,3,0,2,1,1,2,4,2
donor_07_cell_017,0,0,3,4,0,2,9,6,1,8,10,5,0,3,0,1,2,1,3,0,1,2,2,2,2,4,4,1,2,2,3,2,2,2,0,1,0,1,3,0,1,4,1,0,5,2,1,0,2,0,0,0,2,2,2,2,2,3,3,2,1,2,1,1,0,0,0,1,0,2,0,0,0,0,0,2,1,2,0,0,2,2,1,3,0,1,1,1,1,1,1,2,2,0,0,3,1,1,0,3,2,0,1,3,0,3,2,2,0,0,0,0,1,3,1,2,3,4,1,0,2,0,2,1,2,3,2,1,1,1,0,3,1,1,1,1,3,1,1,2,1,1,4,1,1,0,0,3,1,1,2,3,1,1,1,2,3,0,0,0,0,1,0,0,1,1,2,1,0,4,0,1,0,2,0,0,2,2,0,0,3,4,3,2,1,0,4,3,1,0,2,1,3,5,1,0,0,2,1,0,2,1,3,1,1,2,2,3,0,2,3,1,1,2,1,6,1,3,0,1,0,2,1,2,1,1,1,2,0,2,1,3,2,2,2,0,2,3,1,1,0,3,1,1,4,0,4,1,1,3,1,0,3,0,1,1,1,1,1,0,0,2,2,1,1,0,1,3,0,0,1,0,0,0,1,4,0,0,2,6,0,2,2,1,1,5,1,1,1,1,1,0,1,2,3,1,3,2,2,2
donor_07_cell_018,0,0,2,2,2,1,9,11,3,9,7,8,1,2,2,2,2,1,1,1,2,2,4,3,2,1,2,0,1,3,3,2,5,3,1,0,1,2,1,1,1,2,3,1,1,2,0,0,0,0,1,1,2,3,2,0,2,0,2,0,1,1,3,1,1,2,2,3,1,2,1,4,5,2,0,0,1,1,4,1,0,2,5,1,1,0,3,2,0,4,0,3,2,0,0,3,1,3,1,1,1,3,2,0,5,1,3,0,0,3,0,1,2,2,2,5,3,4,1,4,4,7,2,1,2,1,2,1,2,1,2,4,1,1,4,1,3,2,3,1,3,2,3,2,2,2,2,1,0,1,5,4,0,0,0,1,1,0,0,4,1,2,1,1,2,2,0,1,3,4,1,5,0,0,2,1,2,4,3,1,1,1,2,0,6,2,1,2,2,2,4,2,4,1,0,1,0,2,2,1,2,5,1,0,1,1,1,2,0,2,3,0,0,0,2,4,1,0,5,3,1,2,3,6,0,0,0,0,2,1,0,1,1,5,3,1,1,2,1,2,0,2,2,1,1,1,1,2,2,2,1,2,2,1,1,4,2,3,3,1,1,0,1,2,1,0,1,1,1,2,3,0,1,2,4,2,1,3,2,1,0,2,0,4,1,2,3,5,1,1,5,2,4,0,6,2,3,1,2,2
donor_07_cell_019,1,1,4,1,0,4,6,11,5,6,4,12,4,2,0,0,1,1,4,1,2,1,1,2,6,2,3,0,0,3,1,1,1,0,2,3,4,4,0,1,0,1,4,1,3,2,1,3,0,1,2,0,5,3,2,2,1,1,1,1,4,3,2,2,1,3,1,5,2,1,0,3,3,0,0,2,0,2,2,3,0,1,5,2,0,2,2,6,0,1,3,2,5,0,2,1,0,0,0,2,2,0,2,2,1,1,1,2,1,1,2,1,6,2,0,1,6,1,0,2,4,2,0,0,1,1,1,3,0,2,3,1,3,2,1,0,2,5,3,1,0,2,1,0,2,0,0,2,2,2,2,8,1,2,0,2,1,4,1,0,3,2,4,0,3,3,4,2,2,7,0,0,2,2,3,1,0,2,2,3,0,3,1,1,2,2,0,0,5,2,3,1,0,2,1,1,2,0,0,2,1,2,2,1,2,0,0,3,1,2,2,1,4,4,1,3,2,2,4,5,1,2,1,5,2,0,2,4,3,0,1,0,0,0,0,1,1,3,1,0,3,2,0,2,0,2,1,2,3,4,0,3,2,1,1,1,4,1,0,3,3,3,1,0,1,1,1,2,0,1,0,4,1,1,0,1,2,2,1,2,3,1,0,3,2,0,0,1,1,0,2,0,6,1,2,2,4,5,1,3
donor_07_cell_020,0,0,5,2,1,1,10,8,7,2,4,13,2,3,2,3,0,1,1,1,4,1,3,2,0,0,0,2,2,0,0,1,3,2,2,0,3,1,0,3,1,1,3,1,1,3,1,1,2,1,1,1,1,3,2,2,1,3,1,0,4,1,2,2,3,1,3,0,0,1,0,0,3,1,1,4,3,2,3,2,3,2,4,0,1,1,3,1,1,3,1,0,2,1,0,1,2,1,2,2,5,1,0,5,2,0,1,3,1,1,1,1,2,2,1,3,3,0,1,4,3,5,1,0,0,2,3,3,1,2,1,2,4,0,2,0,2,0,3,3,3,2,1,5,0,1,2,3,4,1,2,2,1,2,1,1,1,5,4,3,2,2,2,1,1,1,2,0,2,4,0,6,2,3,0,1,3,1,3,4,3,0,5,0,5,2,0,1,3,2,5,1,1,2,0,0,2,0,1,0,3,0,3,0,1,1,0,0,1,0,3,4,2,5,0,1,3,0,0,1,4,1,4,2,0,3,1,1,5,1,0,3,2,4,2,3,4,5,3,1,3,1,3,4,2,2,2,2,2,3,3,0,0,0,2,4,2,2,1,1,2,3,2,1,4,0,4,1,1,0,0,0,0,3,2,0,2,2,1,2,0,2,3,0,1,0,0,0,1,0,1,1,2,2,3,0,3,4,1,2
donor_07_cell_021,0,1,1,1,2,1,5,3,7,6,1,10,3,0,2,3,1,0,0,1,2,1,1,2,2,2,0,1,2,2,0,1,1,2,1,0,1,0,3,2,0,5,0,1,3,1,1,1,0,0,0,1,2,2,0,2,1,3,1,1,0,0,4,5,0,2,1,0,2,1,0,1,0,0,0,0,0,2,2,2,2,1,3,0,2,1,1,0,1,2,5,0,1,2,0,3,1,0,2,2,4,0,0,2,2,0,1,0,1,0,1,0,0,1,2,2,3,1,0,3,0,2,2,1,0,1,1,1,1,1,2,2,1,1,2,0,2,2,1,0,2,0,4,0,2,0,0,0,1,1,1,1,1,0,1,0,2,1,1,2,1,4,1,1,0,2,3,3,0,2,1,4,1,2,2,0,1,2,3,2,1,1,1,0,2,2,1,1,1,1,4,1,0,1,3,0,1,5,1,1,1,4,1,0,0,1,0,2,1,2,0,1,1,3,0,0,1,2,0,2,0,1,0,2,0,4,0,1,0,0,1,0,1,1,4,2,0,3,0,0,4,2,1,0,3,2,1,0,2,1,1,1,0,1,2,1,3,2,1,1,0,4,0,0,2,1,2,0,1,0,1,1,0,1,3,1,0,0,1,2,0,1,0,1,3,2,1,2,0,1,1,1,2,0,2,2,4,1,1,2
donor_07_cell_022,0,0,7,6,2,4,1,8,4,3,3,2,2,5,1,1,2,0,0,2,4,2,1,3,1,0,0,2,0,3,0,5,2,2,1,1,0,0,0,1,3,1,1,1,5,3,1,1,3,1,1,1,3,3,1,1,0,0,1,1,3,2,0,3,2,0,5,0,2,0,2,1,2,0,0,1,1,2,0,1,2,5,3,3,1,1,3,3,0,2,0,0,0,2,0,4,3,2,0,6,3,0,1,0,2,2,0,3,1,2,3,0,0,1,2,2,3,2,0,1,2,1,0,4,3,1,1,1,2,0,4,0,3,1,1,0,1,1,3,2,4,1,1,0,2,1,1,2,1,0,1,0,1,3,0,2,0,3,2,2,2,1,4,1,1,2,4,1,1,2,3,1,4,1,1,0,1,3,0,2,1,2,2,3,2,3,2,0,4,4,0,0,2,3,1,2,3,4,5,3,4,3,4,0,0,1,4,3,1,1,1,3,0,3,0,3,0,1,2,1,2,1,3,5,2,2,0,4,1,0,0,2,5,2,4,2,2,2,0,1,1,2,2,0,1,0,3,4,0,3,1,1,0,1,3,3,3,1,2,2,1,1,1,1,2,0,0,3,0,3,1,1,0,1,1,1,2,1,3,2,0,1,0,0,0,0,1,1,1,0,4,0,1,0,3,5,4,2,3,1
donor_07_cell_023,0,0,2,1,0,3,8,10,5,3,5,11,2,2,1,0,0,1,1,1,2,0,3,3,4,2,0,2,1,2,0,2,2,1,3,0,0,4,0,4,4,3,0,2,4,2,1,1,2,1,1,1,2,1,2,1,0,2,0,3,1,3,2,3,1,2,1,0,1,2,1,1,3,2,0,4,1,4,1,1,3,3,2,0,0,1,5,2,1,2,0,1,3,2,2,1,2,0,1,0,3,2,2,6,2,2,1,3,3,4,4,2,2,0,3,1,3,5,0,0,2,6,0,3,1,1,2,0,0,3,0,5,3,0,0,1,3,5,2,2,2,2,1,1,1,2,2,4,2,2,2,4,1,4,1,3,3,2,2,1,2,2,1,1,4,1,3,3,1,4,2,1,0,3,2,1,0,1,4,2,3,2,3,3,1,0,3,0,3,0,1,2,0,2,2,3,4,3,0,0,1,2,0,1,0,1,3,1,0,2,0,2,1,2,3,2,1,1,2,1,0,1,1,1,0,2,0,2,2,0,1,2,4,0,0,0,1,1,0,2,1,3,2,1,2,2,1,2,2,1,1,2,2,1,0,2,3,0,1,3,1,3,0,1,1,0,1,2,1,2,0,1,0,1,2,0,1,2,3,0,0,2,3,2,2,1,1,2,2,2,0,0,1,1,8,9,1,2,0,3
donor_07_cell_024,0,0,1,0,1,1,5,6,2,4,4,8,1,2,0,0,1,0,0,3,4,2,4,1,1,1,3,2,2,0,1,3,1,0,0,1,0,1,2,1,1,5,2,0,2,3,3,3,1,0,1,1,3,2,3,1,2,0,1,2,2,0,0,1,1,1,3,0,1,3,0,2,0,2,1,1,0,2,2,1,2,0,1,0,1,0,2,2,0,1,1,1,0,3,3,0,2,0,0,0,0,2,1,3,0,1,0,3,1,0,3,0,3,2,1,2,1,0,3,0,1,3,0,4,3,3,0,2,2,3,0,1,0,0,3,0,2,2,1,2,1,0,8,1,0,1,0,1,0,0,1,0,0,3,0,0,2,1,3,2,2,2,0,1,4,3,5,0,3,3,0,1,1,3,0,1,3,0,1,1,2,1,1,2,2,1,0,4,3,1,3,2,1,1,1,0,1,1,2,2,3,2,2,1,0,0,1,1,3,3,3,4,1,3,3,2,0,1,4,0,1,2,0,3,2,1,0,2,0,1,3,2,0,2,0,2,1,2,1,1,4,1,2,2,1,3,1,3,0,4,1,1,1,2,0,3,0,2,1,0,3,6,1,2,0,0,1,4,0,4,1,0,1,3,2,1,0,2,1,4,0,2,3,0,5,0,0,1,2,3,3,1,1,1,2,3,0,3,5,1
donor_07_cell_025,1,0,2,2,0,4,8,5,0,8,5,5,2,3,0,1,3,0,0,2,2,2,1,2,1,1,0,0,1,3,2,3,1,1,1,2,0,1,1,3,1,2,1,1,0,4,0,2,1,1,1,0,2,0,2,3,0,1,0,0,2,1,3,3,2,3,5,2,0,1,1,0,3,0,1,2,0,4,1,1,1,2,1,1,3,2,3,1,2,2,1,4,0,0,0,1,0,2,0,1,2,4,0,3,1,1,0,2,1,3,2,1,0,0,0,4,5,1,0,4,6,4,0,3,1,0,1,0,1,0,2,1,2,0,0,0,5,2,0,0,0,1,2,1,0,2,0,0,3,1,1,3,2,2,2,1,0,1,3,1,1,3,1,0,5,2,3,3,2,2,1,1,1,0,1,0,3,5,2,0,2,1,3,1,1,2,0,1,1,2,3,0,1,1,0,3,2,3,1,1,6,1,3,0,2,2,3,1,0,2,3,0,0,2,4,1,1,0,3,1,0,3,2,2,1,1,2,1,1,0,2,2,4,0,3,4,2,2,0,0,1,3,1,0,2,2,2,2,3,2,1,2,3,0,1,2,3,2,1,1,0,3,3,1,4,2,1,3,0,0,2,1,0,1,1,1,1,4,3,1,1,1,0,0,2,1,1,4,2,1,1,1,5,1,1,4,2,2,1,0
donor_07_cell_026,0,0,2,1,2,3,10,8,2,7,7,15,1,4,1,1,2,1,0,2,1,2,4,5,4,1,2,0,0,3,3,1,4,2,3,1,2,0,1,3,2,0,1,1,2,1,2,0,6,0,0,2,4,3,2,0,4,2,0,4,3,1,1,1,3,2,2,1,1,2,1,0,2,1,1,0,0,2,0,3,4,2,2,0,0,3,2,1,0,8,1,0,1,2,2,2,2,1,2,3,4,0,3,1,2,1,0,1,0,2,0,1,0,4,1,2,2,3,1,2,4,3,3,1,2,3,1,0,0,3,2,2,0,2,3,0,2,3,2,2,2,2,2,1,2,0,1,1,2,1,2,1,2,0,0,4,1,5,1,6,1,2,1,1,1,1,3,4,4,0,4,1,0,1,0,1,1,7,3,2,2,2,2,1,2,1,0,2,6,0,3,3,1,5,3,1,2,2,1,1,4,2,1,1,0,2,2,3,3,2,2,0,2,1,3,0,2,0,0,3,1,3,2,2,3,2,0,5,1,3,1,2,1,3,2,4,4,2,1,0,1,3,0,2,2,2,1,3,2,3,1,5,1,1,1,0,5,1,1,1,3,3,0,1,4,2,4,0,0,2,0,2,0,0,4,1,1,2,3,1,1,2,2,3,6,3,1,3,1,3,3,0,3,2,5,2,1,1,0,0
donor_07_cell_027,3,0,1,3,1,0,8,7,6,5,3,8,3,1,0,0,1,4,2,3,6,0,3,4,1,2,1,0,0,0,1,1,0,1,4,1,2,1,0,2,0,1,2,3,4,3,0,5,2,1,1,1,2,2,4,3,1,2,1,1,0,2,1,3,1,2,2,0,0,3,0,3,3,2,0,5,1,2,0,0,1,3,5,2,0,0,1,3,1,3,0,3,0,3,1,1,0,1,1,1,1,3,3,5,0,0,1,1,2,4,1,2,0,2,2,1,4,4,1,1,2,0,1,2,0,3,1,1,1,1,2,1,1,2,1,1,1,2,1,1,1,0,4,2,0,2,1,1,2,0,3,3,3,2,1,4,1,5,4,1,0,2,0,2,2,2,1,1,1,1,1,2,1,2,1,1,1,3,4,3,1,2,3,0,4,1,2,1,1,0,2,0,1,3,0,0,1,2,1,3,1,2,1,1,0,1,1,2,1,2,1,6,0,1,0,2,1,3,2,2,1,4,1,2,1,4,0,2,4,1,0,3,1,1,3,1,1,2,0,2,4,2,1,4,2,3,0,1,0,1,2,2,2,0,0,4,1,1,0,3,0,3,1,3,3,0,1,3,1,0,0,1,0,4,1,1,0,0,2,1,0,2,2,1,5,0,0,1,0,3,5,1,2,0,2,3,2,6,0,1
donor_07_cell_028,0,0,0,1,0,4,10,12,5,6,6,8,1,1,0,1,2,2,5,2,4,0,4,1,2,2,0,0,3,1,3,2,1,4,2,1,0,1,0,2,4,0,3,1,6,2,1,5,3,2,3,0,3,0,1,0,4,3,1,1,2,2,1,5,0,2,2,0,0,0,2,3,3,4,0,0,0,1,2,2,6,2,2,1,0,1,0,1,2,2,0,0,0,1,0,3,1,0,0,2,1,0,0,4,4,5,3,2,1,1,2,0,1,4,1,4,3,2,2,2,2,1,1,1,3,1,1,1,3,1,0,3,0,2,1,1,3,1,2,1,0,0,5,1,1,0,2,1,1,2,2,4,1,2,1,0,1,2,1,1,1,2,1,0,2,4,4,2,3,3,3,2,2,0,0,0,2,4,5,3,2,2,0,0,2,2,1,0,1,1,1,1,0,0,2,3,5,3,1,3,1,4,2,1,0,2,1,0,1,1,0,0,4,1,3,2,0,2,3,1,1,2,6,3,3,4,0,3,2,1,0,3,2,2,4,1,0,6,1,2,1,2,1,0,5,5,0,5,3,1,4,0,2,1,1,5,3,1,1,2,1,2,3,3,3,0,0,0,2,0,1,3,1,2,4,4,1,0,2,2,2,4,2,4,2,0,1,1,0,1,2,1,1,0,2,2,2,2,3,3
donor_07_cell_029,0,0,2,3,0,5,10,8,4,8,2,7,1,2,0,1,1,0,0,3,2,2,4,3,4,2,3,0,1,0,3,1,1,3,1,2,1,2,3,5,2,5,3,5,3,4,0,1,5,0,2,0,6,2,2,2,0,1,1,2,4,1,2,3,2,3,2,3,1,1,0,3,4,0,1,0,1,2,2,1,1,3,2,2,0,3,1,1,2,4,2,5,2,0,1,2,2,2,1,0,5,1,3,2,3,2,2,2,2,0,0,1,1,5,5,1,3,3,1,3,0,5,2,0,0,2,4,0,1,1,0,2,3,0,1,2,5,4,1,2,4,1,2,2,2,1,0,2,3,1,4,1,2,2,1,1,0,1,2,1,0,4,1,0,5,2,4,3,0,3,0,3,1,2,3,2,2,2,3,1,1,7,2,1,3,2,0,0,0,0,1,0,1,2,1,1,2,2,1,1,0,3,1,0,1,1,2,3,0,3,1,0,3,4,2,7,4,1,2,1,2,2,1,2,1,2,1,1,1,1,1,3,2,7,2,1,3,2,1,0,1,6,1,1,2,4,2,2,2,0,1,2,3,1,0,3,4,1,1,2,1,2,3,3,2,1,1,2,2,0,1,2,0,1,4,0,1,1,2,1,1,1,3,3,2,2,0,0,2,1,2,3,1,2,4,4,6,3,0,3
donor_07_cell_030,0,0,3,2,2,1,6,9,3,6,2,6,2,7,1,0,1,1,4,3,1,0,4,1,5,1,0,2,0,2,6,3,0,1,2,3,0,2,0,1,1,1,2,3,0,0,1,0,1,0,0,1,2,0,1,1,2,4,3,1,2,1,0,6,2,2,2,1,0,3,1,2,4,1,1,3,2,2,0,0,1,0,0,1,0,0,0,0,2,1,2,3,0,0,0,2,1,1,0,1,3,3,2,2,0,2,5,2,0,3,2,0,0,1,1,3,3,1,1,3,4,0,2,2,0,0,0,1,1,1,0,1,1,0,1,0,1,2,2,1,0,1,5,0,1,1,2,3,3,0,2,3,2,1,0,3,2,4,0,3,1,1,1,4,2,1,1,2,1,7,1,1,2,1,2,3,3,3,1,1,0,4,1,0,3,3,1,0,1,2,0,1,0,2,0,1,2,4,1,0,2,3,2,1,0,1,0,1,0,1,2,1,0,1,2,2,0,1,0,1,2,2,2,3,2,2,2,3,0,1,1,2,3,2,1,4,1,2,1,5,1,2,1,0,1,0,3,2,3,3,2,3,2,3,1,1,2,0,0,1,1,1,0,1,1,1,2,2,0,0,1,1,1,1,4,1,1,1,2,1,1,3,2,1,1,0,0,1,1,0,3,0,2,0,1,0,3,2,1,1
donor_07_cell_031,0,0,2,3,1,4,7,8,4,3,5,6,3,1,3,2,0,3,4,3,0,1,3,3,1,0,2,2,1,3,2,3,1,2,2,2,3,1,2,1,3,2,1,3,2,1,0,4,3,0,0,0,3,2,5,3,3,2,2,1,2,2,1,4,1,1,4,2,0,1,1,2,3,2,1,0,1,2,2,4,3,0,3,2,4,2,2,2,1,3,0,6,1,2,2,2,1,2,2,4,2,3,1,2,2,2,1,0,0,3,1,1,0,1,2,2,1,1,1,5,6,3,0,3,0,3,1,3,1,7,1,4,3,7,2,0,2,3,1,2,2,4,1,0,2,2,0,1,2,0,3,3,1,1,1,0,2,3,3,3,0,2,1,0,2,3,0,1,1,3,3,3,1,2,1,0,3,5,4,3,1,3,1,0,0,2,0,3,4,3,2,1,0,1,2,2,4,0,0,1,0,3,1,0,1,2,1,1,2,1,1,4,2,3,3,0,2,1,3,2,0,0,5,4,1,4,2,1,1,0,0,1,4,4,3,2,1,3,1,0,2,2,3,1,0,1,4,1,3,1,2,2,0,1,1,4,2,1,0,1,0,3,0,1,3,0,2,0,0,0,0,1,1,2,3,1,0,1,3,0,0,1,2,2,0,3,1,3,0,0,2,0,0,3,1,0,2,3,3,1
donor_07_cell_032,0,0,1,0,0,2,8,6,3,6,5,4,2,3,2,0,3,4,2,3,2,0,4,2,1,0,3,0,1,1,3,4,3,1,2,0,2,0,3,2,1,4,1,1,4,2,2,3,1,0,0,0,1,3,2,0,0,2,1,2,1,1,1,3,2,1,0,2,0,0,1,1,2,1,1,1,0,2,1,0,0,0,0,0,0,0,0,2,2,1,3,2,3,3,1,1,0,0,1,2,0,3,0,3,0,3,1,0,1,1,2,1,1,1,0,1,3,1,0,1,0,2,1,1,0,4,2,2,1,2,1,3,1,2,2,2,1,3,1,1,2,4,4,1,1,1,2,2,4,0,1,2,0,1,0,3,0,1,1,3,0,0,0,2,2,3,5,1,1,3,1,3,2,2,1,1,1,2,2,1,1,3,2,1,1,3,1,0,0,1,4,4,0,2,0,1,0,3,3,4,1,1,0,0,2,0,0,1,1,3,1,2,1,2,2,3,0,1,1,1,1,4,1,1,0,5,1,6,1,2,0,1,1,2,0,3,0,1,1,0,2,1,0,1,0,3,2,2,0,0,1,1,1,2,0,2,4,2,0,3,0,0,1,0,2,1,2,1,0,1,0,0,0,3,1,1,0,0,1,0,3,1,1,0,2,0,1,0,1,0,1,0,2,1,1,2,3,3,2,2
donor_07_cell_033,0,0,1,2,1,4,7,6,5,2,9,4,2,0,2,1,1,1,7,3,1,3,1,1,3,1,2,2,2,2,3,6,1,5,1,2,1,1,1,1,1,4,2,3,4,3,0,0,0,1,0,1,1,1,0,1,0,0,1,1,2,3,6,2,1,0,2,2,0,1,0,3,1,2,0,2,2,3,4,0,5,3,6,2,0,1,2,3,0,2,1,5,1,2,0,5,0,1,0,5,1,2,2,2,1,0,4,1,0,0,0,1,1,4,1,2,1,3,2,2,1,3,0,0,0,1,0,1,1,1,1,5,0,1,1,0,1,1,0,0,3,4,1,1,2,2,2,2,4,1,4,2,2,1,0,3,3,2,2,1,1,3,3,0,4,0,4,6,0,3,1,0,0,4,1,0,3,1,4,1,5,2,0,0,1,1,2,0,0,1,2,2,0,2,0,1,1,4,1,1,2,2,1,1,2,1,1,2,1,1,3,1,2,1,4,0,2,0,1,0,2,3,1,1,1,3,0,2,1,0,1,2,4,3,1,1,1,4,3,1,3,0,0,0,4,0,2,1,0,2,2,3,0,3,0,1,2,2,1,2,0,0,0,1,4,1,1,0,0,0,1,1,0,1,0,0,1,1,2,4,2,1,0,1,4,2,1,1,5,4,3,1,1,1,1,1,0,3,1,4
donor_07_cell_034,0,0,3,1,3,1,9,5,2,2,2,10,0,1,1,0,0,2,5,2,1,3,3,1,1,2,1,1,4,0,1,5,2,0,1,0,2,0,1,3,0,1,1,1,4,3,2,2,1,1,2,1,3,0,1,1,1,2,0,2,3,2,4,3,1,1,1,0,1,2,1,1,8,0,0,2,0,1,1,2,3,1,4,0,0,2,2,0,1,2,1,3,1,0,2,0,4,0,1,0,1,3,0,3,4,4,2,0,0,2,3,1,2,1,1,4,0,3,0,1,3,5,0,5,0,3,0,1,2,1,1,0,0,2,3,1,1,0,1,0,4,1,1,1,1,3,0,1,1,2,1,2,2,2,0,2,0,3,4,1,1,3,0,0,1,4,3,2,0,2,2,1,3,3,0,0,1,4,3,1,5,2,1,1,1,3,1,3,4,1,4,0,1,1,1,0,0,4,1,1,2,2,3,0,1,3,2,2,1,3,6,0,1,1,1,0,1,0,2,1,3,1,3,4,1,3,1,2,5,3,2,2,5,5,3,3,4,6,0,1,1,4,1,2,2,0,4,1,0,0,2,2,1,0,0,3,1,0,0,2,0,4,1,0,0,0,0,1,0,1,1,2,1,1,4,1,0,4,2,2,1,1,1,1,4,1,0,2,1,2,3,0,0,0,3,5,1,1,1,2
donor_08_cell_000,0,0,1,2,1,2,4,0,3,1,1,1,1,1,3,1,3,0,2,0,1,1,3,7,2,1,2,0,0,3,1,2,2,2,0,1,4,1,1,1,1,2,0,1,1,0,3,1,1,0,1,0,1,3,2,2,0,0,1,3,2,4,4,1,3,1,2,0,1,0,1,0,3,3,1,2,1,1,2,3,1,1,2,0,1,0,3,2,1,1,3,1,2,1,1,0,4,0,2,3,6,2,1,3,1,2,1,0,1,3,0,0,1,2,0,4,1,2,2,1,1,4,1,3,0,2,2,1,0,0,0,4,1,1,0,0,1,0,2,1,1,1,2,3,3,0,1,2,1,4,1,3,1,2,2,4,1,0,5,2,1,2,1,0,1,1,6,3,2,2,1,3,1,2,1,0,0,0,1,2,2,2,3,1,4,3,0,0,0,0,1,1,0,2,1,1,1,2,0,0,0,2,2,0,1,0,1,0,2,2,0,3,0,3,1,3,2,0,2,0,1,0,3,1,2,1,0,3,2,0,1,0,2,2,4,2,0,2,0,3,2,4,2,4,1,1,0,0,1,1,1,2,1,0,1,0,0,0,2,1,0,3,0,0,0,0,1,1,0,0,0,4,1,2,4,0,1,0,1,3,1,1,1,1,0,0,0,0,0,0,7,2,4,0,4,5,2,0,2,4
donor_08_cell_001,0,0,3,3,1,5,5,2,1,1,0,2,2,2,2,2,1,0,1,1,1,0,1,1,1,2,2,1,0,0,3,1,1,3,1,0,1,1,2,0,1,3,0,1,2,2,0,1,0,1,0,0,0,2,3,4,1,2,0,0,1,4,2,3,1,4,1,3,3,1,4,0,1,0,0,0,1,3,1,1,4,1,1,1,2,1,1,0,1,2,1,4,2,2,3,2,1,1,3,2,1,1,1,4,3,5,1,4,1,3,0,0,2,2,2,2,1,2,1,0,4,3,0,2,0,3,2,3,0,1,0,1,3,2,2,0,4,3,0,1,1,0,1,1,2,2,1,1,0,2,2,1,2,2,1,1,0,4,1,1,2,2,3,0,0,2,2,0,0,2,1,2,1,0,0,2,0,3,2,2,4,2,3,2,5,1,2,0,3,1,4,1,0,1,3,0,0,2,0,1,1,1,4,0,2,3,0,3,0,2,1,1,1,0,1,1,2,1,2,2,2,1,1,2,2,3,1,2,2,1,1,2,2,1,3,0,1,5,2,0,2,2,1,3,2,3,1,0,4,0,1,4,2,1,5,3,2,1,2,2,1,0,1,0,4,2,1,1,0,0,1,0,1,5,2,4,1,3,6,5,1,3,2,3,2,2,3,0,0,0,3,1,3,1,3,2,3,2,1,0
donor_08_cell_002,1,1,2,3,1,3,1,2,3,2,0,5,1,3,0,1,1,0,5,5,4,2,5,1,4,3,3,1,1,3,0,3,1,3,1,1,2,1,1,3,0,2,0,1,0,4,1,2,1,0,2,2,0,2,1,1,2,1,0,0,3,3,3,2,3,3,4,1,0,2,2,0,3,1,1,1,2,3,3,1,1,3,2,1,2,3,6,2,3,0,2,0,1,2,0,0,0,4,0,1,1,2,2,3,1,2,1,2,1,1,2,2,3,2,2,5,2,5,2,1,1,4,0,2,1,1,1,1,0,1,0,2,0,0,0,1,1,4,3,1,1,0,0,1,1,2,1,3,2,1,5,2,1,1,0,0,0,5,2,1,0,0,0,0,0,2,1,1,0,2,1,3,2,2,2,1,2,4,2,1,1,2,1,0,2,4,1,0,5,1,2,0,2,3,3,0,2,5,1,2,2,2,0,0,2,1,0,4,1,6,1,2,0,3,2,1,0,1,3,1,3,0,1,4,3,3,1,2,2,0,0,2,5,1,3,3,2,1,1,0,2,0,1,1,1,2,4,0,2,2,3,2,0,0,2,3,2,0,0,1,1,5,0,2,6,0,2,1,1,0,1,2,1,1,1,1,2,2,3,5,0,2,1,1,3,2,0,5,3,1,1,1,2,3,2,3,3,3,3,1
donor_08_cell_003,0,0,1,1,1,4,1,1,3,2,2,6,5,2,2,0,3,1,3,2,0,3,2,3,0,3,0,2,3,0,1,3,2,3,2,4,1,2,1,1,1,3,3,1,5,4,1,0,4,1,2,1,2,1,1,2,2,1,0,2,1,4,1,2,0,3,4,0,1,2,2,2,3,2,0,2,1,4,1,2,3,1,2,0,0,0,3,1,3,2,2,1,1,0,2,1,3,1,2,2,1,2,2,4,1,2,2,3,1,1,3,0,2,3,0,2,1,4,2,0,0,3,1,0,0,0,1,0,1,1,2,3,1,2,0,1,2,2,1,1,0,2,3,0,1,0,3,0,1,1,0,2,1,3,2,1,2,0,3,2,1,3,3,0,0,2,2,4,0,3,0,1,0,1,1,2,1,2,1,5,3,2,1,2,5,2,0,2,3,2,3,1,1,2,1,1,2,1,0,1,1,3,1,0,2,2,1,4,1,0,2,1,2,2,4,1,1,0,2,2,1,2,1,8,1,3,1,2,1,0,1,1,4,1,4,1,1,1,0,1,2,1,1,2,2,2,4,2,1,0,2,4,5,0,3,0,2,0,0,3,2,3,0,1,4,2,0,1,0,0,0,1,0,2,4,3,1,3,2,2,0,2,2,2,1,0,0,0,1,0,2,2,2,1,0,1,1,1,5,1
donor_08_cell_004,0,1,1,3,0,4,4,1,3,3,0,3,2,1,1,1,2,0,3,3,5,3,8,2,2,2,3,3,1,2,2,1,3,0,1,1,1,1,5,0,3,0,1,2,4,1,1,0,2,1,1,1,1,2,1,0,5,3,0,1,5,0,1,1,3,2,4,1,3,3,2,4,7,0,0,1,1,0,2,1,2,1,1,2,1,0,4,3,3,2,2,2,3,0,3,3,2,2,1,3,2,3,1,5,4,0,1,1,1,2,2,4,1,1,0,2,3,3,4,1,2,3,0,3,3,1,3,0,0,0,0,1,0,6,3,1,4,4,6,0,0,2,6,2,0,2,0,1,0,4,4,3,1,1,1,3,0,4,3,3,1,5,2,1,4,2,7,2,1,2,0,4,4,2,0,1,4,2,1,3,2,3,3,2,1,3,1,5,1,2,3,1,1,3,2,0,1,2,3,2,7,3,1,1,0,0,1,3,1,5,3,4,0,3,2,1,2,1,1,2,0,2,2,2,1,2,0,1,1,0,1,3,1,2,4,2,0,3,3,2,0,2,0,2,0,1,1,0,1,0,3,2,0,2,1,1,2,0,3,1,0,2,1,0,2,2,2,1,2,1,2,1,1,4,3,1,1,3,3,1,0,0,3,2,1,1,2,3,2,2,1,0,4,0,1,4,2,3,1,3
donor_08_cell_005,0,0,1,3,1,2,0,1,0,2,3,1,1,2,1,2,0,0,3,2,0,2,3,1,1,2,0,3,1,0,2,4,0,3,2,2,1,2,1,4,1,6,1,0,5,2,0,2,5,1,0,1,0,1,2,2,0,0,0,0,2,2,1,4,2,0,2,0,0,3,0,1,3,1,0,1,1,4,6,1,2,2,1,1,0,0,2,2,2,1,0,0,1,1,1,0,1,1,0,2,2,1,0,2,1,2,0,0,1,0,2,1,0,1,0,2,1,2,0,0,1,0,0,1,1,2,1,0,0,2,0,2,4,2,1,1,2,2,2,1,2,1,1,2,2,2,2,1,3,0,2,7,1,3,1,3,0,0,2,3,3,2,1,1,3,0,5,2,3,2,3,1,0,2,1,0,2,5,0,0,3,2,1,1,1,0,2,0,1,1,4,0,1,1,0,3,1,0,0,1,1,3,1,1,1,0,2,0,0,2,0,2,1,3,2,4,2,2,2,0,0,4,1,0,4,2,0,0,3,2,0,4,2,3,1,0,4,2,0,2,2,1,2,1,2,1,0,0,0,0,2,2,1,3,0,3,4,1,0,4,2,1,1,0,1,1,0,3,1,2,0,3,1,2,1,3,1,1,4,2,0,0,0,2,0,3,0,2,2,2,0,4,1,0,1,0,4,3,4,3
donor_08_cell_006,0,1,1,0,0,0,0,1,0,1,1,0,2,3,3,1,0,1,3,0,2,2,1,2,1,2,0,0,1,3,1,1,2,3,1,0,1,0,1,0,5,2,0,0,1,2,0,1,2,2,2,2,0,2,1,2,3,1,1,2,0,2,1,2,2,3,3,1,1,0,1,3,1,0,0,0,0,3,2,1,1,2,1,1,0,0,2,3,0,3,0,0,2,1,3,2,3,1,1,2,1,1,2,2,1,0,0,1,2,1,3,2,2,4,0,2,3,1,4,2,3,1,0,2,0,0,1,2,0,0,0,1,1,1,0,1,4,2,2,0,0,1,1,3,2,0,1,3,3,0,3,2,1,1,1,2,0,1,2,2,1,1,1,0,2,0,2,4,1,1,2,1,2,1,0,0,4,1,1,3,2,0,0,0,3,3,0,1,4,0,1,2,2,1,1,0,1,6,1,1,4,2,1,1,0,0,2,1,1,2,2,1,1,2,0,2,1,0,2,2,0,0,2,1,0,2,0,1,1,0,0,0,1,1,2,2,2,3,1,0,2,2,0,1,2,2,1,1,2,0,2,1,3,1,0,1,0,2,0,1,1,4,2,1,0,0,1,0,0,0,0,0,0,1,2,1,3,5,2,0,0,1,0,1,2,1,0,0,1,0,2,1,2,1,4,0,2,1,1,1
donor_08_cell_007,0,1,7,3,1,1,4,0,0,0,2,3,0,1,3,0,1,2,2,1,0,0,0,0,4,1,0,0,0,1,1,5,0,1,1,0,0,2,1,0,1,1,1,1,1,3,2,0,3,0,1,0,0,2,3,1,1,1,0,1,1,1,1,0,3,0,1,0,0,3,1,1,2,0,1,1,0,3,1,1,3,2,5,0,1,0,2,1,1,2,0,3,2,0,1,0,0,0,0,3,2,3,1,1,2,0,2,3,1,1,3,0,2,2,1,4,1,1,1,3,2,1,1,0,0,1,1,0,2,3,0,1,1,0,1,1,1,1,1,0,1,1,2,1,4,1,0,1,0,1,3,1,0,0,1,3,0,2,2,1,1,6,1,2,3,0,2,2,2,1,0,1,4,5,2,0,2,0,1,3,3,2,3,0,2,5,1,2,1,1,1,0,3,1,2,0,2,2,1,1,1,3,4,0,2,2,2,3,0,3,2,0,0,1,1,2,3,3,1,0,3,1,2,5,1,3,0,2,4,2,2,1,2,0,0,1,1,4,0,0,3,0,1,2,3,0,0,1,2,1,1,3,2,0,0,1,3,0,1,3,0,1,5,1,2,0,1,2,0,1,1,0,0,2,2,0,1,3,3,1,0,0,1,0,0,0,0,2,0,0,4,0,1,0,0,1,1,1,2,0
donor_08_cell_008,0,1,1,0,0,2,1,2,1,0,2,2,1,3,3,5,2,0,3,3,2,3,4,2,2,1,3,0,2,2,2,5,2,1,1,0,3,2,1,4,1,2,2,2,2,2,4,1,1,0,0,0,0,3,3,0,1,1,0,0,0,1,0,2,1,1,1,0,0,2,1,1,3,3,1,3,1,3,1,7,0,2,4,2,1,0,2,0,2,1,1,3,2,1,2,1,1,3,0,2,1,2,1,5,1,2,5,0,2,4,0,0,2,1,4,1,0,3,0,1,0,1,3,4,1,1,2,2,2,1,2,1,3,0,3,0,2,0,6,2,2,5,2,1,1,2,4,3,4,0,5,2,2,5,0,1,1,2,0,3,1,2,0,1,2,3,5,2,1,2,1,1,0,3,1,0,4,1,1,2,1,2,3,0,3,2,1,0,2,2,8,2,1,0,1,4,0,2,2,1,0,1,0,2,1,1,0,1,2,0,1,2,2,2,1,1,1,0,4,0,2,2,2,3,1,3,0,3,1,0,1,1,2,1,3,2,1,2,1,1,0,4,0,1,0,4,0,1,1,1,1,3,1,2,2,4,3,0,1,1,0,1,1,0,4,2,1,2,2,1,2,1,2,3,0,1,2,2,1,3,1,0,3,2,3,3,2,1,2,1,0,0,3,1,0,1,2,3,3,5
donor_08_cell_009,0,0,1,1,0,2,2,1,2,0,2,6,1,3,2,1,1,1,1,2,1,1,4,1,2,3,1,1,3,4,1,2,1,1,2,0,1,1,2,0,1,2,2,3,3,3,2,0,3,1,0,1,0,5,6,4,3,1,2,2,2,0,4,2,0,2,0,2,1,2,3,4,6,2,1,0,0,3,1,2,0,2,0,0,0,1,5,1,0,0,0,2,2,0,3,2,2,1,0,3,4,2,2,3,2,1,3,4,2,3,2,0,2,1,1,2,2,1,3,1,1,2,0,0,1,4,2,1,1,0,0,3,3,1,2,2,2,1,4,0,0,1,1,4,3,0,3,3,1,1,1,0,2,2,1,2,1,3,2,2,1,4,0,1,0,0,3,1,1,3,2,2,3,3,1,1,2,4,3,3,4,5,3,0,1,2,3,0,1,1,1,1,0,2,2,1,2,2,0,3,0,2,1,1,1,1,1,2,2,2,3,0,0,3,1,1,2,2,5,1,0,3,4,2,2,4,1,2,3,0,2,0,3,4,4,1,0,0,1,0,3,1,1,0,0,2,1,2,3,5,1,2,1,0,1,0,2,0,0,0,2,1,2,2,2,1,3,2,0,1,4,1,0,3,4,1,0,3,2,4,1,2,1,4,1,1,1,2,1,0,1,1,4,1,1,1,2,1,1,3
donor_08_cell_010,0,1,6,1,0,0,3,4,1,1,2,1,0,2,1,2,2,0,5,3,1,0,0,2,0,2,0,1,0,0,4,1,0,2,1,2,2,1,2,1,0,0,2,0,2,2,1,0,1,0,1,1,3,1,1,0,2,1,0,2,2,1,3,2,5,0,1,0,2,3,1,2,4,3,1,1,0,2,1,3,1,3,1,0,2,2,2,2,1,0,1,2,0,3,1,2,1,1,1,2,0,1,0,0,4,3,4,1,3,2,2,4,1,3,1,4,3,1,4,2,1,3,0,3,2,2,1,0,1,3,0,2,1,0,0,2,2,2,1,1,1,0,1,1,3,1,0,4,1,1,4,3,1,1,0,3,1,0,1,2,1,1,1,2,2,1,4,1,0,2,0,1,1,1,0,0,2,0,1,3,0,4,0,1,1,1,0,1,1,2,1,1,1,2,0,0,2,1,0,1,1,3,2,2,1,1,2,2,0,1,1,0,0,2,2,0,2,1,0,5,0,1,4,2,0,3,0,1,0,2,1,2,0,0,2,2,0,0,1,2,0,1,2,1,1,0,1,0,0,1,0,2,3,0,0,0,0,1,0,2,0,1,0,1,3,0,0,0,0,1,0,2,0,4,2,2,0,1,3,3,1,0,0,4,2,0,0,2,1,0,0,3,1,0,2,2,5,2,2,0
donor_08_cell_011,0,0,2,2,0,0,4,5,3,3,0,0,2,4,2,0,0,2,2,2,1,2,3,2,4,0,0,0,0,2,4,5,2,1,0,2,4,2,0,0,2,2,5,4,2,2,2,0,2,2,0,2,0,0,2,0,2,1,1,3,1,2,2,3,2,0,3,0,3,2,2,2,2,6,0,1,3,1,3,1,4,0,3,1,0,3,1,4,1,3,2,3,3,1,1,2,1,0,1,2,2,2,1,4,3,2,1,1,0,3,0,2,2,0,0,1,5,2,0,1,1,1,1,2,1,1,1,0,4,0,1,2,2,2,0,1,2,4,4,1,3,1,2,4,1,1,1,1,1,0,0,3,2,1,1,2,0,1,6,2,1,0,2,1,2,1,1,1,0,2,2,2,3,1,0,0,3,4,5,1,4,0,2,0,0,2,0,0,4,0,2,0,0,4,0,1,3,4,0,0,1,4,5,3,0,1,0,0,1,2,0,2,1,3,2,2,2,0,4,2,2,2,5,2,1,0,0,4,2,1,1,0,4,2,3,2,1,0,0,2,1,2,2,1,1,4,1,1,3,2,2,0,1,0,2,1,0,5,0,3,3,3,0,0,3,1,4,0,2,2,1,0,1,1,3,2,2,1,2,3,1,0,0,2,1,0,0,1,2,1,0,0,4,0,0,0,1,0,1,5
donor_08_cell_012,0,1,1,5,2,3,2,1,2,4,2,1,2,4,4,1,3,2,2,0,3,2,4,5,0,0,2,2,0,2,0,4,0,1,3,2,0,0,1,2,0,3,4,2,3,3,2,6,2,1,1,2,2,3,4,2,0,2,0,0,1,4,7,3,2,2,2,1,0,2,0,4,1,0,0,0,1,3,3,1,1,1,2,0,1,3,0,1,0,2,1,3,1,0,0,2,4,0,3,2,3,3,1,4,2,4,0,0,1,0,1,1,2,0,0,0,2,5,0,5,2,0,2,2,1,4,2,1,1,2,0,2,2,2,0,1,2,1,6,0,2,4,3,2,4,1,0,4,1,1,2,3,0,2,1,3,0,1,6,3,1,3,2,0,2,3,3,2,1,3,2,1,0,0,0,0,0,1,1,2,5,2,0,3,1,1,2,0,2,0,1,1,0,2,0,0,2,1,0,0,3,1,2,1,1,1,0,3,5,2,4,1,1,2,0,5,4,1,2,0,3,3,1,3,1,1,0,1,2,1,1,1,1,2,1,0,2,2,1,0,3,4,3,2,3,2,2,1,2,1,3,1,3,0,1,2,1,0,1,1,0,1,1,2,4,0,3,0,0,0,1,1,2,2,2,3,1,3,2,4,1,0,0,2,2,3,0,2,0,0,1,1,3,1,0,4,1,0,3,3
donor_08_cell_013,1,0,5,1,2,6,1,0,2,3,1,4,2,0,3,2,0,1,3,2,2,3,2,0,2,0,1,0,2,2,4,2,3,1,3,0,2,0,0,1,3,4,1,4,3,3,2,1,3,1,0,1,4,0,4,1,1,0,1,1,2,2,2,3,5,4,4,7,0,3,1,0,2,1,1,1,0,3,3,3,1,1,1,2,2,3,0,2,2,2,1,5,0,1,0,3,3,0,2,2,1,3,1,1,2,1,1,1,1,1,1,1,1,1,0,2,2,1,3,1,0,0,3,1,1,3,0,2,1,2,0,3,0,0,3,2,1,2,2,0,1,3,1,0,3,0,1,3,1,2,1,4,0,4,2,2,3,3,0,1,3,3,0,1,0,1,1,2,2,0,2,1,4,2,1,0,2,4,1,1,3,2,1,1,1,4,2,0,1,1,4,2,0,2,2,1,2,5,1,0,2,5,4,3,0,1,2,4,1,1,4,1,0,1,2,3,0,2,2,2,2,4,0,2,3,2,0,1,4,1,2,0,2,4,1,1,2,1,0,1,4,0,1,2,1,1,2,2,0,1,2,4,3,2,1,3,1,1,0,1,0,4,1,1,3,5,0,4,2,1,0,0,1,4,3,1,2,3,2,2,2,0,0,3,2,4,1,2,1,2,0,0,3,3,0,3,3,2,1,0
donor_08_cell_014,0,0,2,2,1,3,1,2,2,2,4,2,0,1,1,0,1,0,4,1,1,4,5,2,3,5,1,0,1,0,1,5,0,1,2,0,2,1,3,5,1,2,1,1,2,0,3,3,3,3,0,1,1,2,1,2,5,2,2,1,0,1,3,0,0,2,2,0,2,1,2,1,2,3,1,1,1,2,0,4,3,0,2,2,3,1,1,0,0,1,0,7,4,1,2,3,1,1,0,5,2,2,1,2,3,0,1,2,1,1,1,0,1,0,3,1,2,1,1,2,1,1,1,3,1,3,0,3,1,2,0,1,2,0,4,0,2,1,0,0,1,5,2,3,0,0,1,3,1,1,3,1,1,1,3,2,2,2,4,4,1,4,6,0,1,1,1,1,2,1,1,1,5,4,0,0,2,4,1,2,6,1,2,2,2,1,3,4,4,0,2,1,1,1,4,0,2,2,2,1,2,0,4,1,1,1,1,0,1,4,2,2,1,2,1,4,1,1,2,0,1,2,1,2,1,0,1,0,2,1,1,4,2,3,2,1,1,2,1,1,5,3,1,3,2,1,1,0,3,1,4,2,2,0,1,1,5,1,2,2,2,4,0,0,1,1,2,1,0,0,1,2,2,0,2,2,2,1,2,3,2,1,2,2,1,0,1,0,2,1,2,3,2,0,2,3,3,3,3,2
donor_08_cell_015,0,1,1,1,1,6,2,0,1,0,1,3,3,0,1,2,0,0,2,0,3,0,1,1,5,1,5,1,0,1,1,3,2,1,0,1,0,3,0,3,0,2,7,0,3,2,1,3,2,3,0,2,2,2,2,2,1,5,1,0,2,5,2,4,2,4,3,1,1,2,0,2,0,5,0,0,4,1,0,1,1,0,2,0,1,1,0,1,0,1,2,2,1,2,2,2,1,1,1,5,3,2,1,1,1,4,1,1,0,1,4,3,1,3,0,4,5,1,1,1,0,0,1,0,0,1,2,1,1,0,0,4,2,2,2,3,3,6,1,0,2,3,5,1,5,2,1,2,2,0,1,4,0,0,1,0,1,2,1,3,2,4,1,0,1,0,0,3,2,2,1,2,3,1,1,2,4,1,1,2,2,5,2,0,5,4,0,1,4,5,4,0,1,3,1,2,2,0,1,2,3,2,2,1,0,1,2,0,1,3,0,0,3,2,2,4,1,0,1,0,1,4,0,2,2,6,0,1,7,1,0,1,1,1,3,2,2,3,3,2,2,3,4,1,3,4,1,3,1,5,2,1,0,1,2,4,3,2,3,3,0,3,3,2,1,0,5,1,3,2,0,2,2,3,2,1,1,1,5,2,0,1,2,3,0,1,2,1,1,2,3,0,2,2,0,1,2,4,3,2
donor_08_cell_016,1,1,2,0,4,3,4,3,0,1,0,5,0,5,1,2,1,2,4,1,4,2,2,2,2,2,1,0,0,0,3,3,1,0,2,2,2,1,0,4,0,5,4,1,1,1,1,0,3,1,0,0,3,5,3,3,0,1,0,0,2,3,3,3,2,3,2,3,1,5,2,2,1,1,3,1,2,0,1,0,2,4,0,0,1,0,2,3,0,0,0,5,3,1,4,2,2,0,1,1,5,3,2,3,3,2,2,2,1,5,1,1,1,5,0,0,2,5,3,1,1,2,0,1,0,2,0,0,1,0,2,2,1,2,3,0,4,3,1,1,2,2,2,0,0,2,3,1,2,2,1,3,0,5,1,0,2,4,4,0,0,3,1,0,1,1,3,1,0,1,4,1,0,1,2,0,6,5,0,4,3,1,0,0,1,1,2,2,2,2,2,2,0,4,0,2,1,2,2,1,5,4,3,0,1,2,1,0,1,2,4,2,1,1,2,1,2,1,4,4,1,2,3,0,0,3,1,0,2,0,1,1,2,1,1,2,2,5,2,2,2,3,2,1,2,1,2,1,1,1,2,2,4,1,2,1,3,3,0,6,1,2,2,0,2,2,0,0,1,0,0,3,3,1,5,0,0,3,4,4,2,0,1,0,4,1,5,0,3,1,0,3,1,3,3,1,2,4,3,3
donor_08_cell_017,1,0,2,2,1,5,5,4,1,2,1,4,2,0,4,1,3,0,4,1,0,4,2,2,2,1,1,1,3,5,0,3,1,1,2,2,1,1,1,0,3,2,1,1,1,4,0,1,1,1,1,0,0,0,2,4,2,3,1,0,2,2,1,1,0,2,1,0,1,0,1,0,1,3,0,2,1,1,1,4,1,3,0,3,2,1,1,2,1,2,1,2,2,3,1,4,2,1,2,4,4,2,1,3,0,3,1,0,1,3,2,1,2,0,1,1,3,3,4,1,0,4,1,1,0,0,1,1,1,0,2,1,2,0,1,0,3,1,2,1,1,0,1,2,1,0,0,2,3,1,0,0,1,2,1,1,1,2,0,4,1,4,2,1,1,1,3,4,0,0,0,0,1,3,1,1,1,2,3,0,1,2,1,4,3,1,2,0,1,2,1,2,1,2,0,0,0,1,0,0,1,4,3,2,1,0,0,3,0,4,2,0,2,4,1,2,1,3,2,0,1,1,2,2,1,3,0,5,1,0,2,2,3,0,0,2,3,1,1,2,2,2,2,2,2,1,1,1,1,2,1,2,0,2,1,2,2,1,1,1,4,5,0,1,3,0,2,0,1,0,3,0,0,0,2,0,2,3,5,2,1,0,5,0,2,1,0,1,1,2,2,2,2,3,5,3,5,5,2,8
donor_08_cell_018,1,0,0,2,2,2,0,1,0,1,2,1,2,1,0,1,0,1,1,1,2,0,2,3,1,1,1,1,0,2,1,5,1,2,2,1,2,1,1,2,0,0,3,1,1,5,3,0,4,3,1,0,2,1,2,1,4,0,1,2,3,2,2,2,2,0,1,5,2,1,3,1,4,1,0,1,0,1,3,2,2,2,0,0,0,1,3,1,0,3,1,3,0,0,2,0,3,0,3,4,2,3,1,1,1,5,5,0,1,2,2,2,2,1,2,2,0,2,1,4,4,4,1,0,0,0,4,2,2,1,1,4,2,3,4,1,6,2,0,1,2,1,3,0,1,1,1,2,3,2,5,0,2,3,1,1,3,3,2,3,3,2,0,4,0,2,3,2,0,3,1,3,2,1,2,0,2,4,7,4,1,4,3,0,2,1,1,3,3,4,1,0,2,5,0,0,0,2,0,3,4,4,0,0,0,3,1,1,1,3,0,1,1,2,3,4,3,0,0,1,1,3,1,3,1,3,1,1,0,3,1,2,6,4,1,3,1,1,1,0,1,5,2,4,1,3,2,2,1,1,1,4,1,1,1,1,2,0,3,0,0,1,1,1,5,3,4,0,3,3,2,2,0,2,3,1,0,1,1,0,0,1,2,1,1,1,2,3,1,0,1,3,0,2,3,0,3,5,3,3
donor_08_cell_019,0,0,2,0,0,0,1,1,0,3,2,0,1,1,1,2,4,0,0,2,3,2,0,5,1,2,1,0,1,5,1,0,2,3,0,4,2,1,2,1,1,2,2,1,0,2,3,0,2,2,0,0,0,1,2,2,4,2,1,2,1,3,1,1,1,0,1,0,1,1,0,0,2,5,2,0,2,2,1,3,1,2,1,1,0,1,1,2,1,2,1,1,1,0,2,1,2,0,1,1,2,2,2,1,1,2,1,1,1,2,1,0,0,0,4,0,2,3,4,3,1,3,2,0,0,1,1,0,0,1,0,3,1,1,0,0,2,1,3,1,1,2,2,0,2,3,0,0,2,0,2,1,2,1,0,2,0,3,0,0,2,2,1,0,1,0,3,4,1,4,1,4,2,1,0,0,1,2,2,0,5,4,1,0,0,0,0,0,2,2,3,0,1,2,1,0,1,0,2,0,1,1,1,1,1,1,2,0,0,2,0,1,2,3,2,1,1,0,2,1,2,2,1,1,3,2,0,1,3,0,1,1,1,0,2,2,1,1,3,0,3,1,4,1,2,1,2,0,0,2,2,0,0,2,0,3,3,1,1,0,0,3,4,0,8,2,2,0,1,0,1,1,1,2,2,3,0,3,1,1,1,1,1,1,1,1,1,0,1,0,1,1,5,0,2,1,0,1,1,2
donor_08_cell_020,0,0,1,2,2,5,4,3,0,2,1,3,1,0,1,0,3,1,3,1,1,1,0,3,4,1,3,2,3,2,3,3,2,0,1,0,1,4,1,2,3,2,0,2,3,5,2,0,3,0,2,2,2,0,2,6,1,2,1,3,3,1,0,1,1,2,1,1,1,0,1,0,1,0,0,1,2,3,2,6,3,1,7,1,1,0,4,2,5,2,2,3,4,2,2,3,3,1,1,1,4,0,1,2,3,0,2,2,2,1,1,1,0,5,0,2,1,2,2,3,2,5,1,3,0,1,3,0,1,1,3,2,4,2,2,1,2,3,4,2,1,2,2,1,5,0,3,1,3,1,1,4,3,4,1,3,2,3,4,3,2,4,2,0,2,2,3,3,2,1,1,2,1,4,2,0,1,4,2,1,5,2,1,1,1,3,4,2,2,3,1,0,1,2,3,1,0,2,3,4,2,1,2,1,1,1,1,3,1,2,3,1,2,2,2,1,0,1,3,5,0,2,1,2,2,2,0,4,6,0,0,1,4,1,4,1,1,3,1,1,2,4,0,0,2,3,2,2,0,2,2,5,3,1,2,2,2,1,0,2,1,5,2,1,2,3,0,2,1,1,1,1,0,0,3,4,0,2,2,1,1,3,2,1,1,3,0,1,0,1,2,2,3,1,2,2,2,6,2,1
donor_08_cell_021,0,0,1,1,0,4,2,3,1,2,2,2,1,0,1,0,1,2,3,1,1,0,3,2,1,0,0,0,2,1,0,3,1,1,1,1,0,1,4,0,0,3,0,1,3,3,2,2,2,3,1,1,2,1,3,0,1,2,0,1,1,2,0,4,1,2,3,0,1,0,1,0,3,0,1,2,1,1,2,1,0,2,4,2,0,0,1,0,0,1,0,3,1,2,0,0,0,0,1,1,2,2,0,1,1,1,3,2,1,2,0,1,0,4,0,0,3,4,0,2,1,1,2,0,0,2,2,1,1,1,0,1,1,0,2,0,1,3,1,2,0,0,2,0,1,1,1,4,1,1,0,5,2,0,1,0,0,4,2,2,0,2,2,1,0,0,4,3,0,2,1,2,1,1,0,1,1,1,0,0,0,1,3,1,3,0,0,2,3,0,3,0,0,0,1,2,2,1,1,0,1,2,0,2,0,0,2,1,1,2,1,2,3,2,2,3,0,0,3,2,0,0,0,1,1,2,0,1,1,0,1,2,1,0,4,2,2,0,1,0,1,1,3,1,2,1,1,0,3,1,0,1,0,0,0,0,1,0,0,0,0,2,1,0,2,2,1,3,1,0,0,0,1,1,1,1,3,1,0,1,0,1,0,0,0,1,0,1,0,0,0,0,2,0,2,3,2,4,3,1
donor_08_cell_022,0,0,2,1,2,1,3,2,3,2,0,3,1,1,1,3,1,2,2,1,0,1,4,4,1,0,3,0,1,1,2,1,1,1,3,2,0,1,1,1,1,4,1,3,4,1,3,0,0,1,1,1,2,0,1,4,2,3,1,2,1,0,5,3,1,0,0,3,2,1,4,1,2,0,1,2,1,2,2,5,3,1,1,0,0,0,1,1,2,4,1,1,2,3,1,1,0,0,0,1,1,2,1,6,1,1,1,0,0,1,1,2,1,0,0,2,1,4,2,2,0,1,0,0,1,1,2,1,1,1,0,4,3,1,2,1,1,2,2,0,2,0,1,3,2,1,5,1,1,0,3,2,0,0,1,4,1,1,2,2,0,4,3,3,2,0,4,3,0,1,0,1,1,0,1,0,1,2,0,3,0,2,2,0,2,4,1,1,6,1,1,1,1,0,1,0,1,3,0,0,0,2,1,3,2,3,0,0,1,2,0,1,2,1,3,3,2,1,1,0,5,1,2,1,2,6,3,2,1,0,1,1,5,2,4,1,2,0,0,1,1,2,0,3,0,4,1,1,1,1,4,4,3,0,0,0,0,0,3,3,2,1,1,0,2,2,1,1,0,1,1,0,1,1,6,2,0,1,1,0,0,2,3,2,2,1,1,0,1,1,2,0,4,1,3,1,3,0,6,3
donor_08_cell_023,0,1,3,0,1,5,3,5,1,1,3,2,1,3,2,1,2,3,1,1,4,1,2,0,3,0,3,1,1,4,1,2,0,1,2,1,0,1,1,2,0,2,2,0,2,5,0,1,0,5,2,1,2,1,2,2,0,3,0,1,1,2,1,1,1,1,4,0,1,2,0,1,7,1,1,0,1,1,1,2,2,0,1,1,1,1,4,3,0,1,1,1,1,1,3,1,2,0,2,4,0,1,2,3,3,3,1,3,0,4,0,3,1,2,3,3,1,3,2,1,2,0,2,0,0,2,2,1,1,1,0,2,4,0,2,2,3,3,2,1,1,3,3,2,3,3,2,1,0,2,1,0,3,1,2,0,0,2,2,0,0,0,1,1,0,1,5,0,1,6,0,2,0,0,0,1,1,1,1,1,0,0,2,1,2,1,5,1,2,1,2,0,0,3,0,2,5,1,1,1,3,1,1,0,0,2,0,2,1,1,0,0,1,1,3,2,1,1,1,1,0,2,1,1,1,3,1,2,3,2,2,2,2,1,2,2,0,2,1,0,2,3,1,0,3,3,3,1,2,2,2,2,1,0,1,0,2,1,1,4,1,2,3,1,4,1,0,0,3,0,0,0,3,2,1,1,0,1,0,4,0,0,2,2,3,1,2,1,1,1,5,1,4,1,2,1,3,0,2,3
donor_08_cell_024,1,0,3,1,0,1,3,2,1,2,1,1,0,3,4,0,2,1,1,2,1,0,1,2,2,0,1,3,1,4,1,3,1,2,1,0,2,4,0,4,5,0,2,1,3,3,1,3,0,0,0,0,1,1,2,4,3,4,2,1,1,4,0,1,3,0,2,1,3,3,3,3,4,2,0,1,2,2,3,2,2,1,2,0,0,2,2,3,1,4,0,3,0,0,2,1,1,1,2,3,5,5,1,3,1,1,2,1,1,4,1,1,1,3,0,3,3,1,4,3,0,1,2,0,1,2,2,0,1,1,0,4,6,2,4,0,0,1,2,0,3,1,6,1,3,1,1,3,1,0,3,1,0,0,0,5,0,1,3,0,1,2,2,1,0,0,2,1,1,1,1,0,1,1,0,1,0,1,2,2,2,1,2,1,1,3,1,1,0,3,3,0,2,3,0,1,1,1,1,0,1,4,1,2,2,1,0,1,0,3,2,0,0,2,1,3,0,2,1,1,1,1,2,0,3,3,1,1,0,2,1,2,3,1,5,0,3,3,4,0,6,1,1,3,1,0,0,2,1,1,1,1,1,2,2,3,3,0,0,3,0,0,1,1,4,0,1,1,0,1,0,1,3,2,3,1,3,0,3,3,1,2,1,1,2,1,1,3,2,0,2,1,2,1,1,2,0,4,1,0
donor_08_cell_025,0,0,0,0,0,0,2,2,0,1,1,0,3,0,0,0,2,0,4,2,1,1,1,2,2,0,0,0,0,1,0,1,0,0,3,2,0,1,4,1,1,1,0,0,2,4,0,0,5,0,2,0,4,2,1,4,3,3,1,0,2,1,2,3,3,0,2,1,1,0,2,0,0,3,0,1,0,0,0,2,0,2,2,1,0,1,1,4,2,1,0,0,2,1,1,0,3,0,1,1,3,3,0,2,3,4,0,1,1,1,1,1,1,2,2,0,1,1,3,2,1,1,0,1,1,1,1,1,0,1,2,4,1,1,0,2,2,3,2,2,1,1,3,1,4,2,0,1,1,0,2,0,2,0,0,1,2,0,0,3,1,3,0,0,4,1,1,2,0,2,1,1,0,2,1,0,0,0,1,1,0,1,4,1,0,2,2,0,1,0,1,2,1,3,0,1,1,5,0,0,5,3,5,2,0,3,2,3,1,1,1,2,3,3,1,3,1,1,3,0,1,1,1,3,4,0,2,3,1,1,0,0,1,1,3,2,2,1,1,1,1,5,0,1,4,5,0,1,3,0,0,1,1,1,1,5,1,0,1,1,0,2,2,0,0,0,0,0,1,1,0,2,4,0,2,3,3,1,2,4,1,0,2,2,1,2,1,0,2,2,2,0,0,1,4,1,1,1,1,1
donor_08_cell_026,0,0,3,1,1,1,2,3,1,0,2,4,1,4,0,4,1,2,3,1,1,1,3,3,2,1,3,1,0,5,3,5,1,0,6,2,0,1,4,1,1,2,2,1,0,2,0,2,2,3,0,0,3,7,3,1,1,1,1,0,0,1,3,2,0,3,2,1,3,4,1,3,3,1,0,0,2,0,2,3,1,1,2,3,0,1,3,2,0,1,0,1,0,2,2,2,1,1,2,4,5,0,1,2,3,3,2,1,2,0,3,3,3,5,4,1,2,2,1,3,0,2,2,1,1,0,1,1,0,0,1,4,1,0,1,2,1,2,2,3,2,2,4,1,3,0,2,2,1,0,1,2,3,0,2,1,2,0,3,2,1,3,0,2,1,2,0,2,1,2,1,1,2,2,2,0,3,3,2,2,3,0,1,2,1,1,1,0,2,2,1,1,0,4,3,1,3,3,2,2,3,0,1,1,0,0,1,3,1,3,3,1,0,1,3,3,1,1,2,5,1,2,3,1,0,0,1,3,2,0,0,0,2,1,0,0,2,3,0,0,2,1,3,3,2,4,4,0,1,2,3,2,2,0,3,3,1,0,0,3,1,3,2,0,0,0,2,0,1,2,1,3,1,0,5,0,1,2,1,1,1,2,4,0,2,3,1,2,1,0,2,0,2,2,0,2,2,4,3,1
donor_08_cell_027,0,0,0,0,0,7,1,0,1,0,0,1,4,0,3,0,2,2,1,2,2,2,2,1,1,0,1,2,1,2,1,2,2,2,1,2,1,1,2,5,2,2,1,1,0,2,1,4,2,1,0,2,1,4,1,5,1,1,1,0,5,0,5,1,6,0,1,1,0,0,2,1,1,0,0,1,0,1,4,2,2,3,2,2,2,2,2,2,0,1,0,3,1,0,0,2,0,1,0,0,0,2,3,3,0,0,2,2,0,2,2,0,4,1,1,2,2,2,1,2,3,5,0,2,1,2,0,1,1,1,2,0,2,1,2,0,3,0,3,1,0,1,2,1,4,3,1,0,0,0,5,3,1,0,3,3,0,2,4,2,1,0,1,2,1,0,3,2,0,3,3,1,0,3,0,1,1,0,4,3,2,1,1,0,1,0,2,1,1,2,1,0,1,1,2,0,1,4,1,0,5,2,1,1,1,1,1,2,2,1,1,1,2,2,3,4,0,1,1,2,2,4,1,2,4,2,2,0,1,1,2,1,0,3,0,0,0,0,0,0,1,1,1,1,0,4,1,1,4,0,1,3,1,0,2,2,4,1,4,3,0,1,2,1,3,2,0,1,2,1,0,1,1,1,3,1,0,2,1,2,1,2,1,1,0,2,2,1,0,1,3,0,3,3,1,2,3,1,1,4
donor_08_cell_028,1,0,2,0,0,6,2,0,0,0,0,4,3,2,1,0,3,2,4,0,3,1,1,2,3,1,1,0,0,2,3,2,1,1,2,2,0,1,3,0,1,1,0,1,1,2,0,3,2,2,1,1,0,2,3,4,2,1,0,1,3,1,1,1,1,3,1,2,1,0,1,0,0,2,0,0,1,1,1,1,0,2,1,0,1,0,0,1,0,3,2,4,4,2,2,3,1,1,1,1,0,0,0,1,2,0,2,2,0,8,1,2,3,3,0,2,1,2,0,3,2,1,0,1,2,3,2,1,1,1,1,2,2,7,2,2,3,3,0,1,2,1,4,1,2,1,2,0,0,1,2,1,0,2,0,1,2,3,1,3,1,1,1,0,1,2,3,2,1,2,0,3,2,4,0,1,0,3,1,3,0,2,0,4,1,1,0,0,1,2,2,2,2,1,1,0,3,4,0,0,0,1,2,0,2,3,0,2,1,0,2,1,3,1,2,1,0,1,2,1,0,2,2,5,1,3,1,0,2,0,1,3,2,5,3,2,3,4,1,1,3,2,3,1,0,3,1,1,1,3,1,1,3,0,0,2,3,0,0,2,0,2,1,1,1,1,2,2,1,0,3,0,0,0,0,1,0,1,1,3,0,0,0,2,1,2,1,1,0,2,1,0,2,6,0,0,2,3,2,4
donor_08_cell_029,1,0,2,2,1,5,3,3,1,3,0,3,2,2,4,2,0,0,3,4,1,1,5,2,4,2,0,2,2,2,4,2,1,0,1,1,1,1,0,2,1,3,5,4,1,4,0,0,4,0,0,1,1,3,3,7,3,2,3,1,1,0,4,2,4,2,3,2,3,1,1,0,2,3,1,2,0,4,2,4,1,2,5,1,1,0,3,1,3,3,0,2,4,5,1,3,1,0,0,0,1,2,2,4,3,2,1,1,2,2,2,2,4,1,1,1,0,3,2,1,1,3,1,2,2,1,3,0,2,5,3,3,2,2,3,2,4,2,4,0,4,7,8,0,3,2,2,3,0,3,6,7,1,3,0,2,2,5,4,3,1,4,3,1,5,2,3,3,1,2,1,2,3,1,3,1,3,1,3,2,1,5,3,1,3,3,1,0,1,1,5,4,2,3,2,1,3,4,1,0,2,1,2,5,0,2,0,0,0,4,1,1,1,1,0,1,4,0,2,3,0,2,3,4,0,2,2,0,1,1,0,4,3,2,3,2,0,4,2,2,2,0,2,0,3,2,1,1,1,0,0,0,2,0,0,4,1,1,0,0,3,0,4,1,2,1,1,4,0,0,3,0,2,1,3,2,3,2,2,2,1,2,2,0,3,3,2,5,2,1,4,1,3,2,2,1,3,3,5,1
donor_08_cell_030,0,1,4,2,0,1,1,2,0,1,2,4,1,2,0,3,4,0,4,3,4,0,1,1,5,1,0,0,0,3,1,6,0,0,2,3,0,2,1,2,1,2,3,1,1,5,0,1,3,1,1,1,3,2,2,2,2,1,2,0,2,3,3,0,1,1,1,1,1,0,3,4,6,0,0,2,1,2,2,1,2,2,4,2,1,1,6,2,0,1,1,2,1,2,0,0,1,1,3,3,4,1,0,6,1,3,0,1,1,2,2,1,0,3,2,2,5,6,2,1,2,2,1,1,2,1,0,5,7,2,2,0,3,6,3,1,2,0,3,0,1,4,2,1,5,2,0,2,5,1,1,2,0,4,2,1,1,6,0,0,1,3,3,0,0,1,3,0,1,3,3,2,1,3,1,1,1,3,2,4,1,6,1,5,4,4,2,2,3,2,5,2,1,4,0,2,3,3,2,1,3,2,2,1,0,1,1,2,1,4,2,2,2,2,1,2,1,2,3,0,4,2,2,2,0,2,0,4,1,0,3,2,1,4,2,5,1,3,2,1,3,2,1,4,1,2,0,2,2,0,5,2,2,3,0,2,1,1,1,3,2,5,1,0,7,3,2,0,2,0,2,1,0,4,0,3,1,7,2,2,1,2,1,2,2,3,1,0,2,1,4,3,1,0,3,1,2,4,2,3
donor_08_cell_031,0,0,2,3,0,4,2,1,0,4,5,2,2,2,2,1,1,0,1,1,2,0,0,2,2,2,2,4,0,0,1,1,0,0,2,1,0,0,2,1,1,1,2,1,1,2,0,0,1,2,1,0,2,1,1,1,0,3,0,0,1,1,0,2,3,1,2,1,2,6,1,2,2,0,2,1,3,4,1,1,2,0,0,0,0,0,3,2,2,0,0,2,3,3,1,1,1,1,0,1,3,1,0,4,2,1,0,2,1,3,0,0,0,0,0,1,3,0,1,2,0,1,1,1,0,1,0,1,3,3,1,2,3,0,0,0,1,1,2,0,2,4,1,0,1,1,0,1,3,1,2,1,1,0,0,2,0,0,1,1,2,2,0,3,2,2,1,0,0,2,0,1,1,3,1,2,1,2,1,3,0,1,1,1,0,0,1,0,3,1,1,1,1,0,2,0,2,2,0,3,0,4,1,1,1,0,1,0,1,1,2,2,1,2,1,3,1,1,0,2,0,1,2,3,2,1,0,3,0,0,1,2,0,3,1,1,0,0,1,1,0,2,3,1,4,4,0,0,0,0,6,3,1,2,1,3,0,1,1,0,0,1,3,1,2,2,1,1,0,0,4,0,0,1,3,2,0,0,0,1,0,1,0,0,1,0,1,2,0,1,1,0,2,1,1,3,0,1,2,3
donor_08_cell_032,0,1,2,2,0,3,2,1,0,2,3,6,1,2,0,2,1,0,0,0,3,2,2,4,1,1,2,0,1,2,1,1,1,2,2,2,0,1,0,1,1,3,1,1,4,4,0,2,2,1,2,0,3,1,2,1,1,1,1,1,1,2,0,1,2,1,1,0,0,0,0,0,1,0,2,1,3,2,1,3,1,0,1,2,1,2,1,3,2,2,2,1,0,3,2,1,2,0,0,1,1,2,0,3,0,0,2,2,0,2,1,0,2,1,2,3,1,0,1,1,0,2,0,2,1,0,1,1,0,2,1,3,3,1,1,0,2,0,2,0,1,0,1,3,0,0,0,0,2,0,3,4,0,6,0,1,0,1,1,2,1,1,1,1,2,1,0,1,0,2,0,4,0,5,1,2,4,4,0,3,2,3,1,0,2,0,0,0,0,0,1,1,3,2,2,0,1,1,1,0,0,0,0,1,1,2,3,1,1,1,0,0,1,0,1,4,1,3,0,1,4,0,5,3,2,4,0,0,0,0,1,2,2,2,1,0,1,3,1,2,3,2,0,1,3,1,2,0,1,1,0,1,2,0,6,2,2,0,1,0,0,2,1,1,2,0,0,0,1,0,0,1,0,1,1,1,2,2,1,4,0,0,1,2,2,1,1,1,0,0,0,0,3,1,2,3,4,2,1,1
donor_08_cell_033,0,1,6,0,1,2,6,4,1,3,0,4,3,2,0,3,1,1,0,1,1,4,3,4,7,3,3,0,1,0,2,1,0,0,2,1,1,0,1,1,2,0,1,4,0,4,2,0,4,1,0,0,1,1,1,4,2,1,1,1,4,1,3,0,2,4,2,1,0,1,0,0,2,1,2,1,1,3,2,1,0,2,3,1,1,1,2,1,1,2,0,2,1,1,4,5,4,0,0,4,2,4,0,2,4,3,4,2,0,1,2,2,0,2,1,1,2,1,2,2,2,1,1,2,0,2,2,3,1,0,1,4,0,1,2,2,0,2,0,2,1,0,0,2,0,0,0,1,2,1,2,2,3,1,0,2,3,0,0,3,2,1,4,1,2,1,1,3,2,3,0,2,0,0,3,0,2,3,6,2,2,0,4,1,3,3,2,0,1,2,3,0,1,1,0,1,2,3,0,1,1,4,4,2,1,2,1,2,2,4,4,3,2,0,4,2,2,0,2,1,2,0,1,4,1,1,0,2,0,1,0,1,5,5,1,3,2,3,1,1,2,1,0,3,1,4,0,3,2,3,2,3,2,0,2,2,5,1,0,4,0,3,4,1,1,1,1,1,1,0,0,1,1,0,2,2,0,1,3,1,1,1,4,2,0,2,1,1,5,0,2,0,4,2,5,2,0,3,3,2
donor_08_cell_034,0,0,2,1,2,3,2,3,0,1,2,2,3,2,4,2,3,0,2,5,3,3,1,3,4,3,4,2,4,3,2,2,3,1,2,1,1,1,0,0,2,4,2,2,4,3,1,2,3,3,1,2,2,1,3,1,5,2,0,2,3,2,3,5,3,1,4,1,1,0,3,1,3,0,2,4,2,3,4,4,3,3,3,0,1,4,3,1,1,5,0,3,1,4,1,0,2,5,4,1,3,5,1,1,1,2,3,2,2,1,1,3,0,2,0,3,2,1,2,3,4,2,3,0,0,2,2,3,1,6,3,3,2,3,3,2,5,0,5,0,2,1,4,4,0,1,1,1,1,2,1,1,3,2,0,3,0,4,7,4,0,4,2,0,4,0,2,5,1,2,0,1,4,1,1,0,1,4,5,1,3,6,1,2,7,4,2,2,3,1,4,2,2,2,0,2,4,4,2,2,5,5,0,2,1,4,2,3,1,1,3,4,0,0,5,0,1,0,3,3,1,1,1,1,1,5,0,3,0,2,6,5,7,2,4,3,2,1,0,2,3,3,2,5,2,4,1,4,4,0,1,1,1,0,1,5,4,2,0,2,4,1,1,1,2,1,1,1,2,2,2,0,0,3,4,0,3,3,3,2,1,1,1,3,2,1,6,0,1,2,4,2,10,1,3,3,2,7,1,3
donor_09_cell_000,0,1,0,0,2,1,4,6,1,5,2,9,2,1,2,2,2,1,2,2,2,1,3,2,5,1,0,1,0,2,0,3,0,2,1,1,1,1,0,0,5,0,0,1,5,3,1,1,3,0,1,0,3,1,2,2,2,2,0,0,2,0,0,2,0,3,1,2,1,1,0,2,1,0,0,0,0,0,1,3,3,2,4,2,1,1,1,3,0,1,1,2,0,2,1,1,0,0,1,2,2,1,3,4,1,5,1,0,0,0,1,2,0,3,0,2,3,3,3,1,3,3,0,0,0,3,1,1,0,3,0,2,2,0,1,0,3,1,5,1,3,3,2,1,5,0,1,1,3,3,0,2,1,1,0,2,1,3,2,2,2,3,1,0,0,3,0,1,1,3,0,1,2,2,2,0,2,3,5,0,1,3,0,2,1,0,0,2,0,0,1,0,1,3,2,1,2,2,0,1,0,1,0,1,3,2,0,1,2,2,2,4,1,1,0,1,2,2,2,2,2,1,2,1,0,5,1,0,4,1,0,0,2,1,3,1,2,5,0,0,6,3,2,0,4,2,2,2,1,0,1,2,2,0,0,1,0,2,2,1,3,2,1,1,3,3,1,3,0,2,0,1,1,1,2,1,2,0,1,2,1,0,1,2,1,2,0,0,2,3,3,0,3,1,1,2,4,4,3,0
donor_09_cell_001,0,1,1,2,0,2,2,6,0,6,2,6,0,4,1,2,2,2,1,1,1,1,0,3,1,1,0,0,0,3,2,2,1,1,2,1,1,0,0,1,0,0,1,2,4,4,1,1,2,1,0,0,4,0,2,4,0,0,0,1,6,2,2,2,6,3,1,3,0,1,0,0,2,0,0,0,1,1,1,3,2,4,3,1,1,0,1,1,2,1,0,1,1,3,2,1,1,1,0,1,2,1,2,3,1,3,0,1,1,4,0,3,1,3,1,1,1,2,0,2,2,2,1,3,1,2,2,0,1,1,4,2,5,1,3,2,2,1,0,1,1,1,3,0,0,1,0,1,2,0,1,2,0,3,1,1,0,6,1,4,2,0,1,1,1,1,2,0,2,0,1,0,0,0,0,0,2,2,1,2,5,0,3,1,4,2,1,1,3,2,2,1,1,1,1,2,1,0,1,2,1,2,1,0,3,1,1,1,2,1,0,1,0,1,2,1,0,1,0,1,2,1,1,2,0,4,0,3,3,1,1,2,4,0,0,0,1,2,2,3,0,4,1,3,2,2,2,0,0,2,4,5,1,0,1,5,1,2,4,0,0,5,0,0,3,1,1,3,0,0,0,1,0,1,1,1,3,1,5,1,1,1,1,1,3,1,1,2,0,2,4,0,3,0,1,2,2,0,2,2
donor_09_cell_002,0,0,3,3,2,2,12,7,2,3,6,10,2,3,1,3,4,0,1,0,1,0,1,1,2,2,2,1,0,2,0,3,3,1,1,1,0,3,1,2,2,1,2,3,0,3,0,0,4,0,2,2,1,4,1,3,1,1,2,2,4,0,3,3,1,1,4,2,0,1,3,1,0,2,1,1,0,1,0,2,5,0,1,1,2,2,2,1,5,3,2,3,1,4,0,1,1,2,1,4,2,0,3,2,1,3,1,0,5,2,1,2,0,1,1,3,1,4,3,0,2,2,1,2,0,1,1,1,1,1,1,2,3,2,2,1,1,0,2,2,1,3,0,1,5,0,0,4,0,1,0,0,1,0,2,3,0,3,4,1,2,2,1,1,1,1,3,0,0,2,0,0,0,1,0,2,2,2,2,3,4,3,3,2,4,1,1,0,2,2,3,2,0,0,2,2,4,2,1,2,3,2,4,1,3,0,1,2,1,4,0,4,1,5,3,1,0,5,1,1,0,1,1,4,3,1,0,1,2,0,2,0,0,1,2,2,2,5,1,1,1,2,1,1,2,1,1,4,0,0,1,1,0,0,5,0,3,1,0,1,2,3,0,0,2,3,1,0,1,2,0,1,3,4,2,1,1,3,4,2,1,0,1,0,0,3,2,1,3,0,2,1,2,4,1,2,0,2,1,0
donor_09_cell_003,0,0,3,3,1,4,11,9,5,9,7,9,4,3,0,1,3,1,4,1,4,1,1,2,0,3,1,2,3,4,0,3,1,2,2,2,3,1,3,4,4,0,5,0,2,5,1,1,3,0,0,0,3,3,2,6,3,2,0,2,1,1,2,4,2,1,1,1,0,1,0,0,2,1,3,1,0,1,2,2,2,1,5,3,2,1,0,1,0,3,1,4,4,2,1,0,2,0,2,5,2,5,0,2,2,3,3,0,1,4,1,0,1,0,0,8,5,1,3,4,0,2,1,2,1,3,2,1,0,2,1,4,2,2,0,0,0,1,3,1,1,0,6,4,5,2,0,1,4,0,2,3,1,3,0,2,2,2,4,2,3,3,0,1,2,1,3,3,0,3,2,2,3,2,1,1,0,2,5,3,2,0,0,1,2,0,0,1,4,1,3,0,2,5,0,1,1,1,2,1,3,5,2,0,2,2,0,4,0,2,2,0,0,0,2,2,1,2,3,1,1,2,2,1,2,3,1,0,2,1,2,1,2,2,3,2,3,1,1,0,1,5,5,0,1,3,3,3,3,2,2,2,3,1,0,6,1,1,1,3,0,3,3,3,3,1,2,0,0,1,2,0,1,1,1,0,0,3,3,4,1,1,0,0,4,1,0,1,0,1,1,0,4,2,2,2,3,7,2,4
donor_09_cell_004,0,1,0,3,0,2,6,10,3,4,1,5,1,0,1,0,2,1,3,2,3,4,4,1,1,1,2,0,0,4,2,2,5,2,2,2,2,0,1,3,2,0,4,1,1,6,2,0,2,1,3,1,2,3,2,1,3,1,1,1,0,1,3,1,1,0,2,3,2,1,0,1,3,0,0,1,1,4,1,6,2,2,3,2,3,1,1,3,2,0,1,1,5,2,1,5,0,3,1,5,2,2,1,3,4,0,3,0,1,2,0,1,1,1,4,4,6,1,3,1,2,1,0,0,0,0,3,0,0,0,0,1,1,1,1,1,2,1,2,0,0,3,5,1,1,2,1,1,1,0,2,3,1,0,0,3,1,1,2,0,2,2,1,0,2,1,2,4,2,2,2,1,2,3,2,1,3,2,2,1,3,2,1,3,2,3,3,0,2,1,2,2,0,5,0,1,3,3,2,1,0,2,1,1,2,3,1,6,1,2,3,6,3,2,1,1,2,3,4,0,3,0,0,3,2,1,0,2,4,0,2,3,3,1,3,3,2,1,1,1,1,1,0,0,2,1,1,1,1,4,0,3,3,1,1,4,2,1,0,1,2,4,3,2,5,3,0,0,0,0,1,1,0,2,3,2,2,0,1,1,0,1,0,1,1,2,1,3,1,0,1,0,1,0,6,2,5,3,4,3
donor_09_cell_005,0,0,2,0,0,2,7,4,0,5,5,6,2,6,1,1,1,0,2,0,2,1,1,2,2,0,3,2,0,3,4,0,1,0,0,2,2,3,3,3,1,3,3,0,3,2,1,0,0,0,0,1,1,3,1,0,2,1,1,2,3,2,5,4,1,1,0,0,0,3,1,1,3,2,2,0,0,1,2,1,0,1,2,2,0,1,0,3,2,3,2,2,7,1,1,1,1,0,0,1,2,0,2,3,2,4,3,0,1,2,2,0,1,0,1,1,1,2,2,1,2,3,1,0,0,4,2,2,1,2,0,1,1,2,1,0,3,1,1,0,2,0,0,2,0,1,3,4,1,1,2,1,1,1,1,3,2,2,2,1,1,1,0,0,1,2,1,1,2,1,0,2,0,1,0,0,5,1,7,0,1,2,3,1,2,4,0,1,2,2,1,3,0,1,2,1,1,1,1,1,2,3,5,0,3,0,1,3,1,3,1,0,1,3,1,3,1,1,2,2,2,2,6,3,2,1,1,0,2,0,2,2,7,2,0,1,2,2,1,0,2,4,0,3,5,5,2,2,1,0,3,5,1,2,0,0,2,2,2,5,1,4,3,1,1,0,0,0,0,2,1,2,2,3,1,3,0,2,0,1,0,0,0,1,2,1,1,3,2,1,4,0,1,1,2,0,3,3,2,1
donor_09_cell_006,1,0,2,2,1,2,7,3,1,13,1,3,3,5,2,1,0,2,2,1,1,0,2,4,3,3,1,1,3,1,2,1,2,2,2,1,1,0,2,2,2,2,3,2,5,2,1,2,2,1,0,0,2,2,1,2,0,0,0,1,0,0,0,1,0,0,2,2,1,1,1,0,4,2,1,1,1,1,1,0,2,2,1,0,0,3,3,1,1,0,1,3,1,0,1,1,0,2,0,1,2,1,1,3,2,3,3,1,4,2,0,2,1,1,1,2,2,0,1,1,2,0,0,4,1,0,1,0,1,2,0,0,2,0,1,1,1,0,4,1,2,0,1,1,3,0,0,3,1,1,3,2,1,4,1,1,2,3,0,1,1,2,1,0,2,0,2,1,3,0,1,2,1,1,1,2,2,3,2,4,1,3,3,0,2,2,1,1,1,1,3,2,1,2,0,0,2,2,1,1,0,2,1,0,0,1,2,4,1,0,3,2,1,2,2,0,0,1,4,1,1,2,1,2,0,0,0,1,1,0,0,2,2,4,2,2,1,1,0,0,1,2,0,1,0,2,1,1,1,1,1,6,1,2,0,1,3,1,0,1,1,1,1,2,2,0,1,2,1,1,0,0,1,1,3,3,0,2,2,2,1,0,1,1,2,1,0,2,0,0,0,0,0,0,2,2,1,2,1,2
donor_09_cell_007,0,1,0,5,0,5,5,16,2,5,6,8,0,5,2,4,2,1,2,1,4,2,4,1,1,0,2,2,0,3,1,1,0,0,1,1,2,2,3,1,3,1,0,2,1,2,1,1,1,0,1,3,1,3,2,2,2,3,2,1,0,1,3,2,2,5,0,2,1,4,0,2,4,2,0,3,2,0,2,2,1,6,3,2,0,1,4,3,0,4,1,1,2,4,0,1,0,1,0,1,4,1,2,6,2,4,1,0,1,1,1,0,1,1,3,3,4,2,2,1,1,1,1,3,1,3,4,3,1,1,1,3,2,0,1,0,5,1,3,3,3,3,2,1,3,1,0,1,2,1,1,2,2,1,0,3,1,1,0,2,4,3,2,1,1,2,3,1,1,5,4,1,1,0,2,0,0,5,1,7,4,6,0,3,2,7,1,2,7,0,3,4,1,3,2,2,0,2,1,1,2,2,6,1,0,2,3,1,1,1,4,2,0,1,3,4,1,2,3,0,1,5,3,1,2,2,0,1,3,0,2,0,2,2,4,0,1,0,1,1,3,3,4,1,2,5,4,2,1,1,0,2,0,2,2,2,4,1,0,3,1,2,0,0,1,2,1,2,0,2,0,1,0,6,1,1,2,6,1,7,0,1,0,4,1,1,1,1,3,3,2,1,3,1,4,5,3,1,5,4
donor_09_cell_008,0,0,3,1,2,5,2,3,3,7,3,3,2,1,1,2,1,0,2,3,2,0,1,5,3,1,0,0,4,2,5,3,0,1,2,1,0,2,0,1,3,1,2,0,2,3,1,2,4,2,4,2,0,1,0,0,1,1,2,1,2,2,5,0,4,2,3,0,0,1,0,2,1,2,1,1,0,1,1,6,4,2,0,1,0,1,1,0,1,3,2,2,3,2,0,3,2,2,0,3,5,3,0,4,3,2,0,1,1,2,1,1,1,2,1,3,6,0,4,2,4,2,1,0,1,0,5,0,1,3,3,2,1,0,6,0,4,1,1,0,1,1,2,5,2,0,0,0,0,3,3,1,0,2,2,2,1,3,1,0,1,1,0,2,3,3,2,2,0,4,1,2,0,2,1,0,2,0,4,3,1,0,1,3,3,2,3,1,0,1,6,1,0,0,0,1,2,4,1,3,2,5,1,0,2,0,0,1,3,3,0,3,0,3,5,0,1,1,2,2,0,2,2,0,3,2,1,6,3,1,1,0,3,1,0,2,1,1,0,4,1,2,1,2,2,4,1,1,1,2,4,2,0,0,1,3,1,0,1,0,0,0,2,0,4,0,1,2,0,0,1,1,1,2,4,0,3,3,2,3,0,0,1,2,1,2,0,0,2,0,1,1,3,0,2,1,4,5,2,3
donor_09_cell_009,0,0,4,1,0,1,6,8,0,5,4,12,1,3,1,0,2,1,4,1,1,0,4,1,3,0,0,0,0,3,3,2,1,0,4,2,0,3,1,3,1,1,4,1,2,4,2,1,0,1,3,1,0,1,2,1,4,0,0,0,1,1,4,2,2,2,4,1,1,2,1,2,4,1,0,0,1,2,3,0,0,5,3,0,2,1,1,0,0,0,0,2,1,1,0,0,0,2,2,3,2,5,2,4,1,2,0,2,1,1,1,0,1,2,1,1,2,0,0,2,1,2,3,0,0,0,2,0,2,3,1,1,2,1,6,2,4,2,2,0,1,0,1,1,2,2,1,3,5,2,5,2,1,3,1,2,0,7,1,0,2,7,1,0,2,2,2,4,1,2,3,1,3,4,0,1,4,1,2,2,1,4,3,4,2,2,0,2,3,2,2,1,1,2,1,1,1,0,0,0,0,0,3,1,0,2,1,1,3,0,4,4,2,1,0,3,1,2,0,3,4,1,2,4,1,4,1,1,1,3,1,1,1,1,5,3,2,0,0,2,1,7,0,1,5,2,1,0,1,1,2,3,1,0,1,2,4,1,1,5,1,1,4,2,3,2,0,0,3,1,3,1,1,0,1,1,1,2,3,1,0,1,2,1,2,2,1,0,2,2,2,0,2,1,3,3,1,1,2,2
donor_09_cell_010,0,1,1,1,1,1,4,8,3,3,4,13,3,5,1,1,5,0,5,3,2,2,3,1,4,4,2,1,1,0,4,0,2,0,0,0,1,1,1,5,1,3,5,1,2,1,3,0,7,2,3,0,4,5,3,5,1,2,2,0,4,1,1,3,3,1,1,1,1,2,3,2,4,2,0,0,1,1,2,1,3,0,4,2,1,2,1,5,1,5,1,3,1,3,0,2,1,1,1,2,4,2,1,5,3,0,1,4,2,3,2,2,2,3,1,4,2,3,2,8,3,2,0,3,0,0,0,2,0,0,3,5,3,3,2,1,1,1,3,2,1,1,1,4,0,1,3,1,3,0,4,3,2,1,2,5,0,2,2,5,1,1,0,1,2,3,1,6,1,2,2,0,1,3,1,1,1,2,1,3,3,2,2,0,4,1,2,1,1,3,6,5,5,3,2,2,1,2,7,1,7,4,3,1,0,3,2,0,1,0,2,3,0,4,1,0,1,0,4,2,2,2,2,2,0,2,1,0,2,3,0,1,4,2,2,4,3,5,2,1,2,2,4,4,1,5,4,0,3,2,2,4,0,1,3,2,4,0,3,4,1,2,3,0,1,1,0,1,2,1,1,0,0,0,4,4,2,3,2,2,1,0,1,0,5,2,1,0,3,1,3,2,4,0,3,4,0,1,5,3
donor_09_cell_011,1,0,2,2,0,0,2,6,1,1,4,9,1,1,0,0,0,0,1,3,1,2,1,3,1,1,1,0,1,1,0,3,0,1,2,0,1,3,0,1,2,4,4,1,2,1,1,1,3,2,1,0,2,4,3,2,2,0,2,0,0,0,2,0,1,2,0,1,0,1,0,3,3,0,2,0,1,3,0,4,2,2,4,0,1,2,4,1,1,4,2,3,1,1,4,1,2,1,0,2,0,2,2,0,1,1,2,1,0,4,2,0,1,1,1,2,1,2,1,4,3,3,1,0,1,0,3,0,1,2,0,1,3,0,1,1,4,0,0,0,3,0,1,0,0,2,0,2,0,0,3,1,3,1,1,2,1,3,2,1,0,2,1,1,0,1,2,1,1,0,2,1,0,0,2,0,1,2,3,1,0,6,1,1,2,2,3,1,0,0,1,4,1,1,0,1,1,1,0,2,2,0,0,0,0,1,1,1,1,1,4,2,1,0,1,2,0,2,3,0,0,1,5,1,0,0,0,0,0,0,1,0,4,1,2,0,0,2,0,0,1,2,2,1,2,1,0,1,0,0,0,1,0,1,2,1,3,0,0,3,2,1,3,0,0,0,2,1,0,0,0,0,0,2,1,2,0,0,3,1,0,0,2,0,0,1,0,0,0,3,2,0,3,0,2,2,2,2,3,3
donor_09_cell_012,0,1,2,1,0,1,7,6,3,4,3,9,1,3,1,2,0,1,2,4,0,1,1,0,6,1,2,0,1,3,2,1,1,1,1,0,0,1,3,0,0,6,4,4,3,3,0,1,1,0,1,2,2,2,0,2,0,3,2,2,3,0,2,1,0,2,1,1,1,2,2,0,4,1,1,2,1,2,2,5,1,3,3,1,4,2,1,3,0,2,3,3,1,0,2,2,0,1,2,2,3,2,1,4,1,3,1,1,2,2,2,1,0,1,2,2,2,2,1,1,0,1,2,1,0,2,2,0,2,4,0,3,2,0,2,1,3,3,2,1,4,2,5,1,2,3,1,0,4,0,5,2,2,2,0,5,1,5,1,1,2,2,0,1,3,0,3,5,0,1,1,3,0,4,2,2,3,3,7,1,1,3,1,2,4,2,1,2,3,1,8,2,1,2,2,2,4,5,2,3,5,1,3,2,0,0,1,2,1,1,3,1,2,3,3,3,1,0,1,0,5,1,2,2,0,4,0,4,1,2,2,0,3,2,3,4,3,2,3,0,3,4,1,0,2,1,3,7,2,1,1,3,2,3,2,4,2,1,4,2,0,4,3,1,5,3,2,1,2,0,1,0,2,1,1,2,2,1,1,6,1,1,1,1,1,4,2,1,1,1,2,0,4,2,1,4,5,4,5,2
donor_09_cell_013,1,0,4,0,0,2,4,8,3,5,5,11,3,1,2,1,4,0,2,1,3,2,3,4,2,2,2,2,0,3,2,4,0,4,4,2,0,6,1,1,1,1,2,1,0,0,2,1,1,1,1,2,1,3,2,6,1,2,0,1,6,0,1,4,2,0,3,0,2,3,0,2,3,1,1,1,2,2,1,4,1,5,3,1,0,3,2,1,3,2,1,2,2,2,4,4,1,1,0,1,0,4,1,3,1,2,1,2,0,3,1,3,0,2,1,0,4,2,4,2,2,1,1,1,1,4,0,1,1,1,1,2,3,3,2,0,4,1,2,2,1,2,3,3,4,2,2,2,2,0,3,2,0,2,1,1,3,2,1,2,2,3,2,4,0,2,1,3,2,0,1,1,0,4,1,1,2,1,5,3,4,1,2,1,2,1,1,1,3,2,1,0,1,2,2,0,0,1,1,0,2,3,2,0,2,2,0,1,1,5,2,2,1,6,3,5,1,0,7,3,2,1,1,1,1,1,1,2,1,1,3,0,1,1,6,2,3,3,0,1,0,3,1,2,2,4,1,1,2,1,1,3,0,1,4,3,2,2,0,2,1,1,1,1,2,1,0,1,0,0,0,0,2,0,2,3,0,3,2,5,1,2,1,0,4,3,1,0,3,3,1,3,1,2,5,2,1,4,2,3
donor_09_cell_014,0,0,3,2,1,2,7,7,3,5,4,8,1,1,1,2,3,2,6,1,1,2,2,3,0,0,2,1,0,3,1,3,4,1,2,1,2,1,2,0,1,1,2,1,6,1,2,0,2,0,1,1,3,0,2,2,1,2,0,0,0,1,3,0,1,5,3,1,3,2,2,3,2,1,0,1,2,5,3,3,0,0,3,2,0,1,2,1,1,4,1,2,1,2,1,1,1,0,0,2,1,2,0,5,0,1,0,0,1,3,3,1,2,2,0,3,3,1,2,1,2,0,5,1,1,0,2,2,1,0,0,0,1,0,1,2,3,3,2,0,4,2,4,0,0,1,0,0,0,2,4,5,0,2,1,4,1,1,3,1,0,1,2,3,2,1,6,4,0,0,2,3,0,3,0,1,1,1,0,1,3,0,2,2,3,2,4,2,2,2,1,2,1,2,0,0,3,1,0,0,2,5,4,0,1,0,1,2,2,1,3,3,0,2,1,2,1,0,2,1,2,0,2,6,1,4,1,2,1,0,1,1,3,2,0,2,4,4,0,0,4,4,1,3,2,1,6,1,0,0,0,2,1,0,2,3,4,1,0,4,0,0,1,1,4,1,0,0,2,0,1,1,0,0,2,1,2,2,2,4,0,3,1,1,1,2,1,2,1,1,4,2,1,1,4,2,4,3,1,3
donor_09_cell_015,0,0,1,1,2,1,9,9,3,3,6,3,3,2,2,1,3,1,4,0,0,0,3,1,0,1,0,1,0,3,3,2,0,1,0,1,1,0,0,2,2,1,4,0,0,2,1,0,0,1,1,2,1,2,1,4,2,1,0,1,0,0,2,1,1,0,2,1,2,1,0,5,0,1,0,3,2,1,2,4,4,2,5,1,2,2,2,1,0,1,1,3,2,5,2,3,0,1,0,2,9,0,1,3,1,1,0,2,0,3,1,0,0,6,4,4,4,5,0,3,4,1,0,0,0,1,3,1,1,3,0,5,1,0,5,1,2,1,2,0,2,3,4,0,0,1,4,2,1,0,2,2,0,1,0,3,1,2,2,2,1,1,2,2,4,0,3,2,2,3,0,3,0,2,3,0,2,3,5,0,1,2,2,1,0,4,1,0,5,1,3,2,1,1,4,2,3,4,2,3,0,1,3,1,0,3,1,2,1,0,1,4,2,3,3,3,0,0,3,1,4,4,2,5,0,3,0,1,2,2,0,3,3,1,3,3,4,0,0,2,4,2,0,0,0,1,2,1,0,1,4,4,2,0,1,3,3,0,2,2,1,3,1,0,4,0,2,1,0,1,1,0,1,3,0,0,3,4,0,2,0,1,1,0,1,1,1,2,0,0,0,3,1,0,4,3,7,3,2,3
donor_09_cell_016,0,0,8,3,2,3,8,2,0,2,2,6,1,0,0,0,3,0,3,2,0,0,2,0,2,1,0,2,3,1,3,3,1,1,4,0,0,0,1,3,0,3,2,0,4,1,1,2,2,0,0,2,2,1,1,2,1,2,0,1,2,1,0,1,0,1,3,0,2,0,0,3,2,2,0,1,2,1,0,2,2,0,1,0,0,1,0,2,1,3,2,1,1,1,3,1,1,2,0,1,5,2,2,3,0,3,0,1,1,0,0,2,1,0,1,7,3,1,1,0,3,3,0,0,0,1,0,1,1,1,2,2,1,2,1,0,4,1,2,1,1,0,2,3,1,2,1,1,1,0,1,1,1,3,2,4,1,2,3,5,0,2,0,1,1,2,3,6,2,4,2,1,3,1,0,2,2,1,3,1,4,2,2,0,0,0,1,2,1,1,1,2,0,3,1,1,1,2,0,1,2,2,1,0,1,2,1,2,1,3,2,1,0,0,2,2,0,2,0,1,0,1,3,0,1,3,0,1,1,1,0,1,2,2,1,1,2,2,2,2,1,2,2,3,2,4,1,2,0,5,1,0,0,0,2,0,2,1,1,1,1,2,3,1,2,2,1,0,2,0,0,2,0,3,0,1,3,3,2,2,2,2,0,4,1,0,0,2,2,1,2,2,1,1,1,1,1,2,2,0
donor_09_cell_017,0,0,0,1,2,2,5,5,6,2,5,9,1,3,0,1,2,1,2,2,1,1,2,6,1,0,1,2,1,0,1,3,2,1,1,1,0,3,1,3,3,0,4,2,0,0,4,3,1,2,3,0,1,1,1,2,1,1,2,0,2,0,0,1,1,0,3,1,1,2,0,1,1,0,0,0,1,1,3,1,1,0,1,0,0,1,0,2,1,0,0,4,2,0,1,2,2,2,0,2,2,2,0,1,1,3,1,0,6,3,1,2,1,2,0,0,3,2,0,2,3,2,0,1,0,0,2,1,0,3,1,1,1,0,1,1,2,1,3,0,2,2,1,0,0,3,1,5,2,0,0,3,1,2,0,2,1,1,2,3,2,1,0,2,1,0,1,2,0,4,0,2,1,2,1,0,2,1,2,2,3,3,0,0,6,1,3,2,0,1,1,1,1,0,3,2,1,2,0,1,3,1,0,0,0,2,0,4,0,1,1,2,0,2,1,3,1,0,0,2,3,3,2,2,0,1,1,1,0,0,0,1,3,1,3,2,1,2,1,1,5,2,1,0,3,0,1,2,1,1,2,0,1,1,0,2,3,3,1,0,0,1,1,0,4,1,0,0,0,0,0,0,0,4,0,3,0,0,2,4,2,0,3,0,1,2,0,2,1,0,0,3,1,0,3,1,2,4,1,2
donor_09_cell_018,0,1,0,0,1,1,2,4,1,9,7,6,2,1,2,1,2,1,3,2,2,1,2,2,3,0,1,2,1,2,1,2,3,1,1,0,0,1,0,4,2,3,4,0,2,3,5,0,3,0,0,3,2,2,1,1,2,5,1,0,3,2,1,2,0,1,4,1,0,1,0,1,2,1,1,4,1,3,2,2,2,2,3,1,0,0,1,0,2,0,1,3,2,3,0,2,0,0,0,0,2,1,0,2,2,4,0,3,1,1,2,1,1,5,2,5,3,0,3,1,4,2,0,2,2,6,3,0,0,3,1,1,0,2,1,1,2,1,3,1,2,0,4,3,1,2,2,2,1,0,1,4,0,2,1,3,2,2,2,3,3,2,0,1,2,1,4,0,1,4,2,2,3,5,2,1,0,1,3,3,2,1,2,1,1,0,0,1,2,1,1,1,0,1,0,0,3,2,2,1,0,1,0,0,0,2,2,3,0,2,3,2,1,3,5,1,1,1,2,0,3,2,4,3,0,0,0,3,0,0,3,2,4,3,3,4,2,2,1,2,5,4,0,1,2,0,3,1,2,2,1,2,3,0,4,1,3,3,1,1,1,2,0,0,2,3,1,0,1,0,0,1,1,3,1,2,2,2,2,1,3,0,2,2,1,2,1,0,1,2,2,0,3,1,3,6,1,4,6,2
donor_09_cell_019,1,0,2,1,1,5,7,5,3,2,0,3,1,4,3,0,1,2,2,2,3,2,0,0,2,0,0,1,1,1,3,1,1,1,2,0,0,4,0,2,0,1,2,0,2,3,0,2,1,0,1,0,1,1,3,4,2,1,0,0,0,1,0,3,6,1,6,2,1,2,2,2,3,0,2,1,1,3,0,2,1,0,2,2,2,0,1,2,0,3,1,2,1,2,0,2,0,1,3,0,1,2,1,1,3,3,1,1,0,3,1,1,2,2,0,0,2,1,1,1,0,1,0,1,0,2,4,1,0,1,1,0,3,2,3,0,3,3,0,1,1,1,3,1,1,0,0,1,1,0,2,3,1,1,2,1,0,3,4,1,3,3,1,2,3,0,2,0,0,1,2,1,0,4,0,0,1,0,1,3,3,1,2,0,1,0,0,0,3,4,0,2,1,0,0,0,4,1,1,0,1,1,2,1,0,0,0,2,2,2,2,2,0,2,1,0,2,1,1,3,0,2,0,5,4,2,0,1,2,0,0,1,5,2,1,3,0,1,0,1,4,2,2,2,2,2,2,0,0,1,3,1,3,0,0,3,0,0,0,2,1,2,3,0,2,3,0,3,3,0,2,1,0,3,1,2,2,1,1,2,0,1,0,3,1,1,1,2,0,0,0,0,3,0,3,1,3,4,2,1
donor_09_cell_020,0,0,3,1,1,3,8,11,1,5,5,9,4,2,2,0,1,1,6,1,0,2,2,1,3,3,0,0,0,1,1,4,2,2,2,0,4,0,1,2,0,1,1,0,2,1,2,3,6,1,2,1,1,1,2,2,4,1,1,1,5,0,3,2,1,1,0,0,0,1,1,0,3,1,0,1,2,2,1,0,2,1,2,1,0,0,4,0,0,0,1,3,4,1,1,2,1,0,1,4,7,0,1,2,4,2,4,1,1,3,1,0,1,5,1,5,1,6,3,3,1,1,0,1,0,1,1,2,3,4,2,5,0,0,3,0,1,0,2,0,3,2,3,7,3,3,1,2,4,3,2,4,1,5,1,2,0,2,3,1,0,0,0,5,3,0,2,2,1,0,1,1,1,3,1,0,0,0,0,1,4,6,1,1,2,1,2,0,3,2,2,2,1,0,1,2,2,3,1,2,2,0,3,1,1,1,3,0,3,3,1,0,3,5,3,1,3,0,3,4,1,3,3,3,1,1,0,1,1,1,2,2,5,2,8,0,2,1,0,3,4,4,2,1,2,4,1,0,2,1,3,2,3,2,2,1,2,1,2,1,2,1,0,1,2,3,0,3,2,0,0,0,1,3,3,2,3,0,4,3,0,1,0,1,4,3,2,1,5,3,3,1,3,0,2,0,4,2,3,1
donor_09_cell_021,0,0,4,3,2,3,8,3,1,4,1,7,4,6,3,2,0,1,2,3,3,2,5,1,2,0,1,1,0,1,1,1,4,2,2,0,1,2,1,2,1,2,3,0,3,1,3,2,5,0,1,1,1,2,3,3,0,4,2,0,0,1,3,4,0,0,1,3,1,0,2,3,5,0,1,3,2,3,1,2,2,0,1,1,0,2,2,1,1,2,2,2,3,0,1,2,3,0,3,2,3,2,0,0,6,3,5,2,0,5,5,1,1,2,2,3,4,3,2,1,1,2,0,7,0,3,1,0,1,1,2,2,1,0,0,1,1,0,2,0,1,1,6,0,0,1,0,0,2,2,2,2,4,0,0,1,1,2,1,2,0,3,3,0,2,1,0,1,0,1,1,0,1,1,0,2,2,1,2,2,2,0,2,6,3,1,1,0,6,0,4,0,1,2,2,1,2,5,1,1,3,3,3,0,0,2,1,2,4,2,0,0,0,2,5,1,0,2,2,3,0,3,3,2,1,2,3,1,1,2,0,2,2,1,1,1,0,1,4,2,2,3,0,1,3,4,1,0,0,3,1,4,0,1,0,2,0,0,1,3,1,1,2,1,1,1,4,3,2,1,0,2,0,4,1,1,2,0,2,1,0,0,1,0,2,0,0,0,0,3,1,1,3,2,2,1,3,2,1,2
donor_09_cell_022,0,0,1,1,2,1,6,3,3,3,5,4,3,1,3,0,3,0,1,4,0,0,2,2,2,0,1,0,0,2,1,0,4,0,1,0,0,1,2,2,1,1,1,2,2,1,3,1,1,0,1,2,8,0,1,1,1,2,0,1,2,0,3,6,1,2,1,1,1,1,0,3,1,0,0,0,1,1,3,1,5,2,1,1,0,0,1,0,1,1,2,2,1,2,0,1,4,0,0,1,2,3,0,1,0,3,0,2,2,0,1,1,1,2,1,3,3,2,0,2,0,0,2,1,0,1,2,3,2,0,1,3,1,0,4,0,3,0,1,0,2,0,3,1,2,1,3,2,0,1,2,3,0,0,2,1,0,4,1,0,2,4,1,1,1,1,5,0,0,0,0,0,2,2,0,0,3,2,2,2,0,1,3,0,3,5,2,0,1,1,0,0,0,1,1,0,1,5,1,1,0,1,2,2,0,2,1,1,0,2,0,2,1,1,1,0,1,2,2,3,0,3,1,3,1,2,1,0,3,0,1,1,3,3,3,2,1,2,2,2,0,2,1,2,4,1,1,0,2,0,0,0,2,1,0,4,1,1,1,1,2,5,2,0,3,1,1,0,1,0,2,2,0,2,5,0,0,2,4,2,1,3,1,0,2,1,0,3,0,1,4,0,5,1,2,1,0,1,0,0
donor_09_cell_023,0,0,0,3,1,2,8,3,1,3,3,6,2,1,1,0,0,0,3,3,0,1,0,1,4,1,2,1,1,2,1,3,2,2,0,0,0,2,5,1,1,2,0,1,4,3,1,0,1,1,1,0,0,0,3,4,2,1,0,2,1,0,2,0,1,1,1,0,1,1,0,2,3,3,0,1,0,2,2,1,2,1,2,0,0,0,0,2,0,0,2,1,1,1,0,0,1,0,1,5,2,3,1,4,3,1,0,1,0,1,0,0,2,0,3,3,1,0,0,1,0,1,6,1,0,0,3,3,0,2,1,0,1,1,3,1,4,1,2,2,3,3,1,0,2,0,1,2,1,2,3,2,0,4,1,1,2,0,2,5,3,1,2,1,3,0,3,3,3,2,1,3,1,4,2,1,0,1,1,2,2,2,1,2,3,3,4,1,4,1,2,0,0,4,0,0,1,3,1,2,1,2,1,0,0,1,1,2,0,1,2,0,0,1,1,3,0,1,5,0,2,3,2,4,1,2,1,1,1,1,1,1,3,0,1,1,1,3,3,1,1,2,2,3,3,3,2,1,2,0,1,4,0,1,1,2,3,3,2,1,2,1,3,1,2,0,0,0,0,1,2,5,1,1,0,0,1,2,1,4,2,2,0,4,0,0,0,1,2,0,1,0,2,0,1,3,2,3,1,1
donor_09_cell_024,0,0,1,2,3,1,3,5,2,4,3,6,1,2,2,2,2,2,0,1,0,1,4,3,3,1,0,1,0,2,0,0,2,2,1,0,0,0,0,2,0,3,1,0,3,2,2,2,3,0,0,2,2,2,1,1,2,1,2,2,2,1,0,2,2,4,1,3,0,0,0,1,1,0,1,1,0,5,5,4,2,2,1,2,1,2,3,1,0,0,2,3,1,2,1,3,0,1,0,1,3,1,3,2,4,2,0,1,2,1,0,0,2,1,2,3,3,2,0,1,2,2,1,1,0,4,3,0,2,0,0,5,0,0,0,0,4,2,0,0,1,0,1,1,0,3,5,3,0,1,0,3,1,2,3,0,0,2,3,2,1,1,0,0,3,0,0,4,1,1,2,1,1,2,1,0,2,6,2,4,1,2,1,0,0,4,0,1,1,1,2,1,0,0,0,1,2,1,1,1,6,5,0,1,1,0,2,2,0,1,0,1,0,2,1,4,3,3,4,0,0,2,3,3,3,3,1,1,0,3,1,0,2,0,1,3,2,2,0,0,4,5,1,1,3,6,2,1,4,0,1,2,1,2,1,2,1,0,0,1,0,1,1,1,3,0,1,2,0,0,1,0,0,3,1,0,2,1,3,1,1,0,2,0,0,1,1,1,2,1,1,4,4,1,2,1,4,3,2,5
donor_09_cell_025,0,1,3,4,2,0,5,5,1,4,2,8,1,2,1,0,0,0,0,2,0,0,1,1,1,2,0,0,0,0,0,1,0,0,0,3,2,2,2,0,0,1,4,1,0,3,1,2,0,2,3,0,3,1,4,2,1,1,0,0,4,0,2,0,1,2,3,2,1,0,1,0,1,1,0,2,1,1,0,1,1,2,0,1,1,0,1,0,0,1,1,2,0,1,1,0,1,1,0,2,2,0,2,2,4,4,1,0,0,1,0,2,0,3,1,2,2,0,1,0,1,1,0,2,1,0,1,1,1,1,1,2,0,1,4,0,5,3,0,1,1,0,2,1,2,1,1,1,1,2,3,2,0,1,1,0,2,5,1,1,1,2,3,1,2,2,2,0,1,0,1,0,0,1,1,0,1,1,4,3,0,4,2,0,1,2,1,1,0,1,3,1,0,2,0,2,2,2,0,2,3,1,2,0,1,3,1,0,0,1,0,4,1,1,2,0,0,1,0,2,1,0,3,3,2,2,1,0,1,1,1,2,4,1,1,0,2,0,0,1,4,0,0,0,3,3,0,0,0,0,0,1,0,1,2,2,3,1,2,1,1,3,0,2,7,1,0,1,0,1,2,0,1,0,2,0,1,0,1,2,0,0,4,0,0,2,1,2,4,0,5,1,1,0,2,2,5,1,2,1
donor_09_cell_026,2,1,4,2,0,4,5,7,2,5,1,8,2,3,0,0,5,1,4,0,2,1,2,6,2,1,3,1,3,3,1,4,1,2,2,1,1,1,0,2,5,2,3,0,0,1,1,1,3,0,1,1,0,2,1,2,3,1,1,2,1,2,2,2,3,3,2,0,2,0,1,4,1,1,1,2,3,5,3,3,1,5,2,0,0,2,2,3,1,0,2,4,1,0,1,3,2,0,2,2,6,2,1,1,0,0,1,1,2,0,0,1,1,2,0,2,2,2,3,0,3,0,1,0,1,1,2,0,1,2,1,6,5,1,2,2,1,2,1,1,0,2,4,3,1,2,1,2,0,3,5,4,2,2,1,2,0,2,3,3,0,3,4,1,3,2,1,0,1,4,1,2,3,3,0,1,0,3,6,6,2,3,0,0,3,3,2,1,2,0,0,2,2,3,0,1,2,3,1,0,1,6,4,1,1,1,2,2,2,1,4,3,1,1,1,1,1,0,2,2,1,0,1,1,1,1,1,0,2,3,3,4,1,2,1,5,1,1,0,4,0,4,1,3,4,1,0,2,1,1,3,4,3,2,2,1,3,1,0,3,0,3,0,1,5,2,1,0,3,1,2,2,0,2,3,1,2,1,1,2,0,0,0,1,1,1,2,2,2,1,1,3,3,3,4,0,1,4,5,5
donor_09_cell_027,0,0,3,2,0,0,4,3,3,4,5,9,2,6,1,3,2,0,3,2,3,0,2,2,1,1,3,0,0,2,2,4,1,3,1,0,1,1,0,1,1,3,5,1,4,3,1,1,5,1,0,2,2,0,1,0,2,3,2,1,3,1,2,3,2,1,2,1,0,2,0,0,3,0,0,2,1,2,0,1,3,4,4,2,2,1,1,3,1,1,2,3,1,1,0,3,1,1,0,6,4,3,0,1,5,1,1,0,3,3,1,1,1,2,1,1,1,4,3,1,5,1,2,0,1,2,1,1,0,2,3,3,2,1,1,0,2,2,1,2,2,3,1,2,1,2,1,0,2,1,1,0,0,3,2,2,0,2,1,0,2,2,0,1,2,1,1,3,2,3,0,5,2,4,2,0,2,2,3,2,1,1,3,2,1,3,0,0,2,0,1,2,0,0,2,1,1,1,2,0,3,4,3,2,2,3,1,0,3,0,2,0,1,4,1,1,1,2,3,1,2,1,1,5,3,5,2,1,3,1,0,3,4,3,3,4,0,1,1,2,2,8,2,0,4,2,2,1,2,0,5,1,1,3,0,1,1,1,0,1,0,1,0,0,2,3,1,1,0,0,1,0,1,1,2,0,0,0,2,5,2,1,3,1,2,1,1,0,2,2,3,0,1,0,3,1,4,2,3,2
donor_09_cell_028,0,1,1,1,1,3,4,6,6,7,6,6,0,2,2,0,2,1,3,1,2,3,6,3,3,0,1,1,1,2,2,6,1,1,1,1,1,0,1,2,2,4,1,1,3,0,0,1,3,1,1,0,4,3,1,1,0,2,0,0,2,2,3,0,3,0,2,1,1,1,0,1,2,3,3,1,0,1,3,0,3,1,2,4,1,0,3,1,0,3,1,3,3,1,1,0,1,1,1,5,1,1,2,1,7,0,4,2,0,1,1,3,1,4,2,3,1,1,0,1,1,1,0,1,0,2,1,1,2,0,2,2,0,1,3,0,1,5,3,0,2,3,4,3,3,1,1,2,3,2,0,4,2,1,2,0,5,2,1,3,0,0,3,1,2,0,0,1,4,6,4,4,3,1,2,0,3,0,2,1,2,3,3,0,2,2,0,0,1,0,0,0,0,1,1,4,0,1,1,1,4,3,0,3,1,2,1,1,1,1,2,3,2,3,2,6,0,0,3,6,4,0,2,1,1,4,1,1,3,0,0,2,6,2,2,2,7,3,0,2,1,1,2,0,1,4,3,1,1,4,1,2,0,1,2,3,4,1,2,1,2,0,0,2,4,1,0,2,2,2,1,0,1,6,2,3,0,2,0,4,0,0,1,0,3,3,0,0,0,2,3,3,3,0,0,4,3,1,2,2
donor_09_cell_029,1,0,3,2,1,4,7,4,4,7,5,6,1,2,6,2,2,2,4,4,2,0,5,3,4,3,1,0,0,3,3,3,0,4,2,0,1,0,1,3,1,8,2,3,2,0,2,0,2,0,1,0,1,3,1,4,0,1,1,0,1,3,4,1,4,6,1,2,1,0,1,0,3,1,1,1,1,2,0,1,6,2,0,1,2,0,4,1,1,0,2,5,1,1,0,2,1,1,1,3,3,1,1,1,5,2,0,1,0,5,3,0,1,2,3,2,2,1,1,5,3,1,1,2,1,1,0,2,0,4,1,5,1,1,1,1,4,2,1,2,0,4,4,1,2,0,1,1,2,2,3,0,3,1,4,3,0,0,1,1,1,1,2,0,1,1,0,2,1,5,1,0,0,2,0,1,1,2,1,0,2,2,1,2,4,5,1,4,2,1,2,3,0,1,0,0,2,3,1,3,1,2,1,0,1,2,1,1,1,1,4,1,4,0,0,1,1,5,0,1,1,2,4,0,1,0,2,1,1,3,2,0,5,0,2,2,2,6,2,1,1,1,1,1,0,0,2,1,3,2,3,1,2,0,1,1,3,1,0,2,1,0,1,3,2,0,0,0,1,1,0,2,1,2,4,2,0,1,3,1,2,0,3,0,2,2,2,2,0,1,2,0,2,1,2,1,3,1,0,1
donor_09_cell_030,0,0,3,2,0,2,9,6,5,4,4,7,2,0,0,0,0,0,3,3,1,0,4,0,3,1,0,3,1,2,4,1,1,1,1,4,2,1,1,1,3,2,1,1,1,2,0,1,0,1,2,1,4,1,4,2,1,4,0,1,1,0,2,3,2,3,2,0,2,3,0,1,5,2,1,3,0,2,1,0,1,1,3,1,1,2,0,0,4,1,1,0,1,2,1,3,1,2,2,3,0,1,4,0,0,0,3,2,2,0,2,2,1,3,2,2,5,1,4,4,2,5,2,1,0,1,0,0,3,2,1,2,0,1,1,3,4,0,0,1,3,0,3,0,0,0,1,2,1,0,4,1,0,1,1,2,2,1,1,0,2,5,0,3,2,2,0,3,1,2,0,5,0,1,0,0,3,2,1,1,4,3,0,4,1,1,1,0,1,3,2,4,1,5,2,1,1,3,1,1,1,1,2,0,0,3,1,0,2,1,3,0,1,0,4,4,2,1,2,0,2,2,4,1,1,1,3,4,2,1,2,2,3,3,5,1,2,4,1,1,0,3,1,0,0,1,1,0,1,1,1,1,3,0,4,4,5,1,2,1,1,4,0,3,2,3,2,1,0,1,0,1,0,2,3,0,1,3,0,4,0,3,1,0,2,3,1,0,3,2,1,1,1,1,2,1,1,3,2,3
donor_09_cell_031,0,0,2,0,2,1,8,4,2,4,1,10,1,2,2,0,4,2,2,1,1,3,1,1,2,1,1,2,0,1,2,4,0,0,1,0,0,2,1,0,4,3,4,1,2,0,1,5,1,0,1,0,3,6,1,0,1,1,1,1,3,2,1,3,5,1,1,1,0,3,2,1,4,4,0,1,0,1,0,1,0,0,1,0,0,0,3,0,2,4,1,3,3,0,1,2,3,2,2,3,2,1,2,3,1,3,1,1,1,1,1,0,2,1,3,2,2,1,0,3,2,0,2,3,0,0,1,0,2,2,1,1,1,1,2,0,1,0,2,1,1,2,0,3,2,2,1,2,1,1,0,4,0,1,1,1,1,3,0,3,1,3,1,0,2,3,0,1,3,1,3,3,2,4,1,1,1,3,0,0,3,1,4,1,4,2,1,1,3,0,2,2,1,1,2,3,1,3,3,2,1,6,3,2,0,2,0,0,0,1,1,2,0,4,4,0,0,0,2,2,0,1,3,3,1,0,1,4,2,1,2,0,3,0,2,3,1,0,3,2,2,2,1,1,0,4,2,3,0,1,2,1,1,1,2,3,2,0,0,0,0,4,0,2,3,1,0,1,2,1,1,1,0,1,1,3,2,1,1,2,1,1,2,3,3,2,0,1,3,0,0,2,5,1,1,1,5,2,2,5
donor_09_cell_032,2,1,1,0,2,7,5,5,5,2,4,10,3,2,2,2,1,0,3,4,2,2,3,4,6,2,4,1,2,4,3,5,6,1,2,2,2,1,1,3,1,4,2,0,3,6,1,0,4,2,1,0,5,0,1,4,3,6,0,2,4,1,2,3,3,4,5,1,0,1,1,2,1,2,0,0,0,5,1,5,0,1,2,1,0,1,2,2,0,1,3,3,6,1,1,3,1,3,1,4,3,4,2,1,2,4,1,0,1,2,2,0,1,1,1,2,1,1,2,2,3,2,0,0,1,2,1,3,1,3,0,2,2,1,4,0,4,3,1,0,2,1,1,3,1,1,2,3,2,0,4,3,3,2,2,0,2,3,0,3,1,4,4,0,2,1,4,2,4,3,1,1,1,3,0,3,1,2,4,4,3,2,2,3,5,2,1,1,2,5,0,2,0,3,0,2,2,2,2,2,0,3,1,0,1,5,1,0,2,0,4,5,2,2,0,4,0,0,3,2,3,3,1,1,1,1,0,1,3,2,1,2,3,2,4,2,0,3,0,0,2,0,0,2,2,3,0,4,3,1,2,5,2,1,1,0,7,1,1,3,1,4,1,2,5,3,0,1,3,0,1,0,0,2,0,0,1,1,2,3,1,0,0,2,1,2,2,3,1,0,1,2,3,0,3,6,4,1,2,2
donor_09_cell_033,2,0,5,1,1,2,7,9,0,11,4,12,2,1,1,1,4,1,3,2,3,3,4,1,1,2,2,3,1,1,4,3,2,2,0,0,0,0,1,1,1,2,1,3,1,2,0,0,3,1,0,1,5,1,1,2,6,4,2,2,1,3,2,2,1,2,1,1,0,1,1,0,1,1,0,0,0,4,3,2,2,1,7,0,1,0,1,3,2,7,0,0,1,1,2,1,0,1,1,4,2,2,1,3,2,1,1,1,0,1,2,2,2,2,0,4,0,2,2,2,4,3,4,0,2,0,2,2,1,2,1,2,0,3,0,3,1,0,1,1,2,2,2,2,5,2,3,2,2,1,3,3,0,2,0,3,1,3,1,2,1,4,3,0,2,1,0,3,1,3,1,2,1,1,3,1,2,6,0,2,2,4,3,2,2,2,1,0,1,0,1,1,0,2,1,2,1,3,1,0,4,1,1,1,1,1,1,0,2,2,1,1,1,4,4,2,1,0,3,2,1,3,1,3,1,1,0,0,2,0,0,2,4,1,3,0,1,3,0,1,1,6,2,2,2,5,1,0,0,1,1,0,3,0,1,3,2,0,0,2,1,2,0,1,1,1,1,1,1,2,1,0,4,5,2,2,1,0,1,3,0,0,0,2,2,3,1,1,0,0,0,2,2,1,1,4,6,7,0,4
donor_09_cell_034,0,0,0,0,2,1,4,1,3,2,8,10,3,2,5,0,2,0,2,3,3,0,3,2,0,2,3,1,0,1,2,0,0,1,0,0,2,1,1,2,0,0,1,1,2,2,1,1,0,1,0,0,2,5,1,3,1,3,0,3,3,1,0,2,1,0,0,0,0,2,0,0,2,0,1,2,1,1,4,2,0,0,3,0,2,0,1,1,0,3,1,6,0,1,1,2,1,1,0,1,4,1,0,3,3,1,1,3,1,4,3,1,1,3,2,5,1,2,5,1,3,0,0,1,1,1,0,0,2,1,2,2,0,2,0,2,0,3,4,2,1,1,3,5,3,1,2,1,2,1,0,0,1,2,1,4,2,3,1,3,1,0,1,0,3,2,4,4,2,3,1,1,3,1,1,0,1,3,0,2,0,0,1,1,0,2,0,1,1,3,1,1,0,3,2,1,0,4,0,0,1,2,1,0,0,1,2,3,1,0,2,3,0,1,1,0,1,4,0,0,3,2,0,2,0,2,2,2,1,1,2,3,3,1,3,3,0,5,0,1,4,3,1,0,2,2,0,0,2,3,0,2,1,0,0,1,1,1,1,0,0,1,2,2,1,2,0,2,1,0,2,2,0,4,2,2,3,0,1,2,1,1,0,0,2,3,0,1,1,0,2,0,2,0,5,3,3,2,4,2
donor_10_cell_000,0,0,2,4,2,1,1,2,0,0,1,3,2,3,3,1,0,0,3,1,1,4,1,0,1,2,1,0,0,1,3,2,0,4,1,1,0,2,1,0,2,2,1,2,2,3,2,2,1,2,2,0,3,0,2,3,1,0,2,0,1,3,2,0,1,1,2,1,1,1,1,0,3,3,0,2,0,4,4,3,3,1,4,0,1,2,2,3,0,1,1,5,1,0,2,0,3,0,1,2,2,0,1,3,3,1,3,0,0,2,4,2,0,1,1,2,1,2,2,2,1,0,2,3,3,1,2,2,2,2,0,2,2,1,4,0,1,2,1,0,2,0,8,0,1,1,0,3,3,2,2,0,0,4,1,2,0,1,2,3,0,3,1,0,4,0,1,2,0,2,1,0,4,2,1,1,1,5,3,2,1,2,1,0,2,1,2,1,1,0,2,0,0,4,0,0,0,0,0,1,4,1,3,1,1,3,2,2,1,2,3,0,2,3,3,1,0,1,1,3,0,2,1,4,0,1,3,0,1,1,0,2,3,3,1,3,0,3,1,1,1,0,0,2,1,1,3,2,1,1,1,0,4,1,1,2,0,1,2,4,1,1,0,0,1,2,0,0,0,0,1,0,1,1,0,1,2,1,1,1,0,1,0,1,4,2,0,1,3,1,2,0,2,2,2,0,1,0,2,1
donor_10_cell_001,0,1,0,1,0,1,5,0,2,2,1,4,1,4,2,0,2,1,0,6,2,2,2,2,2,1,1,2,1,3,0,1,2,2,1,2,1,0,0,2,2,1,2,1,2,0,2,1,2,3,1,0,3,3,0,3,1,1,0,0,1,2,1,3,1,1,2,2,2,2,0,1,1,1,1,1,2,3,1,2,1,1,1,1,0,1,5,1,1,0,0,1,0,0,3,0,3,0,0,3,2,2,2,0,2,2,2,0,0,1,2,0,0,3,1,1,2,3,0,1,1,1,0,4,0,2,2,1,0,1,0,5,0,3,0,1,1,2,3,3,2,2,5,0,1,3,1,1,2,1,0,4,2,1,0,0,2,1,1,1,1,3,5,3,4,2,0,4,1,6,3,5,0,2,0,0,0,5,3,2,2,2,5,0,0,5,0,3,2,1,3,1,1,5,2,3,2,2,0,0,3,3,0,0,1,2,1,3,0,2,1,0,1,1,1,0,0,2,2,1,0,1,2,2,1,3,2,0,1,0,0,3,1,3,2,1,2,3,1,1,2,4,3,1,0,4,2,1,0,2,4,2,2,4,0,1,4,0,0,2,2,2,1,0,2,1,2,2,2,1,1,1,0,1,1,1,1,1,1,1,2,0,3,0,1,3,0,1,1,1,2,3,4,3,1,2,5,4,2,1
donor_10_cell_002,0,1,4,1,0,2,0,0,0,0,0,2,3,0,1,3,2,0,3,2,4,1,7,1,2,2,0,2,0,4,6,1,0,1,1,0,0,1,0,8,1,2,3,3,4,3,0,2,2,2,1,0,2,6,3,1,1,4,2,1,2,1,0,5,2,0,1,1,0,3,2,1,3,5,0,2,0,3,0,3,4,5,5,0,1,1,1,1,1,0,1,0,3,2,0,4,0,1,5,0,0,8,0,2,5,2,2,1,0,1,0,1,0,0,0,6,2,0,4,5,4,1,0,3,0,2,3,1,2,3,1,2,2,3,1,0,3,1,0,1,2,2,4,1,0,1,2,3,1,0,3,2,0,2,1,3,2,4,5,1,1,1,0,0,0,4,4,1,2,2,3,2,2,2,0,1,1,3,4,1,2,1,0,4,4,1,4,1,2,2,3,0,4,1,0,2,1,8,1,0,2,3,2,1,0,2,1,1,2,1,1,2,0,5,6,0,0,1,0,2,2,6,3,3,2,4,1,2,1,0,3,2,2,0,1,4,1,2,0,3,2,3,3,2,1,3,4,1,1,2,3,1,4,2,1,3,0,3,1,2,4,6,1,2,4,3,2,1,0,0,2,0,0,6,2,2,3,1,3,3,1,0,4,4,3,0,2,0,2,0,4,2,2,2,1,1,6,2,2,3
donor_10_cell_003,0,0,3,1,2,1,2,2,1,1,0,2,3,2,0,0,1,0,2,1,0,1,4,1,4,0,1,0,0,4,5,2,1,0,1,0,2,1,2,3,2,2,4,2,2,3,1,0,2,1,1,0,1,1,2,2,0,3,1,2,3,0,1,0,2,0,2,0,0,1,1,1,3,1,2,0,0,5,2,3,2,1,3,3,1,0,5,0,0,1,0,2,0,0,1,3,0,1,0,1,1,2,2,4,1,1,0,1,1,0,2,0,1,4,2,6,4,2,0,1,0,3,0,1,0,1,2,2,1,3,0,2,5,1,3,0,1,1,2,1,2,2,2,2,2,1,1,1,0,0,2,2,1,1,0,2,1,2,0,1,0,2,2,0,4,2,2,3,0,2,3,1,1,1,0,2,2,3,2,1,2,1,0,1,2,0,1,0,3,0,3,2,3,5,1,0,4,2,1,1,6,2,1,1,2,2,1,0,0,2,3,0,0,0,2,4,2,3,2,3,0,0,0,3,2,2,3,3,1,2,2,2,3,5,5,2,3,0,2,0,2,0,0,1,1,1,1,3,0,1,2,1,1,2,2,1,2,0,1,0,1,2,1,0,1,0,1,2,1,2,1,1,0,2,4,2,0,1,1,2,2,2,1,1,4,1,1,2,3,0,1,0,1,0,0,4,1,3,2,5
donor_10_cell_004,0,0,2,2,0,2,2,1,1,3,3,2,1,4,0,3,2,1,2,6,5,0,2,2,0,2,0,0,0,1,2,2,0,0,2,3,0,0,2,0,2,0,1,3,4,1,1,1,1,1,2,2,1,2,3,0,1,0,1,0,2,0,3,1,1,1,1,1,1,2,3,2,1,2,0,1,1,1,3,1,3,1,3,2,1,1,0,1,0,1,0,2,0,0,2,2,4,0,0,1,1,3,2,1,1,2,2,1,1,1,0,2,1,2,1,2,2,0,1,0,1,1,1,2,3,1,0,1,0,4,1,3,2,3,2,0,4,6,0,0,1,2,3,2,0,2,1,2,4,0,2,2,2,2,0,4,1,1,2,4,0,1,2,0,0,2,2,1,0,5,2,0,2,2,1,1,1,0,2,1,3,2,2,4,2,0,1,1,3,1,1,2,1,2,1,4,1,2,2,2,3,3,2,0,2,0,1,4,2,1,2,4,0,2,3,1,1,0,0,1,2,2,3,5,1,0,0,2,3,1,3,1,1,1,1,4,2,0,0,1,1,2,2,2,1,5,2,0,1,2,3,0,2,2,1,2,2,1,0,2,1,3,1,2,4,1,1,0,0,1,1,3,0,0,2,1,0,1,3,4,1,1,3,1,4,1,2,3,0,2,1,0,3,0,0,2,2,2,2,0
donor_10_cell_005,0,0,4,4,2,2,2,1,1,2,1,2,1,1,2,0,1,1,4,3,2,2,4,4,2,3,0,0,0,3,2,3,1,2,0,3,0,3,2,3,0,2,3,1,2,2,2,2,2,3,0,0,4,1,2,3,2,1,2,0,3,1,1,1,0,3,1,1,3,1,0,0,3,1,1,1,2,2,3,0,1,2,3,1,1,1,3,1,0,2,0,0,0,2,4,1,1,1,0,2,2,4,0,2,1,2,2,0,0,0,1,1,1,3,0,2,2,1,1,2,1,0,2,1,0,1,1,1,1,2,0,1,2,0,1,0,2,1,2,1,0,1,1,2,0,1,0,0,0,2,0,0,1,0,0,3,0,1,2,2,0,2,1,1,2,0,5,3,1,1,0,3,1,2,0,0,2,8,5,3,4,2,3,4,0,0,2,1,0,4,3,1,2,1,3,2,1,1,1,0,0,1,4,1,0,3,1,0,0,6,1,2,0,2,2,2,1,2,0,1,4,1,1,4,2,2,3,0,3,1,2,0,1,3,2,0,0,1,0,0,3,2,0,2,0,4,1,1,0,1,5,2,1,1,0,2,2,1,0,0,1,2,1,1,3,2,1,1,1,1,0,1,1,1,3,1,0,3,1,3,3,2,0,1,2,1,0,2,4,1,1,0,2,1,1,3,3,0,3,2
donor_10_cell_006,0,0,2,1,1,3,1,3,1,0,1,3,6,2,1,0,2,1,2,2,2,1,1,3,3,2,1,1,1,4,1,1,0,0,1,2,0,2,2,1,1,3,1,1,2,0,1,3,1,2,3,1,4,3,3,3,4,1,1,1,2,2,2,2,3,1,5,1,0,2,2,3,3,1,1,1,1,0,1,0,3,1,4,2,1,1,2,3,2,1,0,2,1,3,3,4,1,0,2,4,0,1,1,4,3,1,0,0,1,0,1,1,3,1,0,2,1,1,1,2,2,5,1,0,2,1,1,0,0,3,1,1,4,3,1,1,0,2,3,0,3,2,1,2,0,3,1,1,0,1,2,1,2,4,0,2,1,0,0,3,0,4,2,0,2,3,6,1,3,0,1,2,2,2,4,0,3,3,1,3,1,5,0,2,3,4,3,0,1,1,1,2,2,2,0,1,5,3,1,0,6,2,3,1,0,2,2,3,1,5,1,3,2,2,0,2,2,1,4,4,0,4,3,4,4,4,1,2,0,1,2,0,4,2,4,1,2,2,0,2,2,1,0,1,1,5,0,5,0,1,0,0,0,2,2,5,2,1,0,2,0,4,3,0,2,3,2,0,1,0,3,1,2,4,0,1,1,0,7,2,1,0,0,2,3,0,0,1,3,0,2,1,2,0,0,3,3,5,2,0
donor_10_cell_007,2,1,2,4,0,2,2,2,2,0,1,1,0,4,1,1,1,2,1,1,0,2,1,2,2,0,1,1,2,1,1,1,0,1,2,1,0,2,0,3,3,2,1,1,1,3,0,1,0,0,1,1,1,2,2,3,1,3,2,1,3,1,0,3,2,3,2,3,0,2,0,1,2,1,1,0,1,1,3,3,2,0,1,0,0,0,6,1,2,0,1,3,0,0,0,0,0,1,1,4,2,2,1,2,1,1,2,1,0,2,0,0,0,0,3,1,2,0,2,3,1,2,3,2,0,2,0,1,1,2,2,2,1,2,1,1,2,3,1,0,4,1,0,1,1,0,1,3,1,0,4,5,1,2,1,1,1,4,0,2,1,0,3,1,2,1,4,1,1,2,1,0,0,2,3,0,1,5,0,3,0,1,2,0,2,2,4,0,5,2,1,1,0,3,0,0,0,4,0,1,1,1,1,1,0,1,2,0,1,0,0,2,2,2,1,1,0,0,4,3,0,0,0,4,1,4,1,1,2,0,1,0,1,0,0,0,1,0,1,0,1,2,0,1,3,2,3,0,1,0,5,1,1,0,0,2,1,0,1,4,1,4,1,0,1,1,0,1,3,1,0,0,0,0,1,0,2,1,1,2,1,1,0,1,2,3,0,1,1,0,0,0,4,0,0,1,3,3,0,3
donor_10_cell_008,1,1,6,2,2,3,1,2,2,2,1,4,2,1,2,2,1,2,1,2,0,2,3,3,1,0,2,3,0,1,2,3,1,0,2,1,2,1,1,0,2,1,2,1,4,0,0,4,4,2,1,0,1,2,0,3,1,5,3,1,1,1,5,2,1,0,6,0,2,0,3,0,4,3,3,1,1,1,1,3,1,1,3,1,2,1,0,1,0,0,0,0,0,2,1,1,4,1,1,2,1,5,0,1,0,1,0,0,1,2,0,2,0,2,4,4,2,2,0,2,2,3,1,2,2,1,1,1,0,1,1,3,3,1,2,0,0,1,2,0,0,1,3,2,3,2,2,3,1,1,1,1,1,0,3,1,0,2,2,0,2,4,2,0,1,5,3,4,1,2,0,0,1,2,1,0,5,3,2,3,0,2,1,0,3,4,1,1,1,1,1,2,2,1,2,1,4,3,1,1,1,3,1,0,0,1,2,4,2,1,4,0,1,2,2,2,1,0,2,2,1,3,6,3,0,5,1,3,0,0,0,4,1,0,2,7,0,2,0,0,0,4,2,2,1,0,4,2,2,2,1,2,1,3,0,2,4,0,2,0,0,2,2,1,0,1,3,2,0,1,3,0,1,1,0,3,4,4,3,1,0,0,1,3,2,1,0,2,2,3,1,1,3,1,3,0,4,4,4,2
donor_10_cell_009,0,0,1,1,2,4,0,3,0,0,2,3,1,1,1,1,1,1,2,1,2,2,3,0,1,1,1,0,1,3,1,3,2,1,2,1,0,2,3,0,1,1,0,0,1,3,0,2,0,1,0,0,2,2,1,1,5,2,2,0,0,2,0,2,2,3,2,1,0,3,1,0,4,1,1,0,3,0,1,0,4,2,2,0,0,1,3,4,1,2,0,0,0,1,1,1,0,0,0,1,5,4,0,1,1,1,2,2,2,1,3,0,1,3,1,5,0,1,1,3,0,1,0,4,1,0,1,2,2,0,2,0,1,1,1,1,2,0,1,2,2,4,5,1,0,2,0,1,4,1,2,1,1,0,0,1,1,0,1,2,1,2,0,1,2,1,1,0,1,6,0,1,1,0,1,2,2,3,1,3,4,3,2,1,1,0,2,1,2,3,1,0,2,3,2,1,3,2,0,1,2,5,1,1,1,0,0,4,1,0,0,0,3,2,3,5,0,3,1,3,1,1,1,5,2,2,0,2,1,2,1,0,4,1,2,4,2,3,0,0,3,1,1,3,2,3,2,0,1,2,3,1,2,2,0,2,0,2,0,0,2,2,2,1,2,0,2,1,1,2,1,0,0,2,0,0,0,0,2,1,2,0,1,0,4,1,1,0,1,1,2,2,1,1,0,4,1,2,2,2
donor_10_cell_010,1,0,1,1,0,4,0,1,0,2,2,1,1,2,2,1,1,2,2,1,1,0,2,0,2,0,2,1,0,2,1,2,1,2,0,1,1,1,2,4,1,3,1,0,4,2,0,2,2,1,2,1,1,4,2,2,1,1,2,2,1,2,1,2,4,3,5,0,0,1,0,1,3,1,0,3,0,2,3,1,1,0,3,0,0,1,3,0,0,2,0,1,2,0,0,2,1,2,0,1,2,2,5,2,1,2,1,2,0,1,1,0,3,0,0,2,3,3,4,0,1,3,1,1,0,5,1,2,0,1,2,1,1,1,2,1,0,2,3,0,2,1,3,0,1,0,2,2,1,2,1,0,1,0,1,2,2,1,2,1,1,0,0,0,0,0,4,0,0,4,0,3,2,1,1,1,1,4,0,4,1,2,2,1,0,4,0,0,3,2,3,1,3,3,1,1,0,3,1,1,2,1,2,0,0,1,0,2,1,2,1,1,1,8,3,0,1,1,2,1,0,2,3,4,3,2,1,2,3,0,0,0,4,2,0,3,1,1,1,1,2,2,1,4,3,1,2,4,4,0,1,3,3,2,1,1,4,4,0,0,1,2,2,0,1,0,0,2,0,0,1,1,2,1,2,0,2,1,4,0,1,1,0,1,4,3,2,1,1,1,1,0,2,1,2,1,4,0,5,0
donor_10_cell_011,0,0,1,3,1,2,3,3,0,3,5,2,3,2,2,2,1,0,5,2,4,3,4,5,1,2,0,1,2,2,5,2,0,2,3,0,1,2,0,2,3,5,3,1,4,4,1,1,2,2,4,3,2,2,1,2,2,2,2,2,1,1,1,2,0,4,1,1,2,1,1,2,1,1,0,2,1,1,2,1,1,1,2,0,1,3,2,1,1,2,1,4,1,3,4,4,3,0,1,2,0,4,1,4,4,1,1,0,1,3,3,3,3,1,1,1,1,4,2,5,0,0,1,1,3,1,3,1,0,3,2,2,2,3,1,1,1,1,3,1,1,0,2,1,2,2,4,4,4,0,8,2,1,0,2,6,0,1,1,1,2,2,0,0,2,1,4,1,3,3,1,2,2,2,1,1,5,4,3,1,8,3,3,0,4,5,1,0,2,2,1,1,1,0,0,0,1,1,1,1,1,2,1,2,1,1,0,5,1,2,2,1,0,2,2,0,3,1,4,3,2,3,6,1,1,2,1,1,7,2,2,3,3,0,1,3,2,2,1,2,1,6,1,1,2,3,0,2,1,1,2,3,1,2,2,3,2,0,0,2,1,4,0,2,6,0,3,2,0,1,0,1,1,1,2,0,1,3,1,1,1,0,2,1,2,4,1,0,1,1,0,1,3,3,3,2,1,3,3,2
donor_10_cell_012,0,0,1,2,3,3,2,2,1,0,1,2,2,4,1,2,3,1,6,2,3,1,2,2,6,1,4,0,1,2,1,5,2,0,0,0,0,1,1,3,0,3,0,1,2,2,0,2,0,3,1,0,4,2,2,3,2,1,1,1,4,0,3,6,2,1,0,1,1,2,2,2,5,1,1,0,0,0,2,2,7,3,2,1,1,2,3,1,1,0,1,0,1,2,2,4,1,2,2,1,2,1,1,1,2,2,4,4,1,0,0,1,0,1,3,6,0,1,1,2,0,5,1,2,1,4,1,0,2,3,0,1,2,2,1,1,1,0,3,2,1,0,0,2,2,2,0,1,1,3,3,2,0,0,2,2,1,1,2,0,1,2,2,0,2,2,4,2,0,5,0,2,1,4,2,0,1,3,2,3,1,4,2,1,0,1,2,1,1,0,1,0,0,3,0,1,1,1,1,2,0,1,5,0,3,0,2,1,1,1,0,0,0,1,1,3,0,1,2,2,2,0,2,3,1,3,1,1,0,1,0,2,0,3,1,2,3,1,0,2,0,0,3,0,0,4,1,2,1,2,0,0,4,1,1,4,1,2,1,3,1,4,1,0,2,1,0,1,2,0,1,1,3,2,6,2,1,2,3,4,0,1,1,3,1,0,0,1,2,1,3,1,2,0,1,3,4,3,6,2
donor_10_cell_013,1,0,0,4,0,4,1,3,0,2,5,2,0,3,0,0,2,0,3,1,4,3,3,2,2,3,2,0,3,3,2,7,2,1,1,0,2,1,0,2,4,2,2,4,1,2,1,4,3,0,1,1,3,2,1,5,2,3,1,1,0,0,2,2,0,1,3,1,2,1,4,2,0,2,0,0,2,3,3,2,3,4,6,2,1,3,3,2,2,1,1,3,4,1,3,0,0,0,1,3,5,3,1,1,1,2,2,3,0,2,4,1,0,3,1,2,1,0,1,1,0,7,3,1,0,1,2,1,0,1,4,2,4,1,1,1,4,2,1,0,4,1,2,2,3,1,3,5,2,0,2,3,0,3,1,1,2,2,3,7,0,4,3,0,0,1,1,1,2,3,2,3,0,0,2,1,1,6,3,2,2,1,1,0,6,3,2,3,4,3,1,1,2,2,3,1,1,3,1,1,2,2,2,0,0,2,2,2,1,2,4,4,1,3,0,1,1,4,4,1,0,2,1,2,0,1,2,4,2,2,0,1,2,2,5,6,1,3,1,0,0,4,1,2,3,0,1,4,1,4,2,4,1,0,1,1,4,2,3,6,0,3,4,0,2,1,0,0,0,0,0,1,0,4,0,2,2,2,1,4,0,1,1,1,0,3,2,3,0,0,5,3,3,1,0,1,1,3,6,3
donor_10_cell_014,0,0,2,1,0,2,0,0,0,2,1,4,3,2,1,1,2,3,3,0,1,1,2,1,3,1,2,1,1,2,1,5,0,1,2,1,0,0,0,2,2,4,2,0,4,3,0,3,2,0,0,0,0,1,3,3,2,1,1,2,3,2,1,2,1,2,3,0,0,0,1,1,2,0,1,0,1,2,0,2,3,1,2,2,1,2,2,0,2,1,0,0,1,1,1,2,1,1,1,0,2,3,2,3,1,1,2,1,0,4,0,0,0,1,1,7,0,0,5,1,2,1,2,4,1,1,0,3,0,0,1,3,1,0,2,2,6,3,1,0,0,1,4,3,3,2,1,1,1,0,3,2,3,0,2,1,0,3,1,1,0,2,1,0,2,2,1,2,0,3,1,1,4,1,1,3,4,2,0,1,3,0,4,1,0,1,0,2,2,0,2,1,1,1,1,0,1,4,2,0,2,1,2,2,1,1,2,1,0,3,1,3,1,3,3,3,0,1,2,2,0,0,1,3,0,1,0,5,2,1,1,4,1,1,1,4,1,1,0,1,2,1,2,2,2,1,2,0,0,2,0,2,2,1,1,5,3,0,2,2,1,4,0,0,4,1,0,2,0,1,1,0,1,3,2,1,0,1,5,3,1,0,1,1,6,3,0,2,2,0,0,0,1,1,0,2,4,0,4,3
donor_10_cell_015,1,0,3,1,1,2,1,1,1,0,0,4,3,2,1,3,3,2,1,2,2,0,3,0,3,1,1,0,2,2,0,2,2,2,1,2,0,3,1,2,0,4,3,2,1,3,5,1,2,2,1,1,0,1,3,1,0,2,2,1,5,3,1,2,2,1,2,1,0,1,0,0,2,2,1,1,3,1,2,3,2,0,2,0,0,0,4,4,0,0,1,2,0,1,1,1,0,0,0,2,0,2,0,3,1,4,3,1,1,2,3,2,0,2,3,1,1,1,0,1,0,0,1,4,1,2,2,0,0,1,0,3,1,1,2,2,3,1,0,1,0,3,2,1,0,0,2,3,1,1,3,3,1,4,1,2,2,1,4,0,1,3,2,1,1,2,2,0,1,2,2,4,2,1,2,1,1,0,1,3,1,3,0,1,1,5,1,1,2,2,3,2,1,1,1,0,1,3,2,0,3,1,0,1,1,3,0,0,3,1,2,2,1,2,0,2,0,1,2,1,0,1,5,2,0,2,0,0,4,1,1,1,3,5,3,3,0,1,1,1,6,2,1,1,1,4,4,2,0,2,2,4,2,2,1,0,3,0,4,3,0,1,2,1,9,0,3,5,1,0,1,1,1,0,0,1,0,0,2,4,1,1,2,0,2,3,0,3,5,3,4,1,0,0,3,0,0,2,1,0
donor_10_cell_016,0,1,1,5,1,3,1,1,1,2,3,1,2,2,0,3,3,0,1,0,1,1,5,1,3,0,0,0,3,1,4,5,1,3,0,1,0,2,1,0,1,2,0,2,0,4,0,0,2,1,3,1,2,1,4,2,2,0,3,1,2,2,1,1,2,1,2,3,3,1,1,1,2,2,1,1,0,1,0,0,4,2,2,1,0,0,0,2,1,1,1,3,0,1,0,0,1,1,1,1,0,0,2,3,3,2,2,4,0,0,1,1,1,2,0,1,1,0,0,2,3,1,1,3,0,6,0,1,1,1,2,3,3,1,0,1,0,3,1,0,2,5,2,2,0,1,1,4,2,3,1,1,1,3,2,1,2,2,1,0,0,4,0,0,2,1,3,1,1,4,1,2,1,1,0,1,2,3,3,3,2,2,2,0,2,1,0,1,1,4,0,0,3,1,1,0,2,1,4,1,1,1,3,0,2,0,2,3,4,0,1,1,1,1,1,1,1,0,1,2,2,2,2,4,0,2,3,1,1,0,0,0,1,2,1,2,2,4,0,2,0,3,2,2,3,2,2,1,0,4,1,3,2,2,2,2,3,0,2,1,1,3,1,1,0,1,1,0,0,2,1,0,1,0,2,0,0,2,1,2,1,1,0,0,2,0,0,1,0,1,2,0,1,2,0,1,2,3,1,3
donor_10_cell_017,0,1,2,5,0,4,0,2,0,1,3,0,3,2,2,3,0,3,6,1,4,1,4,2,3,1,1,0,0,2,0,5,2,1,2,2,3,1,1,2,0,1,1,2,1,4,0,0,2,0,1,3,2,2,1,1,1,0,1,1,0,1,1,2,1,4,4,1,1,0,2,4,1,2,0,0,3,0,4,1,2,0,1,0,1,1,0,1,3,0,2,1,1,1,2,0,0,2,0,2,2,6,2,1,5,2,2,1,0,1,1,1,2,0,1,2,2,0,2,3,4,1,2,1,1,2,3,0,2,4,2,3,0,0,4,1,0,4,2,1,2,0,1,1,0,0,2,1,1,0,5,2,0,2,3,4,0,0,1,3,0,1,0,0,1,0,3,3,0,2,2,1,0,3,1,2,0,3,2,2,2,2,3,0,4,2,2,1,2,0,0,1,1,1,1,1,0,4,0,0,1,4,1,3,1,1,1,2,2,2,2,6,0,0,1,3,1,1,3,2,1,2,5,6,2,3,1,2,0,0,1,1,4,1,1,1,1,1,0,0,3,0,1,2,2,5,3,3,1,1,0,4,1,0,3,4,0,0,0,0,1,3,0,0,1,0,0,1,1,0,3,0,0,1,1,2,3,1,6,1,1,0,1,1,0,1,0,0,3,0,3,2,0,0,3,2,3,3,1,2
donor_10_cell_018,0,0,3,4,1,3,0,3,0,2,0,5,1,1,1,3,2,1,3,4,1,1,3,2,2,2,2,2,2,2,0,2,2,2,0,0,2,1,0,2,2,2,1,1,4,3,0,3,2,2,2,0,1,0,1,1,2,2,2,0,1,2,2,3,1,0,2,0,1,2,1,2,3,1,0,2,1,1,4,1,5,0,2,1,0,1,2,0,1,0,3,0,3,1,3,3,1,1,0,1,4,2,1,5,5,3,1,1,0,2,6,0,1,1,1,2,4,1,2,2,1,1,0,2,1,0,0,0,2,1,1,1,1,0,2,0,3,5,0,1,0,1,2,1,1,0,2,0,0,1,4,6,0,2,0,2,4,2,3,3,0,5,0,2,2,2,2,2,3,4,0,1,2,2,2,0,1,0,2,1,2,3,3,2,6,1,3,1,0,1,1,0,0,0,3,1,1,3,0,1,0,2,1,1,0,0,0,1,0,1,3,2,1,1,3,0,0,0,4,2,0,2,1,6,2,2,0,1,1,0,0,2,1,4,4,6,1,4,2,2,0,0,3,1,4,4,3,2,1,1,3,4,0,2,0,3,0,2,0,3,0,2,1,1,4,2,2,3,1,0,1,2,0,2,1,1,2,3,2,4,2,1,2,1,1,2,2,1,0,0,2,0,2,2,1,0,4,2,1,0
donor_10_cell_019,0,0,2,0,0,4,2,1,2,2,2,2,2,2,1,2,1,0,1,0,3,0,3,1,2,3,2,2,0,5,5,2,2,1,1,1,1,0,0,3,2,2,3,0,1,3,0,1,2,2,1,2,3,3,1,1,1,0,1,2,3,1,1,4,0,0,1,0,0,0,0,1,2,2,1,2,0,3,0,1,0,1,1,1,0,3,1,0,2,2,1,2,3,1,1,1,2,0,2,3,1,1,1,1,0,2,1,3,1,2,2,2,0,0,0,0,2,3,1,1,0,0,1,4,1,2,2,0,1,2,0,0,1,1,1,0,2,0,2,0,2,2,0,0,5,0,1,0,0,0,2,3,1,2,0,0,1,3,3,2,0,0,0,0,2,1,0,2,1,3,3,2,1,2,1,3,2,3,0,2,4,1,2,0,1,2,2,0,1,1,2,0,0,3,0,0,2,3,2,0,3,1,2,1,0,1,2,2,1,2,1,1,1,5,0,3,0,1,3,5,4,1,0,4,0,3,1,2,1,0,1,0,0,2,1,0,4,1,1,1,2,1,1,2,4,3,3,2,2,2,2,1,1,0,0,0,2,1,0,2,2,0,0,1,1,1,0,1,0,2,0,0,1,2,1,2,0,1,2,3,1,0,0,2,0,2,1,0,3,1,0,2,2,0,0,1,2,3,1,1
donor_10_cell_020,0,1,1,3,2,3,1,1,3,3,1,2,2,0,3,0,0,1,4,3,3,0,1,2,5,2,1,2,0,0,4,3,1,1,1,1,0,2,2,1,0,3,2,0,2,2,1,1,1,0,1,0,1,2,1,0,4,3,1,1,2,2,2,3,3,1,3,2,2,0,2,3,3,1,2,0,0,2,1,1,2,2,3,2,0,2,0,1,2,4,1,4,5,1,0,1,4,0,4,2,6,0,0,1,5,2,1,1,1,3,1,0,1,2,1,4,1,0,2,1,4,2,3,1,0,2,0,4,0,1,2,4,1,0,4,1,6,3,3,1,5,3,3,3,3,3,1,3,2,0,0,1,1,1,1,1,2,1,2,1,0,4,1,1,0,3,3,1,2,0,0,1,1,1,1,1,1,4,2,5,6,3,3,3,1,1,1,1,4,1,4,0,2,1,1,1,1,2,3,3,3,4,2,0,0,0,1,1,0,4,2,1,1,1,1,3,2,2,1,2,5,0,2,1,0,1,1,2,1,2,2,1,2,4,3,2,1,2,0,0,3,0,0,0,0,3,2,1,0,1,0,1,0,1,1,0,1,1,0,4,1,2,1,1,2,1,1,3,1,2,1,2,0,1,2,1,4,0,2,3,2,1,3,0,3,4,1,1,4,2,2,1,2,2,1,8,4,3,4,1
donor_10_cell_021,2,1,2,4,3,0,3,0,1,3,2,2,0,3,1,2,4,3,3,3,0,0,2,4,0,2,0,1,1,3,4,6,1,0,2,1,0,4,2,2,2,4,1,0,2,1,2,2,2,2,2,3,5,3,1,2,2,1,1,2,2,0,5,5,2,2,2,0,2,1,2,1,0,3,0,0,0,0,1,4,4,2,7,0,3,3,1,1,1,1,1,2,2,1,1,2,1,0,1,2,4,1,1,1,2,0,1,4,2,1,1,0,1,0,3,0,4,2,3,1,4,3,1,2,2,3,1,1,1,3,1,0,1,1,4,1,2,1,2,0,2,4,2,0,1,1,2,2,1,0,4,1,2,0,1,4,0,3,1,2,1,0,3,1,5,0,4,1,1,3,2,4,3,4,0,1,0,5,3,2,5,0,3,2,2,4,1,0,1,0,1,2,1,3,2,2,1,0,2,3,3,3,3,3,1,2,0,1,1,2,2,3,4,4,2,0,1,1,4,2,1,2,4,2,1,2,1,1,4,1,2,1,2,2,4,3,0,2,0,0,5,3,5,2,3,3,2,1,1,1,3,2,1,1,2,2,2,3,2,2,1,2,1,1,0,3,3,2,1,0,1,0,1,3,1,2,0,4,5,2,2,2,3,2,0,1,0,2,1,1,3,2,3,0,3,3,4,3,2,3
donor_10_cell_022,0,0,1,4,2,3,1,4,1,3,0,0,4,1,3,2,1,1,2,3,0,1,0,4,1,0,1,0,0,1,1,3,2,1,0,2,2,0,4,1,1,1,0,3,2,1,3,3,3,1,2,0,1,2,2,2,3,1,1,1,1,1,4,3,0,1,3,1,0,0,4,1,1,3,0,2,1,1,2,4,1,2,3,3,1,2,1,2,2,1,1,4,3,3,1,1,0,0,1,2,0,3,2,3,1,2,1,0,2,0,0,3,1,0,1,0,2,2,0,4,3,0,3,0,0,3,0,1,2,1,1,0,3,3,3,0,3,1,5,1,2,1,2,3,2,2,2,2,3,1,2,2,1,1,1,1,2,2,3,1,2,1,0,1,1,1,3,2,0,3,3,2,1,3,0,1,3,0,1,3,2,0,5,1,2,2,1,0,4,1,2,0,0,1,0,1,2,2,2,0,0,2,1,3,1,2,2,2,1,1,4,2,3,5,3,0,1,0,1,1,2,3,4,0,0,4,0,1,0,1,0,2,4,4,4,4,1,1,2,0,7,2,1,0,2,1,4,1,2,2,2,5,1,1,1,3,2,0,0,1,1,1,0,0,0,0,2,1,3,1,0,0,0,6,4,0,3,2,1,3,2,1,1,1,2,1,0,1,2,1,2,0,2,1,1,3,2,2,2,1
donor_10_cell_023,0,0,4,2,1,5,3,2,0,1,2,0,3,2,3,0,0,3,2,1,6,2,2,3,2,0,3,1,0,3,2,3,0,2,2,2,1,3,3,6,0,0,1,0,1,3,0,0,0,0,0,0,3,0,1,1,2,2,1,2,3,3,5,2,1,0,2,2,1,1,1,0,2,3,1,0,4,6,0,3,1,1,3,2,1,1,5,1,0,2,2,1,2,0,0,1,1,1,1,3,1,2,3,1,0,3,1,2,1,0,1,2,1,3,3,1,5,3,3,1,1,1,1,0,0,0,1,2,3,3,4,3,3,1,4,0,1,2,1,0,1,0,2,1,0,1,0,4,2,0,3,4,3,1,0,2,2,3,3,2,1,3,0,0,1,0,1,2,1,2,3,2,0,1,5,3,0,3,4,0,7,4,1,1,1,1,1,1,1,0,2,1,0,4,0,1,5,3,2,3,2,0,3,1,2,1,2,1,3,0,1,1,0,0,4,1,0,2,2,2,3,1,1,7,1,1,0,1,1,2,0,5,1,5,2,1,1,2,1,0,3,4,0,0,2,3,2,2,1,0,3,2,2,2,2,1,4,1,1,2,2,4,2,0,3,3,1,0,2,0,1,0,1,2,1,3,2,5,1,2,1,2,0,2,2,1,0,1,2,1,1,1,1,0,2,2,7,0,2,3
donor_10_cell_024,2,0,3,0,0,4,2,0,0,3,0,1,1,1,0,1,1,1,1,1,3,1,3,1,5,1,1,1,0,1,1,4,2,1,0,1,0,1,1,1,1,1,1,1,2,2,4,0,3,2,0,0,0,2,1,1,0,2,1,1,1,0,2,0,1,3,3,0,0,2,1,2,2,0,1,5,2,4,3,2,1,1,3,0,0,0,2,1,2,0,1,2,1,1,2,0,0,2,1,1,0,1,0,2,0,0,2,1,0,5,0,1,0,1,2,3,1,3,1,1,0,4,1,3,1,2,1,0,2,1,0,5,0,1,3,0,0,3,0,0,0,2,3,1,2,0,1,1,3,0,3,2,1,1,1,1,1,2,1,2,1,2,1,0,0,0,0,0,0,2,0,1,0,2,1,1,0,1,1,4,4,2,3,2,2,1,2,1,1,0,1,0,1,1,2,2,1,1,3,3,1,3,2,0,2,0,2,3,3,2,1,3,1,3,1,2,2,1,2,0,1,1,1,2,1,5,2,0,1,0,2,1,2,0,3,3,0,1,1,1,1,2,2,0,2,1,4,2,1,4,2,0,2,0,1,1,2,0,2,1,2,1,1,0,1,0,1,1,0,5,1,0,2,0,1,2,2,0,5,4,0,0,2,0,0,1,1,3,3,2,3,0,3,1,3,1,1,2,0,1
donor_10_cell_025,0,0,1,4,1,1,8,2,1,0,4,3,1,2,0,0,0,0,1,0,5,0,5,1,3,1,2,1,0,2,3,8,0,3,1,1,4,2,2,1,1,1,1,0,2,3,2,1,0,0,0,1,1,0,0,1,2,3,0,2,2,3,0,3,2,1,2,2,2,3,1,1,2,2,1,2,3,1,3,3,2,1,2,1,0,0,2,1,0,3,1,1,3,1,1,1,1,1,0,2,2,1,1,2,2,1,1,0,1,3,3,2,0,0,0,1,3,1,3,3,1,6,0,1,2,2,0,1,0,2,0,0,2,2,2,0,1,1,3,0,2,1,1,0,2,0,2,1,1,2,2,3,1,1,0,4,0,3,4,3,0,2,2,0,1,2,0,4,2,2,1,2,6,4,3,0,3,2,0,2,1,3,2,4,3,3,1,0,3,0,4,0,0,0,0,0,4,3,1,1,2,4,2,3,0,0,3,3,2,6,4,1,0,5,4,1,3,1,1,1,1,4,0,1,1,2,0,3,0,1,2,1,0,1,3,1,2,7,0,1,0,1,1,4,4,2,2,2,2,3,1,2,3,0,3,2,1,2,1,3,0,4,2,1,1,4,2,1,0,1,0,1,0,0,0,3,2,2,0,4,1,0,1,1,2,4,0,1,3,1,3,0,2,0,1,4,1,0,5,2
donor_10_cell_026,0,0,1,2,0,1,0,2,0,1,4,2,1,4,1,1,0,1,3,2,2,0,2,7,2,2,0,2,0,3,1,3,0,0,2,2,1,4,7,2,2,4,5,2,3,1,3,2,2,0,2,1,3,2,5,6,0,3,1,0,5,3,1,2,3,3,2,1,0,0,2,0,3,1,0,1,0,7,1,1,2,1,2,1,1,1,2,3,1,0,2,3,1,2,0,2,4,0,0,3,1,0,0,3,6,1,2,0,0,3,1,0,3,4,2,3,0,2,0,0,1,2,0,0,1,3,2,2,0,1,0,0,2,2,1,1,2,2,2,1,2,3,1,2,1,3,1,1,1,1,3,4,1,1,0,0,1,3,4,1,0,3,0,0,5,0,3,2,1,4,1,3,3,3,0,1,2,3,1,2,3,1,1,4,2,1,1,3,3,3,3,1,0,2,1,2,4,1,0,1,5,4,2,1,0,3,0,1,1,1,1,5,1,2,2,5,3,0,3,1,0,5,1,1,0,3,2,3,2,1,0,1,2,0,2,2,2,3,0,0,3,2,1,3,2,3,2,2,2,1,2,2,4,0,0,2,0,0,1,3,0,2,2,0,3,2,0,2,0,2,2,0,1,4,1,1,4,1,2,1,1,0,1,1,3,1,1,2,3,2,3,0,6,1,2,3,5,0,2,3
donor_10_cell_027,0,0,5,2,0,5,4,3,0,0,1,3,1,2,3,1,0,3,3,3,1,2,5,1,6,4,0,0,0,4,2,4,1,0,2,1,1,4,4,6,1,1,0,2,1,3,2,1,1,1,3,0,1,2,2,3,1,1,2,0,1,3,3,4,3,2,1,1,1,1,1,1,2,2,1,2,1,1,0,1,3,1,2,1,1,0,1,1,4,0,1,4,3,1,2,1,0,1,3,2,4,0,0,1,3,3,1,3,1,2,1,0,2,2,3,1,3,2,1,1,2,4,2,2,0,3,2,1,2,2,0,2,1,0,1,2,1,2,1,3,4,1,3,2,2,1,1,4,4,2,1,2,2,0,1,1,0,1,2,1,0,0,2,1,1,1,2,0,1,5,0,0,2,4,2,1,1,3,5,4,2,7,0,5,0,0,2,2,3,1,2,1,0,7,0,1,1,3,1,2,2,1,1,0,2,2,0,4,0,1,2,0,0,7,0,1,1,3,1,6,3,2,2,5,0,8,2,1,3,0,1,1,4,1,3,0,2,2,0,0,3,1,0,1,1,0,3,2,3,0,0,1,5,1,1,3,2,1,3,2,0,1,1,2,5,1,3,1,1,1,1,0,1,3,0,1,2,2,1,2,0,1,1,2,1,3,1,1,0,0,3,0,2,1,1,3,1,4,2,3
donor_10_cell_028,0,0,0,0,1,1,4,0,4,1,1,0,0,1,0,0,0,0,2,1,3,2,3,1,1,0,1,0,0,2,2,3,2,0,3,3,1,1,0,2,1,5,3,1,2,2,0,2,4,1,1,0,2,1,1,3,2,3,1,0,2,3,0,1,2,2,2,2,2,0,1,1,5,1,0,0,0,1,2,5,1,2,1,1,0,1,3,3,0,2,2,1,1,4,4,1,1,1,2,0,3,4,1,2,0,0,0,0,0,2,0,2,2,0,0,2,3,2,3,3,0,1,1,1,1,0,2,1,1,3,1,3,2,2,0,1,3,0,3,0,0,1,0,4,0,1,1,1,1,2,2,2,0,0,2,1,2,4,2,4,2,1,4,2,3,0,1,1,0,2,1,3,1,4,0,0,0,3,0,0,0,1,1,0,1,4,0,0,0,1,2,1,0,1,1,1,1,4,0,1,1,0,1,3,1,0,0,1,1,2,1,0,1,2,2,1,0,1,0,1,2,3,0,2,1,1,2,0,0,0,0,2,1,2,1,2,0,1,0,0,2,1,0,2,3,5,0,1,5,0,0,1,1,1,3,1,3,1,1,1,0,4,1,0,0,0,1,1,2,2,0,3,1,1,2,1,2,0,3,4,0,0,1,1,1,0,2,2,2,0,3,1,3,2,2,2,3,4,5,1
donor_10_cell_029,0,1,4,1,0,2,4,4,0,2,3,1,2,2,4,2,2,2,5,2,1,0,2,4,3,2,5,1,2,5,0,3,1,3,3,1,0,1,0,4,4,7,6,1,1,3,1,1,1,1,3,0,0,3,1,2,2,1,3,0,3,3,2,1,2,1,1,1,1,1,0,2,7,0,0,3,3,1,2,5,4,2,4,3,0,0,3,2,2,1,2,4,1,2,1,5,1,1,1,4,5,2,2,3,2,2,0,1,0,3,3,1,1,0,0,5,2,1,3,6,3,3,0,3,1,0,3,1,2,2,1,3,2,2,2,0,4,0,4,0,1,2,4,1,0,0,0,2,1,2,2,6,1,2,0,2,1,3,4,2,3,2,2,1,1,2,4,3,1,4,1,2,2,2,1,1,0,2,5,6,3,4,5,6,3,2,1,1,3,2,0,3,3,4,1,1,0,1,2,1,1,0,1,1,2,1,4,1,1,0,0,3,0,3,2,2,2,2,2,2,0,2,1,7,0,3,0,3,1,2,3,1,5,1,12,6,1,3,0,3,2,1,0,0,0,4,1,0,1,1,5,6,2,0,0,1,3,0,1,0,1,4,0,0,1,3,2,1,1,1,1,2,0,4,6,2,1,0,2,2,0,1,0,3,2,1,1,3,1,0,1,3,4,0,4,2,6,8,5,2
donor_10_cell_030,0,0,4,0,1,2,2,3,0,0,3,1,5,0,1,1,1,0,2,3,1,2,3,2,5,1,1,1,0,1,0,3,1,2,2,0,0,0,1,1,0,5,1,0,5,3,2,1,0,0,0,0,1,4,2,4,3,2,1,0,0,0,2,0,1,1,5,1,0,2,0,3,2,1,2,0,2,0,0,0,2,0,2,1,3,1,3,2,1,1,1,3,1,3,0,1,3,1,2,3,3,0,1,4,1,3,2,1,3,2,0,0,1,2,0,3,3,2,1,2,1,4,0,1,1,2,0,1,1,0,1,0,1,2,0,1,1,0,2,0,3,0,2,1,4,5,0,0,3,0,4,3,1,2,0,2,0,0,0,2,1,3,1,4,1,3,2,2,2,0,1,1,1,2,2,2,0,1,3,0,1,0,3,1,2,2,1,1,2,6,1,0,2,2,2,0,1,2,3,1,2,4,0,0,0,2,1,2,0,2,4,1,2,2,3,1,3,0,3,3,1,2,0,4,2,3,1,1,0,0,0,1,1,3,3,4,3,0,0,2,3,1,0,1,1,1,3,0,0,1,3,2,2,3,1,0,0,0,3,2,1,3,1,1,4,0,2,0,1,1,1,0,0,1,4,2,3,1,1,4,2,3,1,0,2,2,1,3,1,1,1,2,1,2,2,0,4,2,2,1
donor_10_cell_031,0,0,4,0,2,2,1,1,3,0,0,6,2,2,3,1,2,0,3,1,1,1,1,1,1,0,1,0,0,3,0,3,3,2,1,1,1,1,2,0,1,1,1,3,4,1,3,1,0,4,2,2,1,0,3,1,2,3,0,0,1,1,1,1,2,1,2,3,0,2,0,0,3,1,1,1,1,3,2,3,6,0,3,1,1,1,3,0,2,2,1,0,2,2,0,1,0,1,2,0,1,4,3,4,2,3,4,0,1,1,0,2,2,2,1,2,2,1,0,4,1,1,0,0,1,2,1,0,0,1,0,3,1,1,0,0,1,0,4,1,1,2,1,0,1,1,1,2,2,2,13,3,0,1,1,1,1,2,0,4,0,2,2,0,3,3,1,0,2,4,1,1,1,2,0,1,1,2,0,4,2,1,3,1,2,5,3,1,2,0,1,1,0,4,0,0,1,2,1,2,3,3,3,0,3,1,1,1,4,0,1,1,0,0,0,1,1,0,4,3,0,2,5,3,3,3,0,2,1,0,0,3,0,0,5,1,1,1,0,2,2,3,0,1,3,1,0,3,0,0,1,3,1,2,1,1,2,3,3,1,1,1,1,2,4,0,2,1,2,1,1,1,0,2,4,2,1,2,3,5,1,0,1,0,0,3,2,2,1,0,1,1,2,0,2,1,3,2,3,1
donor_10_cell_032,0,1,1,6,2,1,1,1,1,0,0,1,0,2,1,2,1,2,3,1,2,1,1,4,0,0,1,0,0,3,2,6,0,0,0,1,2,2,1,3,0,0,3,1,3,3,1,3,3,1,0,0,3,7,2,2,4,4,3,3,1,1,3,3,2,1,1,0,0,3,1,1,1,1,0,1,2,1,0,4,3,0,3,1,0,0,4,2,2,2,0,2,1,0,2,2,1,1,1,6,2,1,0,3,0,3,4,0,1,2,1,0,1,0,3,2,2,2,2,1,1,1,2,1,0,0,5,3,0,2,0,1,1,5,0,0,0,3,2,0,2,3,4,1,1,0,3,0,1,1,3,3,0,1,2,2,2,2,2,0,1,1,0,1,4,1,4,1,1,5,3,1,1,1,1,0,2,3,1,0,3,5,2,3,3,2,1,1,2,1,4,1,1,2,1,1,3,4,0,2,7,1,2,0,0,1,2,2,1,1,2,1,1,2,2,0,0,0,4,1,0,2,0,1,2,1,0,2,1,0,1,2,3,3,1,1,3,3,1,2,3,3,3,2,0,4,3,3,3,0,2,1,0,0,1,4,1,1,1,2,1,2,1,1,3,0,2,1,2,1,0,1,1,3,1,1,2,2,2,1,1,1,0,3,3,3,2,1,0,1,3,1,3,1,2,2,0,2,0,0
donor_10_cell_033,0,1,3,2,2,3,1,4,0,2,1,1,1,3,0,1,3,0,4,4,0,0,2,4,2,0,3,3,1,1,1,2,1,0,2,2,1,1,0,1,0,0,3,2,3,3,1,3,1,0,0,0,2,1,0,3,0,1,1,0,0,0,2,3,3,2,3,0,0,5,2,1,0,3,0,1,1,0,1,0,0,0,2,1,1,2,1,1,3,0,0,3,1,0,1,2,0,0,2,2,3,0,0,1,0,0,1,0,0,1,1,0,1,2,1,1,2,1,1,4,1,0,0,0,0,1,1,2,1,0,1,3,0,2,1,1,4,1,2,0,1,1,2,3,2,1,4,1,1,0,1,3,0,2,0,1,1,1,3,0,3,1,0,1,0,1,0,1,1,2,0,0,0,1,0,0,2,2,1,0,1,3,0,0,1,3,3,2,6,1,0,0,3,1,1,0,1,5,1,0,2,3,2,2,0,0,0,4,0,2,0,0,0,1,3,2,2,0,1,3,1,0,1,0,2,1,0,2,2,1,0,3,0,2,1,1,3,1,2,2,3,1,1,2,0,5,2,1,0,5,3,2,1,2,3,0,0,1,0,2,0,3,2,2,0,0,3,0,1,0,2,0,0,2,1,0,1,2,1,2,0,2,1,1,1,1,1,1,1,2,2,1,2,0,2,0,2,1,4,0
donor_10_cell_034,0,0,1,2,1,1,0,2,0,1,1,1,0,1,2,1,0,1,3,2,1,0,1,1,0,0,0,0,1,2,2,4,0,0,2,0,2,1,1,3,2,2,2,0,4,4,2,1,0,1,1,1,3,2,0,0,3,0,1,0,3,1,3,2,0,0,3,0,0,0,0,1,1,0,2,1,1,1,0,5,2,2,5,1,2,2,2,2,1,1,0,1,2,0,1,1,2,0,1,0,3,1,1,4,1,0,2,1,1,0,2,0,2,1,1,1,2,1,0,1,1,0,0,1,0,2,0,0,0,1,4,2,0,1,2,0,3,1,3,1,2,2,0,2,1,2,0,2,2,0,0,0,1,2,0,2,1,3,4,0,3,4,0,2,0,1,1,2,0,1,2,0,1,3,1,1,3,3,0,2,0,4,0,1,2,1,1,1,4,1,0,0,0,0,1,0,1,0,1,0,1,2,1,1,0,3,1,0,1,0,1,1,0,3,1,3,1,0,2,1,2,1,0,2,2,0,0,1,2,1,0,0,0,1,0,5,3,2,0,1,2,2,0,1,1,0,2,1,2,2,4,2,1,1,2,4,0,0,0,1,0,1,5,0,1,1,2,1,0,0,0,1,1,2,3,0,0,1,0,1,2,2,2,0,3,1,0,1,0,1,0,0,1,1,2,2,2,2,3,1
donor_11_cell_000,0,0,2,1,0,3,11,8,0,6,2,8,1,2,2,3,1,1,2,1,2,0,1,0,2,0,0,0,0,2,5,3,0,0,0,1,2,1,2,3,2,2,2,2,2,3,2,0,1,2,1,0,4,0,1,1,0,3,2,2,2,0,0,2,0,2,2,3,2,1,1,0,4,2,1,1,0,3,1,6,2,1,2,2,2,0,2,1,1,2,1,2,2,2,0,5,0,0,1,0,2,3,0,6,2,2,1,1,2,1,1,1,1,2,1,2,3,4,1,1,1,1,0,0,1,3,0,1,0,3,0,3,0,0,0,0,2,0,2,0,0,0,1,4,1,0,3,3,1,0,0,3,0,2,0,1,1,1,3,3,0,2,1,2,1,0,0,2,1,4,1,2,1,3,1,1,4,0,2,1,1,3,1,1,1,0,2,3,2,0,1,3,4,3,1,5,2,2,1,2,0,2,2,1,2,0,0,0,1,0,2,0,4,1,4,2,2,1,4,1,0,2,3,3,1,3,1,0,1,0,3,3,2,2,5,3,2,4,1,1,1,2,1,1,5,3,0,0,1,2,1,3,3,1,1,1,2,2,0,2,4,1,3,2,0,1,0,0,1,1,1,0,0,3,3,2,2,3,0,4,1,0,1,2,4,3,3,2,1,0,2,0,2,1,2,1,3,2,5,1
donor_11_cell_001,0,0,1,1,2,1,5,6,2,6,7,10,1,1,1,1,4,1,2,1,1,1,2,2,2,1,1,0,0,2,3,8,0,1,2,2,2,2,1,2,4,2,0,1,1,6,1,1,1,2,1,1,2,3,1,2,0,1,1,0,2,3,2,1,5,1,5,0,1,3,1,0,1,1,0,0,0,1,3,1,2,1,3,1,1,2,2,1,0,0,2,3,2,0,2,1,0,0,0,3,2,0,0,0,4,1,2,2,0,4,0,2,1,3,2,0,1,3,2,1,2,3,1,1,2,3,0,4,0,2,2,1,1,2,5,0,2,0,4,0,0,1,2,4,1,2,1,0,0,1,2,3,1,2,1,1,2,4,2,2,0,2,2,2,1,0,0,0,0,3,2,0,0,4,1,2,4,3,3,1,2,4,1,1,4,1,2,2,2,2,5,0,1,3,0,1,4,1,1,3,2,6,0,1,0,1,0,0,1,1,1,1,0,1,2,0,2,1,0,2,1,0,2,3,0,1,0,0,2,1,1,2,3,1,3,1,2,1,0,2,0,2,1,1,0,1,1,4,1,3,0,4,2,2,1,6,1,2,1,2,2,0,1,1,2,1,3,2,1,2,1,0,0,1,4,2,2,3,2,7,0,1,3,3,1,1,1,0,4,0,1,0,1,1,3,2,0,1,4,2
donor_11_cell_002,0,0,4,4,3,3,5,9,4,3,3,7,0,2,1,1,1,1,1,1,3,1,3,5,3,0,1,1,1,0,1,2,1,1,1,2,2,0,2,1,0,6,4,0,2,0,1,3,1,0,2,1,1,2,1,0,2,3,0,1,0,0,1,1,3,2,2,0,2,0,2,0,2,2,0,2,1,1,2,3,3,0,1,3,1,0,1,1,1,4,2,0,1,1,0,0,3,3,0,2,2,0,0,2,0,1,4,1,1,4,0,1,1,2,1,2,4,2,0,2,4,3,0,3,1,0,1,0,0,2,2,1,1,0,0,0,3,1,0,0,1,3,2,2,0,1,0,3,4,0,2,0,1,1,1,1,0,0,2,0,2,4,0,1,4,3,2,2,1,1,1,2,0,3,0,2,1,2,6,2,1,4,0,3,2,1,1,0,1,0,3,1,0,4,1,2,2,4,0,0,1,2,0,0,1,3,2,4,0,0,3,3,0,3,2,1,1,1,2,2,1,1,3,1,0,2,1,1,2,1,1,1,2,0,2,5,0,4,0,1,2,4,2,3,4,3,1,4,1,1,3,0,1,2,0,1,0,1,2,2,1,2,1,1,0,0,3,1,1,1,0,1,1,5,1,3,0,2,4,1,0,2,1,1,3,3,2,2,2,2,1,0,2,0,3,0,1,2,1,1
donor_11_cell_003,1,0,1,2,0,2,2,2,3,4,4,6,1,0,2,2,2,1,2,1,2,0,1,2,1,0,0,3,0,1,1,0,3,1,0,1,1,1,2,0,0,3,2,1,5,2,1,1,0,1,2,2,3,3,1,2,0,3,1,1,1,0,2,2,1,1,1,2,3,0,1,2,1,5,0,1,1,1,3,2,2,1,3,2,0,0,4,1,0,0,0,1,2,0,1,0,0,3,1,2,3,2,3,6,1,2,0,0,1,3,3,2,1,1,0,2,4,5,1,2,0,0,1,1,0,1,3,0,2,0,2,1,1,0,4,0,3,2,3,0,0,0,2,2,1,1,4,1,2,1,3,2,0,1,1,2,1,1,1,2,2,0,0,1,1,4,4,4,1,0,0,2,2,4,0,1,1,3,0,2,1,2,1,1,3,1,2,1,3,0,2,0,0,3,3,1,0,2,1,3,1,3,1,1,1,1,1,3,0,0,4,1,3,3,0,1,0,2,2,4,1,1,0,1,0,2,0,0,4,1,1,3,0,0,3,2,0,2,1,1,5,0,2,3,0,0,1,1,2,2,1,0,1,2,0,2,3,0,0,0,0,0,1,1,2,0,2,1,0,0,2,1,0,2,2,0,2,1,2,0,0,1,0,1,1,3,1,2,0,1,1,2,2,2,2,2,3,4,3,1
donor_11_cell_004,0,0,3,1,4,5,9,7,4,7,7,11,2,1,0,3,3,3,2,2,1,3,4,2,2,2,2,1,1,2,5,0,1,2,2,1,0,2,1,1,2,1,1,2,2,0,1,2,3,0,1,2,0,4,1,5,2,2,1,0,3,2,0,2,2,2,2,2,2,0,0,2,3,2,1,0,1,6,1,2,2,1,2,0,3,1,4,2,2,1,0,3,2,5,2,1,1,2,2,2,3,3,0,3,1,4,3,0,1,4,3,0,2,1,3,2,2,10,1,2,3,3,1,1,0,0,3,0,2,0,3,2,4,2,5,0,0,0,4,0,1,2,1,0,1,1,0,7,3,0,6,4,3,2,1,3,1,3,3,4,3,3,2,1,1,1,3,2,4,4,1,2,1,0,3,0,3,1,3,3,1,2,0,1,2,1,1,1,3,1,4,5,0,1,2,1,2,4,1,0,4,1,0,1,0,1,1,3,1,1,1,2,1,1,3,2,0,0,4,4,1,1,3,2,2,1,2,5,2,0,2,2,2,1,1,3,0,2,1,1,4,1,0,1,3,1,2,2,2,3,2,1,0,1,1,0,0,2,1,2,4,4,4,0,2,2,0,1,0,2,3,1,0,3,1,4,1,2,3,4,0,2,0,0,1,2,0,0,0,0,2,1,4,0,2,3,3,1,6,2
donor_11_cell_005,0,0,4,1,1,2,9,9,2,4,3,4,0,3,2,1,1,0,2,2,0,0,1,1,3,0,2,1,0,1,4,2,0,1,0,3,2,2,0,4,2,0,1,0,1,1,1,1,1,2,0,2,3,0,0,1,1,6,2,1,3,3,0,1,0,4,0,1,0,1,2,2,2,0,1,2,0,1,1,1,3,1,2,1,1,0,6,1,0,4,0,2,3,0,1,4,1,0,0,3,3,1,1,1,3,3,1,2,1,0,0,1,1,1,2,2,4,4,3,0,2,1,0,0,1,3,2,2,2,1,1,2,1,1,0,0,2,2,1,1,0,5,3,7,0,0,0,3,5,0,0,3,1,0,2,0,2,1,1,0,1,1,1,1,0,0,4,2,0,1,3,2,0,1,1,1,5,1,1,1,2,1,0,2,3,2,1,0,2,0,1,3,0,5,1,0,1,0,1,3,2,3,2,4,2,1,1,1,1,2,2,1,1,1,3,1,2,0,3,1,1,0,1,3,0,4,0,0,1,2,0,2,1,1,0,0,3,1,0,2,2,2,2,0,1,3,0,2,0,2,0,3,0,2,0,2,1,0,0,1,0,3,1,0,1,0,2,2,1,1,1,0,1,3,0,2,0,5,1,3,0,2,0,0,1,0,0,2,2,1,3,3,3,1,3,2,3,5,1,3
donor_11_cell_006,3,0,1,2,0,0,4,4,3,4,4,9,3,2,0,1,1,2,1,2,1,0,0,2,2,3,1,1,1,2,4,2,1,2,0,1,1,3,0,0,0,1,1,1,3,1,0,2,0,1,1,2,1,4,1,6,2,3,0,0,0,0,6,2,1,1,2,1,1,0,2,0,0,1,1,2,1,2,1,3,0,4,2,0,1,0,2,2,0,4,0,0,1,1,1,3,2,1,1,2,2,3,2,1,2,0,1,2,2,2,1,3,2,2,0,3,2,1,1,0,2,1,1,0,1,0,2,0,0,6,2,4,1,1,2,0,0,0,4,2,2,1,3,2,0,1,1,1,0,0,3,2,1,2,0,1,1,3,1,2,0,5,0,1,1,1,2,0,0,4,0,4,0,2,2,1,2,3,2,6,4,2,3,0,4,1,1,0,2,0,6,0,1,3,2,0,3,2,2,1,2,1,1,2,0,5,0,3,3,1,2,0,1,2,1,1,0,1,2,0,2,1,4,3,1,3,1,1,2,1,2,0,6,0,2,3,2,3,0,2,1,2,1,0,3,1,1,3,0,0,2,2,1,0,2,2,1,0,0,3,1,4,0,1,1,1,1,3,1,1,1,0,1,0,0,1,1,2,0,3,0,0,1,0,0,3,0,0,0,0,3,2,2,1,1,1,1,2,1,4
donor_11_cell_007,0,0,3,1,2,3,8,8,4,3,4,6,2,4,3,0,2,0,1,1,1,2,0,3,6,0,3,0,0,0,4,1,2,0,1,4,1,1,3,0,0,2,1,0,2,2,0,1,3,0,1,0,0,0,1,1,1,2,0,1,0,1,0,0,1,4,5,1,1,1,0,1,5,1,0,1,0,1,2,0,1,2,3,0,0,1,0,1,1,0,1,1,1,2,0,2,2,1,0,2,1,2,1,5,1,1,4,3,0,5,1,0,0,0,1,4,3,0,2,2,2,4,0,2,0,2,1,0,2,3,1,1,0,0,1,0,2,2,0,1,2,0,2,1,0,0,1,2,0,1,2,3,1,0,0,1,2,1,0,2,1,3,1,1,2,0,4,0,2,3,0,4,2,2,2,2,1,2,1,1,5,2,2,1,1,0,3,4,1,5,0,0,0,2,0,2,3,0,2,2,3,2,0,2,0,1,1,0,2,0,1,0,1,2,1,4,0,0,2,2,1,0,1,2,0,1,0,0,2,0,1,1,2,4,0,2,0,4,0,0,1,2,1,0,1,2,3,1,2,1,3,1,1,1,1,4,0,0,3,1,0,0,0,1,2,3,1,0,0,2,1,1,1,1,0,1,0,1,4,3,0,2,0,1,1,0,0,1,1,0,4,0,1,0,5,6,2,4,1,1
donor_11_cell_008,1,1,4,1,1,6,12,15,0,12,4,8,1,3,5,1,1,2,1,2,2,2,2,4,3,1,0,2,0,2,1,3,2,1,3,0,2,3,2,1,1,5,2,2,3,0,2,1,4,1,1,0,2,2,1,1,5,2,0,2,0,1,1,0,1,2,3,3,1,1,1,0,1,1,6,0,1,3,1,3,2,2,4,1,3,1,3,3,1,3,4,0,2,4,2,4,0,2,0,3,1,4,2,0,3,1,0,1,0,2,1,1,2,2,1,3,1,4,1,0,3,0,2,1,1,1,2,2,4,4,2,5,0,2,3,0,4,2,2,1,1,3,0,1,4,0,1,1,1,0,2,2,4,2,0,1,3,2,3,2,1,2,2,0,0,0,1,2,0,2,0,2,2,2,0,0,0,2,2,1,7,6,3,2,2,0,1,0,1,1,3,1,2,3,2,2,5,2,1,2,3,3,0,0,3,1,1,2,0,2,5,1,1,1,1,1,2,2,2,0,3,0,4,3,1,1,1,6,3,1,1,2,3,0,3,5,4,2,2,0,4,0,1,1,1,2,3,3,1,2,1,0,0,0,1,3,0,2,0,1,1,3,0,0,1,0,0,0,3,1,0,2,0,2,2,1,1,1,2,1,0,1,0,1,4,2,1,0,4,1,7,0,4,0,2,4,1,3,1,2
donor_11_cell_009,0,0,4,0,1,3,4,9,2,9,0,7,1,1,2,1,2,2,2,0,2,0,4,2,1,2,1,0,0,1,4,6,1,3,2,1,1,1,1,0,1,4,3,3,2,2,1,0,1,0,1,1,0,1,2,2,2,0,0,0,1,0,4,7,1,1,2,0,2,1,1,2,1,0,0,2,1,1,1,3,1,4,2,2,1,1,3,2,1,5,0,3,2,2,2,2,0,1,2,4,2,0,1,3,2,2,1,1,0,0,2,3,4,4,3,4,1,3,2,0,2,1,2,1,1,1,2,2,0,1,2,2,1,0,1,2,0,1,1,0,1,1,4,3,1,0,4,2,1,1,1,4,1,2,0,3,0,2,1,3,0,3,2,2,0,1,1,2,1,3,1,3,1,2,1,0,3,2,0,3,2,1,1,2,5,3,1,1,1,2,3,1,0,1,3,1,0,0,1,0,1,1,0,1,0,2,1,0,4,7,2,4,2,1,2,2,0,0,3,1,0,2,1,3,1,2,0,3,1,2,0,0,2,4,5,1,2,3,1,0,0,0,1,3,1,2,0,2,2,4,4,2,4,1,2,5,3,1,0,0,0,2,4,0,3,1,2,1,1,1,0,2,2,3,2,0,0,2,1,1,1,1,0,0,1,0,0,1,3,0,3,0,1,1,2,1,1,1,3,0
donor_11_cell_010,0,1,1,4,2,6,4,7,8,6,4,9,2,2,2,1,4,1,6,1,1,1,2,1,2,1,2,0,0,2,4,3,1,3,1,2,0,1,3,2,5,2,2,2,2,2,3,1,3,1,1,1,2,4,3,0,1,0,1,0,0,2,1,1,3,2,4,0,0,1,1,3,1,2,3,2,0,1,1,2,1,1,5,3,2,1,3,1,0,3,1,1,1,2,0,2,3,1,2,2,3,1,2,3,2,2,1,3,0,3,1,4,1,1,0,0,2,0,3,3,1,1,2,3,1,3,2,2,0,3,1,6,3,2,5,2,3,2,5,1,1,1,6,1,0,1,0,1,0,1,2,1,1,3,0,1,0,2,0,1,1,5,1,1,2,1,5,2,0,4,1,2,0,3,0,1,1,4,2,2,5,1,2,1,0,2,4,2,1,1,2,0,2,2,2,1,1,6,2,1,0,1,1,1,0,2,0,4,2,2,3,1,0,0,5,2,1,2,1,1,4,0,2,7,4,4,3,2,2,1,3,0,5,2,0,2,0,2,0,0,4,4,3,1,3,3,1,0,1,2,4,4,2,1,3,2,1,4,3,1,3,3,3,1,3,1,1,1,0,1,2,1,1,2,1,1,0,4,2,2,1,0,1,1,0,0,1,2,0,2,2,0,3,1,6,1,2,3,7,2
donor_11_cell_011,1,0,3,3,1,3,4,2,3,6,4,2,1,0,3,1,2,2,2,2,1,1,4,1,2,4,2,1,2,1,3,2,0,3,1,0,2,0,0,3,4,6,1,2,1,4,0,3,1,0,3,0,0,4,1,1,1,3,1,1,2,1,2,3,3,3,0,3,2,0,3,2,3,0,0,0,1,0,0,1,2,1,2,0,0,3,0,2,0,2,2,5,1,1,0,3,1,2,1,2,1,1,1,1,2,3,0,0,1,3,0,0,2,0,0,4,2,4,0,1,4,0,2,1,2,3,0,2,0,3,0,2,1,1,0,2,4,4,2,2,4,1,1,1,2,0,1,2,2,3,2,2,1,2,1,1,1,3,1,3,2,2,2,1,3,1,1,1,0,3,2,3,1,1,0,4,1,2,2,1,3,2,4,1,1,0,0,0,4,3,1,2,3,2,0,1,2,0,1,1,3,2,1,1,0,2,1,2,0,3,4,2,1,2,6,3,1,0,5,1,1,2,1,0,1,1,0,0,2,1,0,1,3,4,4,5,0,2,0,1,0,1,2,2,1,2,3,2,3,4,1,1,2,2,1,2,1,0,0,4,1,4,3,1,1,1,2,1,1,0,0,0,2,1,0,3,2,1,3,3,0,0,0,0,3,1,2,2,2,1,1,2,2,0,1,3,3,5,0,1
donor_11_cell_012,0,0,4,2,1,0,9,7,4,7,6,4,5,0,1,2,0,0,1,1,2,2,5,3,1,3,3,1,0,0,0,7,0,2,2,0,3,2,0,1,1,1,3,0,2,0,0,1,3,1,3,1,2,2,4,1,0,1,1,1,2,2,1,3,2,3,1,0,0,1,0,0,2,1,0,1,1,3,2,2,0,1,9,1,0,1,1,2,0,2,0,4,0,0,1,1,0,0,2,1,1,3,0,1,0,0,4,0,0,3,2,6,3,1,0,2,3,3,0,0,1,0,1,0,1,2,6,0,1,1,2,4,0,3,3,0,1,2,0,1,2,2,3,1,1,1,1,2,1,0,1,1,0,3,1,0,0,0,3,3,2,6,1,1,2,0,1,2,2,1,1,3,1,2,1,1,2,2,2,3,3,3,2,2,0,1,1,0,3,0,3,1,3,2,3,0,2,1,8,1,2,2,1,1,0,1,0,1,0,0,6,5,1,2,4,3,0,2,1,2,0,0,1,1,1,3,1,1,0,2,0,0,2,2,2,4,3,0,1,1,1,2,0,2,1,1,3,3,1,2,0,3,2,3,1,2,8,0,0,2,1,2,2,1,4,1,0,2,1,1,1,2,0,5,2,0,2,1,2,3,0,0,0,1,2,4,0,3,2,0,0,2,2,2,2,3,4,2,2,0
donor_11_cell_013,1,0,2,4,2,1,9,13,1,4,5,5,0,1,3,2,0,1,4,3,2,0,6,2,1,1,0,0,2,0,3,6,0,1,3,2,0,0,2,1,0,4,4,0,4,3,1,2,2,1,0,0,4,4,5,0,3,0,4,2,3,0,1,3,2,0,2,1,0,1,0,2,2,2,2,1,1,2,1,2,5,1,5,1,1,0,1,1,1,0,3,0,1,3,1,5,3,3,0,3,2,3,0,6,5,3,1,1,1,0,1,1,1,0,0,4,7,3,1,3,3,1,0,4,1,0,0,2,0,2,1,1,3,2,1,1,1,4,0,1,0,0,2,1,2,0,3,2,1,3,2,3,1,1,3,1,3,2,3,4,2,2,1,0,3,1,5,4,3,3,1,4,0,5,0,0,1,3,3,2,4,2,0,2,2,3,1,2,2,2,2,2,0,3,1,3,2,1,0,2,2,1,3,2,1,1,1,1,0,1,5,1,2,2,7,2,0,1,3,0,3,0,1,3,0,2,1,2,2,1,0,2,1,1,3,4,1,1,1,1,2,1,2,1,3,0,1,6,3,1,5,1,2,1,0,3,2,1,1,1,5,3,1,0,2,1,0,1,2,3,3,2,1,0,2,1,1,4,2,3,2,0,2,3,1,2,2,1,1,2,3,2,5,2,3,4,1,3,4,1
donor_11_cell_014,0,0,2,0,0,3,7,4,2,5,4,7,3,2,2,0,2,1,2,1,2,1,2,2,3,1,0,3,1,0,3,0,1,0,1,0,0,2,1,2,0,1,3,1,2,5,0,0,0,1,0,0,3,1,5,4,2,2,3,1,2,1,0,5,2,3,2,2,0,0,0,4,1,1,1,2,0,0,2,1,2,2,4,0,2,0,0,0,2,0,2,2,6,2,3,1,0,0,1,4,2,1,3,6,1,2,2,2,0,4,2,2,0,1,0,2,2,2,0,3,1,2,1,2,0,1,1,2,3,0,1,1,3,1,0,2,3,0,5,2,3,1,0,1,1,3,1,2,0,0,3,2,1,0,1,2,3,2,4,1,0,3,1,0,3,2,1,1,0,1,1,0,1,2,0,1,3,4,2,4,1,3,2,1,2,3,1,0,2,3,0,4,1,3,1,1,2,4,1,1,2,1,2,1,1,0,0,3,0,2,0,0,1,5,3,1,0,0,2,3,1,2,2,1,0,2,1,3,2,2,4,1,1,4,2,0,0,6,1,0,1,1,3,1,2,3,1,0,1,1,4,1,0,0,1,1,1,3,0,4,2,1,1,0,2,0,2,3,2,0,1,0,1,5,1,1,0,1,2,3,0,0,0,0,0,1,1,1,5,0,3,1,2,2,0,1,2,1,2,1
donor_11_cell_015,0,0,2,1,1,4,4,5,3,7,2,4,1,0,0,0,2,2,4,2,3,2,1,0,2,1,1,0,0,1,4,1,0,3,2,0,0,0,1,1,3,3,2,1,3,2,1,4,0,0,0,1,3,1,1,2,2,2,3,1,2,0,2,2,1,2,1,2,0,1,3,1,2,1,0,2,1,2,1,0,1,1,2,2,1,2,3,1,0,4,3,0,0,2,0,1,1,0,1,3,2,2,1,3,1,1,2,1,1,0,1,0,1,1,0,5,2,0,0,1,1,4,1,0,0,0,3,4,0,0,0,0,1,2,2,0,1,0,1,0,2,1,2,0,1,0,0,2,5,2,4,1,1,0,2,2,0,2,4,3,1,1,1,1,2,1,1,1,0,2,1,1,2,0,1,1,2,6,0,1,2,3,0,1,3,2,1,0,6,3,2,2,1,3,2,2,2,1,2,0,2,0,0,0,0,0,3,1,1,1,2,1,1,1,1,5,1,1,1,0,1,0,1,0,1,0,1,1,1,1,1,1,3,2,2,6,2,2,1,1,4,5,1,0,2,2,0,1,0,2,1,0,2,2,1,2,4,0,2,5,3,2,0,0,1,3,2,0,0,1,1,1,0,7,5,0,2,0,3,2,0,1,1,0,3,2,0,2,2,2,3,0,2,1,1,2,3,1,1,1
donor_11_cell_016,0,0,1,0,0,5,5,7,0,5,3,6,0,1,3,0,4,2,3,1,1,2,1,1,1,2,3,0,1,2,2,3,0,3,0,1,2,1,0,2,1,1,1,0,1,2,2,2,2,0,0,2,0,2,2,4,0,3,0,2,1,0,2,0,1,0,6,0,0,1,0,1,1,0,1,3,0,1,0,0,1,1,3,3,1,1,4,3,1,1,1,4,1,1,3,2,3,1,0,2,2,3,1,3,3,1,1,1,0,2,3,2,1,0,0,2,0,0,2,4,1,2,1,1,0,2,1,0,3,1,2,3,3,1,3,2,1,1,1,0,1,2,0,2,1,1,1,1,2,2,1,6,0,0,1,2,2,2,1,0,1,2,4,1,2,0,1,1,0,1,2,1,1,1,1,0,2,4,1,5,7,1,2,2,3,0,2,1,2,0,1,1,3,2,2,1,3,2,2,0,1,3,0,0,1,1,1,4,1,1,1,0,0,1,1,5,1,1,3,0,2,0,1,1,0,3,1,2,1,0,0,1,2,2,3,3,1,1,0,1,2,0,1,1,4,3,1,2,0,2,4,1,1,1,0,1,0,0,0,2,1,1,0,1,3,1,2,3,2,1,0,0,0,1,1,3,1,4,6,1,1,3,0,0,1,2,0,1,2,3,0,0,0,0,2,2,1,2,4,1
donor_11_cell_017,1,0,3,1,2,3,9,8,3,7,1,9,3,2,2,0,3,2,0,2,0,2,2,1,2,1,2,0,0,4,3,3,1,0,3,0,1,2,0,2,3,3,1,0,3,0,3,1,1,0,0,2,1,3,1,0,2,1,3,1,2,0,5,0,5,2,2,0,1,1,4,1,2,0,0,1,3,1,2,1,0,2,0,3,0,2,1,0,1,2,1,4,1,2,0,2,1,0,0,2,2,5,0,3,6,0,3,1,4,1,1,2,4,0,1,1,4,2,1,3,1,2,2,1,1,3,4,1,0,5,0,1,2,0,2,0,3,0,3,2,4,3,3,3,2,4,1,1,3,0,3,3,1,2,1,1,2,4,2,3,1,5,1,1,4,0,4,2,1,1,0,4,1,1,2,0,2,0,2,0,3,1,0,2,1,0,2,0,4,0,3,1,0,3,3,0,0,1,3,1,2,3,1,1,0,1,2,3,3,1,2,0,1,0,1,3,1,1,1,1,2,1,6,4,1,1,2,1,3,1,1,0,1,2,3,2,3,1,1,1,2,0,1,1,1,3,2,3,2,1,2,3,0,2,0,2,4,2,1,3,1,1,1,1,3,2,3,0,2,0,0,2,2,3,1,1,1,1,1,4,0,0,1,1,2,1,0,3,2,1,2,0,3,1,1,2,2,4,4,3
donor_11_cell_018,0,0,5,4,1,2,5,9,3,6,6,7,3,1,0,4,2,1,6,4,3,0,2,6,3,0,2,2,0,2,3,1,4,2,1,1,2,2,2,0,4,1,2,1,1,1,1,4,6,1,0,0,3,4,0,3,2,3,1,1,2,0,3,5,0,3,2,2,0,1,1,2,4,1,1,2,1,3,3,2,1,1,4,2,0,2,0,0,2,1,1,0,3,1,0,4,2,2,0,3,4,2,0,1,2,3,3,1,1,3,4,0,3,4,0,5,4,4,4,2,5,1,0,1,2,0,3,1,1,3,1,3,2,2,0,0,1,0,2,1,0,4,2,1,0,1,1,2,0,2,0,3,1,2,1,0,1,3,0,4,1,6,0,1,0,0,4,1,0,2,2,1,1,3,0,0,1,1,1,1,2,1,1,3,1,1,1,2,5,0,0,0,1,3,0,1,2,0,0,1,3,2,2,2,2,1,1,3,0,2,7,3,1,4,3,5,0,1,3,2,0,4,4,3,1,2,0,1,1,0,0,3,5,3,3,3,1,1,1,2,2,5,1,3,2,6,1,3,4,1,1,2,2,4,1,5,4,1,1,1,1,5,1,3,1,0,2,0,0,1,1,1,0,6,2,2,3,2,3,6,0,0,2,1,0,1,0,1,4,1,3,1,1,0,5,1,3,3,2,0
donor_11_cell_019,0,2,1,2,1,4,5,8,4,3,3,9,3,2,2,2,1,1,3,6,4,3,5,3,0,0,0,1,3,1,0,2,1,0,2,3,1,1,3,1,3,0,0,2,2,3,1,1,2,0,0,0,1,1,3,0,4,1,1,1,1,1,1,2,5,3,2,4,3,1,4,0,0,4,1,1,0,0,1,1,1,3,3,1,0,2,3,2,1,2,1,4,2,0,0,1,2,1,0,4,3,0,1,0,1,3,2,5,0,4,1,1,0,2,2,0,1,1,2,2,1,2,2,2,2,2,1,1,0,3,5,1,3,0,2,2,4,2,5,0,1,1,1,1,0,0,1,3,1,2,3,3,0,4,1,5,0,5,2,2,0,3,3,2,0,0,2,5,2,2,3,3,1,2,2,0,2,2,1,6,3,2,1,2,3,3,0,0,4,0,2,2,1,3,2,1,5,4,0,3,3,2,1,0,0,3,4,4,2,1,2,3,0,4,0,4,2,3,1,0,1,2,3,3,1,2,1,3,2,1,4,1,3,1,2,2,1,5,0,1,2,2,2,1,4,3,0,1,2,0,1,2,2,2,1,3,3,1,2,2,0,1,2,0,4,0,0,2,1,1,1,3,1,4,3,0,2,2,2,4,3,0,1,2,3,3,1,3,1,0,2,0,3,3,0,2,5,5,1,2
donor_11_cell_020,1,1,1,2,0,3,6,9,0,6,1,7,7,0,3,1,3,1,6,0,1,0,1,2,0,2,1,0,2,3,2,1,3,1,0,0,0,2,2,2,2,2,0,0,6,1,2,1,4,0,1,0,2,6,1,0,3,1,1,0,4,3,2,1,0,2,2,0,1,2,0,1,0,0,0,1,1,2,3,4,0,1,2,0,3,1,1,2,1,4,1,0,1,1,2,4,1,1,1,3,3,3,3,2,2,4,1,2,0,1,3,1,3,8,1,1,0,3,3,1,4,3,3,1,0,3,1,1,1,1,1,3,3,0,2,0,3,2,0,0,3,0,4,2,1,1,2,1,3,0,0,3,0,1,1,3,1,2,5,3,3,2,4,0,1,0,4,1,0,5,1,2,1,2,2,1,2,2,2,0,1,1,1,0,2,3,2,0,2,0,3,0,1,1,0,1,0,1,0,0,2,3,1,1,0,1,0,1,0,4,1,1,3,2,1,1,0,1,3,1,2,2,2,5,0,3,1,1,1,1,2,1,3,3,1,0,0,5,0,1,1,3,1,2,2,0,0,3,0,2,0,1,2,1,2,3,3,1,1,4,2,3,1,2,3,1,2,2,1,1,0,1,1,4,0,2,1,2,4,2,1,0,0,1,2,1,1,1,2,1,1,0,4,2,2,0,1,3,3,1
donor_11_cell_021,1,1,1,4,2,3,7,6,3,3,3,2,3,1,1,1,1,1,4,2,0,0,0,2,1,1,1,0,2,0,0,3,1,1,2,2,2,0,0,5,1,5,2,3,1,4,0,0,1,2,0,3,1,1,1,0,1,2,4,2,3,3,2,2,4,2,0,0,1,1,2,1,2,1,0,2,2,2,0,3,1,0,0,1,0,0,2,2,1,1,2,2,3,1,0,2,2,1,1,6,1,0,4,2,0,3,1,3,0,2,0,0,1,3,2,5,1,0,0,3,1,1,1,1,0,1,0,4,0,2,1,1,1,2,1,0,2,2,3,0,2,0,1,3,1,2,1,2,2,1,1,1,2,3,0,3,2,1,1,1,2,0,2,0,1,1,1,1,0,2,1,1,1,2,0,1,1,3,4,2,0,3,1,0,0,1,1,1,4,0,3,1,0,1,0,2,2,5,3,2,3,0,0,0,1,2,1,3,2,1,1,3,0,2,3,1,1,0,2,2,1,1,1,1,0,1,0,3,2,0,1,2,2,2,1,2,4,2,3,2,1,0,1,0,5,3,1,0,1,0,0,4,1,5,2,2,1,0,0,1,2,1,3,1,1,1,0,1,1,0,1,1,2,2,1,0,0,0,2,3,2,0,1,1,3,1,0,0,0,2,2,0,4,2,0,3,0,0,0,1
donor_11_cell_022,0,0,0,2,0,0,6,7,0,5,3,8,2,1,1,1,0,3,3,1,2,0,4,3,0,2,1,2,0,0,0,4,0,0,2,2,2,2,0,0,2,1,1,2,3,1,2,0,1,0,0,0,1,1,1,2,4,0,1,0,2,2,0,1,1,0,2,1,3,1,1,2,4,2,2,0,2,2,2,7,1,0,1,2,1,1,0,1,1,0,2,6,3,2,0,1,2,0,1,7,3,4,4,1,1,3,1,1,0,4,1,2,2,1,0,4,4,0,1,4,5,2,3,1,1,2,0,2,1,1,3,4,0,1,2,1,1,0,1,0,0,1,1,1,1,0,0,3,0,0,1,3,2,1,1,0,2,3,1,3,2,4,3,1,1,1,1,1,2,0,0,1,2,1,2,0,1,2,1,2,4,2,0,1,0,3,1,0,1,1,0,1,1,1,3,0,3,3,1,0,3,1,0,1,2,1,0,1,0,3,2,0,2,2,2,2,1,0,1,0,4,1,2,3,0,2,2,2,1,2,1,1,1,2,1,4,3,3,0,3,4,1,0,1,0,3,1,2,2,1,2,1,2,4,1,3,4,0,1,2,1,0,0,2,3,1,2,2,0,2,0,1,0,3,0,1,1,1,1,1,2,1,0,0,0,1,3,0,3,2,2,1,2,2,1,1,1,1,1,0
donor_11_cell_023,0,0,2,3,1,2,3,9,1,6,4,5,1,1,0,1,1,1,2,2,5,1,2,4,3,0,2,1,1,1,2,2,1,3,1,1,0,0,2,3,2,1,2,0,1,3,0,1,2,0,2,0,2,0,4,2,1,1,0,0,5,0,0,2,2,6,1,1,0,1,3,3,1,2,1,2,0,1,0,2,1,2,1,1,0,5,1,0,0,1,2,1,0,1,3,1,1,1,2,1,1,3,1,2,1,1,0,3,1,1,2,1,0,3,0,7,3,1,0,2,3,2,0,3,1,1,1,0,2,2,2,1,3,3,1,2,3,3,0,0,4,2,2,0,1,1,1,0,2,0,1,3,1,1,2,2,3,4,3,1,2,3,0,2,1,1,2,0,2,4,2,1,1,0,0,2,2,4,1,1,2,1,1,0,4,3,1,2,0,0,3,0,1,1,0,0,0,2,3,1,1,2,1,2,2,1,3,0,1,0,2,1,3,4,0,3,4,1,1,0,0,1,5,4,0,5,0,0,0,3,1,2,3,1,4,4,2,1,0,3,4,0,1,1,3,2,4,3,1,1,2,3,1,2,2,5,0,1,1,1,0,0,3,2,4,0,2,1,1,1,0,1,0,3,0,1,1,3,1,2,1,3,2,2,1,3,0,1,2,4,1,1,3,2,2,2,0,2,3,0
donor_11_cell_024,1,0,5,4,2,1,7,12,1,8,3,4,3,1,3,1,1,1,3,0,4,2,1,2,1,0,3,0,0,1,3,1,0,3,0,1,0,3,0,3,1,1,4,1,2,3,1,1,1,0,0,0,1,2,1,0,0,6,1,2,1,0,2,2,3,0,1,0,1,0,1,1,0,1,0,1,1,2,1,2,2,1,1,0,2,1,3,0,0,1,1,2,1,1,0,1,1,2,1,0,4,2,2,0,1,1,1,3,1,3,4,0,1,0,2,3,3,2,2,3,2,2,1,0,0,0,3,1,3,3,2,2,4,3,2,1,2,1,1,1,4,1,4,0,3,1,1,1,1,0,0,1,0,0,0,0,1,3,1,1,1,3,0,0,5,1,0,1,1,4,1,2,2,1,2,1,2,3,2,1,2,3,1,1,3,1,0,0,2,1,4,0,2,3,4,1,0,0,1,0,3,4,3,0,2,1,0,1,0,2,3,0,1,2,1,1,0,0,5,0,1,1,0,3,0,2,0,1,4,0,1,1,2,1,4,3,2,1,0,1,3,0,2,0,1,5,1,3,1,0,1,2,0,2,2,1,4,2,0,1,0,2,0,2,0,1,2,0,1,1,1,2,0,1,1,3,3,1,3,0,0,2,0,1,1,3,1,1,1,1,1,1,2,0,5,4,0,2,2,0
donor_11_cell_025,0,1,3,3,1,1,7,12,1,2,8,4,2,1,1,0,3,3,3,3,2,1,5,4,3,0,1,1,0,1,1,3,2,1,1,1,1,2,0,2,3,0,2,1,4,2,3,1,0,3,0,0,3,4,3,3,0,3,2,0,1,4,1,2,3,0,1,1,0,1,1,3,0,1,4,2,4,2,0,0,2,2,1,1,0,2,2,1,0,3,1,4,1,4,2,3,2,2,2,3,1,1,0,3,1,0,1,1,1,0,2,1,1,0,1,0,1,4,0,5,1,3,1,2,1,3,0,3,1,2,2,5,2,0,3,0,0,0,4,0,2,1,2,1,1,1,1,1,0,1,0,3,3,3,1,1,3,3,0,5,1,5,2,2,1,0,4,2,2,3,0,2,3,1,1,2,1,1,4,5,0,0,1,2,1,2,1,1,1,2,3,3,0,3,0,1,2,1,0,1,1,0,0,1,1,0,1,3,1,1,2,1,0,4,2,2,0,0,4,2,0,2,3,5,3,4,0,5,1,1,1,4,4,2,4,4,3,5,0,1,1,0,2,0,0,2,1,0,3,2,1,4,2,0,3,1,0,1,1,2,2,0,1,1,3,1,0,1,0,1,0,0,0,1,2,4,2,1,1,0,1,1,0,3,1,1,0,2,2,1,2,1,3,2,2,2,4,5,2,1
donor_11_cell_026,0,1,0,4,1,2,7,14,4,7,3,10,0,4,2,2,5,1,3,2,1,3,5,1,2,1,0,1,2,1,3,1,3,5,2,2,3,0,2,3,1,1,2,2,0,2,0,2,3,1,0,1,4,5,5,4,4,2,0,2,0,0,3,2,3,1,0,0,1,1,0,1,0,0,0,4,3,2,0,2,3,0,2,5,0,1,2,1,1,3,0,5,2,1,2,1,1,0,1,2,4,1,1,5,5,5,3,1,0,4,1,3,3,2,1,4,5,3,2,1,4,1,2,2,1,2,0,2,1,0,2,2,3,1,5,1,2,4,1,2,0,3,1,5,1,2,2,0,0,0,8,3,2,3,0,5,4,0,1,4,0,11,1,0,3,4,4,2,3,4,4,1,3,5,0,1,1,3,0,0,0,4,3,2,4,4,0,3,4,2,2,3,0,5,4,0,3,1,3,3,1,0,2,0,1,2,2,6,0,0,1,2,0,3,1,3,1,1,3,2,3,7,3,4,1,4,0,3,4,2,1,5,1,6,1,4,0,3,2,1,1,2,1,3,2,4,0,4,2,1,2,4,4,2,2,2,2,0,2,1,1,1,3,0,3,2,2,1,1,1,3,1,1,5,3,2,1,1,1,1,1,2,1,0,1,0,2,0,3,0,2,0,6,0,3,3,2,2,4,2
donor_11_cell_027,0,0,2,0,1,4,11,8,6,2,3,11,5,2,3,2,0,1,0,1,3,0,2,2,1,3,0,2,0,1,1,4,0,2,2,0,1,1,1,1,1,3,4,0,4,2,4,4,0,1,0,3,1,3,1,0,3,6,0,1,2,0,2,3,0,4,1,0,3,3,1,4,0,1,0,3,0,0,2,1,4,0,3,1,1,2,1,2,2,1,2,2,2,1,0,1,1,1,0,3,1,2,3,2,2,5,0,1,2,1,1,0,1,1,1,4,0,2,1,3,1,1,0,5,1,1,2,0,1,1,2,4,2,1,5,1,3,2,1,1,4,1,2,1,3,1,1,1,1,1,3,4,1,1,1,2,0,3,3,4,1,3,2,0,2,0,4,0,1,2,0,0,0,3,0,1,0,9,3,2,3,0,6,0,3,1,1,0,3,1,2,1,1,2,1,0,2,0,1,1,0,2,2,3,1,2,1,4,2,1,3,1,2,1,1,2,3,0,4,1,1,1,1,0,2,2,1,2,3,0,0,5,2,1,2,1,1,4,0,0,1,2,1,2,1,0,0,2,1,1,4,3,0,2,1,1,2,1,0,1,3,0,1,1,3,1,2,0,1,2,0,0,3,3,0,1,2,0,1,0,0,3,2,1,6,1,0,1,6,1,2,1,6,0,1,3,3,2,3,2
donor_11_cell_028,0,0,1,2,2,0,7,6,2,5,6,8,4,4,1,0,2,2,2,1,3,1,1,1,2,1,1,0,1,3,3,1,3,1,2,2,0,3,2,5,3,1,1,1,1,2,3,1,1,2,1,1,3,1,1,3,2,2,0,0,4,2,1,6,1,0,2,1,0,3,1,2,1,2,0,1,1,1,2,1,1,2,4,0,0,0,5,2,0,0,0,0,2,1,1,0,2,1,3,3,3,0,2,1,4,7,0,1,1,5,0,1,0,3,0,3,5,2,1,1,1,2,2,0,0,1,1,2,2,3,2,4,0,0,2,0,1,1,3,1,0,0,0,1,1,1,1,2,0,2,1,0,1,3,1,3,3,5,1,3,2,6,0,0,1,0,4,2,1,2,1,0,0,2,0,2,2,3,2,1,2,1,1,3,1,2,1,0,4,2,3,0,0,3,1,1,0,1,0,0,4,2,3,1,1,1,0,2,0,1,1,1,1,0,1,5,1,3,3,0,2,3,0,3,1,2,0,0,1,2,2,1,2,2,3,0,0,1,1,0,1,4,0,1,2,1,2,0,3,0,1,3,2,0,2,2,2,1,1,1,1,1,3,0,3,1,3,3,0,1,2,0,0,1,0,2,1,0,1,1,2,1,2,1,2,2,2,0,0,0,1,0,2,1,3,4,2,2,3,1
donor_11_cell_029,0,0,3,2,1,3,7,7,4,1,3,8,5,3,2,1,1,1,2,2,0,0,5,4,1,3,0,1,2,1,0,2,0,1,1,2,2,1,2,1,0,0,1,1,2,0,3,1,0,0,1,1,5,1,1,2,0,2,0,3,3,2,2,1,1,1,3,0,1,2,1,2,2,2,0,0,1,2,0,2,2,1,1,0,0,0,3,0,1,0,0,1,0,1,1,2,1,2,3,3,2,1,3,1,3,1,0,0,0,1,1,0,1,4,0,2,2,1,2,1,3,3,1,0,0,1,0,0,0,1,1,3,0,3,2,0,6,0,0,2,0,1,1,2,1,1,1,3,5,1,0,4,1,1,0,1,1,2,1,3,0,3,0,2,0,0,2,0,2,2,1,1,0,0,0,0,0,6,1,1,0,2,2,1,0,3,0,0,1,1,0,0,1,3,1,0,1,3,1,1,2,3,2,1,1,1,0,1,0,1,1,4,0,0,3,1,1,0,0,0,1,0,0,2,1,1,0,2,0,1,1,0,1,3,0,3,0,1,1,1,2,2,1,1,2,4,0,2,2,1,2,2,1,2,1,1,1,4,0,3,0,2,0,0,2,1,2,0,0,1,2,0,0,1,1,0,1,1,2,4,1,2,3,0,1,3,0,2,0,1,2,0,2,0,3,4,2,5,0,1
donor_11_cell_030,2,0,1,3,1,6,3,6,2,2,4,8,4,1,0,1,1,0,1,0,2,0,3,2,2,2,3,0,1,5,2,2,1,1,2,1,3,1,1,3,0,1,5,1,1,4,0,0,2,1,2,2,2,2,0,3,3,2,1,0,0,0,2,4,2,1,0,0,0,1,0,1,3,1,0,2,1,3,1,4,3,1,2,0,0,1,3,2,2,1,1,4,1,0,2,1,2,0,1,3,0,2,0,0,1,3,1,2,0,2,1,1,4,2,0,2,1,1,1,5,3,1,2,2,1,0,1,2,0,0,2,2,1,2,1,0,0,0,2,0,3,1,3,2,2,2,2,4,2,0,4,2,1,1,0,1,2,3,0,3,2,1,1,2,0,0,5,2,2,2,3,0,2,0,1,0,2,5,3,2,0,4,2,1,2,0,1,2,1,0,3,3,0,0,1,1,3,2,2,2,1,2,3,1,0,1,1,0,0,4,3,2,0,6,1,3,3,1,4,0,2,0,2,1,0,1,0,1,1,3,1,2,1,2,2,4,3,4,0,0,1,1,0,0,2,0,0,1,1,2,3,2,1,2,1,2,0,0,0,2,0,1,1,0,3,2,0,0,0,1,0,1,1,2,0,3,2,0,1,0,0,1,1,2,2,1,2,1,4,1,1,0,2,1,1,2,1,3,0,2
donor_11_cell_031,1,0,2,4,0,5,5,12,2,5,1,12,0,0,0,1,4,0,2,0,2,0,3,0,3,1,4,1,1,0,6,2,0,2,2,1,1,2,0,1,0,6,2,4,2,5,2,1,3,0,0,0,3,2,5,1,2,0,1,2,4,1,2,2,1,2,2,1,1,4,2,0,1,3,1,1,1,5,3,2,2,2,0,0,0,0,1,0,3,4,3,2,1,4,1,1,2,1,1,3,7,4,1,3,2,3,0,3,1,4,2,1,1,0,0,4,3,2,0,0,2,0,3,3,3,1,1,1,0,3,1,2,1,1,1,0,2,3,1,0,0,0,1,2,1,1,0,3,3,0,1,3,3,3,0,4,0,7,3,3,0,0,0,1,5,1,2,4,1,3,3,0,0,2,1,1,3,1,2,1,2,1,2,1,2,3,1,2,0,1,2,3,2,5,1,0,2,4,0,0,3,4,0,0,1,2,2,5,2,4,3,2,1,1,3,1,2,0,0,1,1,2,2,2,2,6,1,0,1,0,0,2,4,1,3,0,3,5,1,0,4,3,1,2,1,3,1,2,1,1,1,4,1,1,1,2,2,2,3,2,0,2,1,3,3,3,0,2,2,2,0,0,4,2,2,0,2,2,6,2,0,0,1,1,1,1,0,0,2,2,4,1,2,2,4,1,2,5,0,0
donor_11_cell_032,0,0,2,4,1,3,3,4,3,12,3,7,1,0,1,1,1,1,4,1,0,1,1,1,2,0,1,0,0,1,4,1,3,3,4,1,1,0,1,0,1,1,1,2,1,2,1,0,0,0,1,1,1,1,3,2,4,1,2,0,2,2,1,1,1,2,3,1,4,1,0,0,2,1,1,4,2,1,1,2,1,3,2,2,1,0,0,1,0,2,0,0,1,2,1,0,1,1,1,1,1,3,2,3,3,4,2,2,0,2,0,1,0,2,2,1,3,2,2,1,5,1,1,0,0,1,2,1,1,2,0,4,1,4,3,3,5,1,1,0,2,0,1,2,0,2,0,4,1,0,2,3,0,0,1,1,2,3,1,3,0,2,1,2,3,0,1,0,1,5,2,0,1,1,1,1,1,2,1,1,3,0,1,0,0,0,1,0,1,1,4,3,2,2,2,1,1,1,1,3,1,1,1,1,1,0,0,2,1,5,1,3,0,4,0,1,1,1,1,2,2,0,2,1,3,3,0,3,0,0,0,0,3,3,3,3,2,2,0,0,4,1,1,1,1,2,0,0,2,3,1,4,1,2,1,3,1,1,0,2,0,3,2,0,2,0,2,1,0,1,1,0,0,0,0,0,1,1,0,2,0,0,3,0,3,0,1,1,0,0,1,2,1,2,3,0,4,2,1,1
donor_11_cell_033,0,0,4,3,0,4,6,4,3,3,4,13,0,2,2,2,4,0,1,1,0,3,3,3,1,3,2,0,0,2,1,3,1,0,0,1,0,1,3,2,1,2,2,1,0,2,2,2,3,1,0,0,2,1,4,3,1,0,1,0,2,3,1,2,1,3,3,1,1,1,2,1,1,2,0,2,1,1,2,4,1,2,2,2,0,0,0,1,1,0,2,1,1,1,1,2,2,0,2,4,4,2,3,3,1,4,1,1,2,1,0,1,1,1,1,1,4,3,0,2,3,3,0,1,2,1,1,1,1,1,0,3,0,1,1,1,1,1,4,0,0,3,2,3,1,2,1,1,1,1,0,2,0,1,2,0,5,0,5,1,0,2,1,0,1,4,1,0,2,4,1,1,3,1,2,0,1,6,2,1,4,0,0,2,4,1,1,1,0,2,3,3,2,1,0,1,2,4,2,1,5,1,1,0,0,1,1,2,0,5,1,0,1,2,1,0,1,0,2,2,2,1,2,2,0,2,1,2,0,0,1,0,0,2,3,2,1,1,1,2,4,3,3,5,1,2,2,2,5,2,5,4,2,0,0,0,1,1,1,1,0,1,1,2,3,0,1,0,3,0,0,0,0,2,1,2,0,1,3,2,0,0,1,0,0,0,3,1,3,0,3,2,2,0,2,3,0,5,5,4
donor_11_cell_034,1,1,5,4,2,2,8,5,4,3,5,5,4,2,0,1,3,2,1,2,2,0,2,2,1,1,4,0,4,3,5,2,1,2,4,4,1,0,0,1,2,1,1,1,1,3,0,1,3,0,1,0,1,2,2,4,2,5,4,3,0,1,2,5,1,1,2,1,0,2,3,2,0,1,1,1,1,0,2,2,1,2,6,1,1,2,3,1,1,2,1,1,2,3,0,3,0,1,1,1,3,1,0,3,2,3,0,3,1,3,1,1,0,1,0,4,2,3,0,1,3,4,2,3,0,0,1,0,0,3,3,3,1,2,3,4,6,1,3,1,1,1,2,3,4,2,4,2,3,0,2,2,4,2,0,2,3,2,4,3,1,2,0,0,3,0,3,1,1,3,2,0,3,2,1,2,2,2,3,2,3,0,1,2,2,1,0,1,5,0,1,3,0,1,0,2,5,1,2,2,2,2,0,1,1,2,0,9,1,1,2,0,4,2,1,1,0,1,2,1,0,1,0,2,1,3,0,2,0,0,0,1,3,0,5,3,2,0,1,1,3,2,2,5,3,2,2,0,3,5,2,3,2,2,1,2,2,0,0,1,0,3,2,0,1,1,0,1,0,0,0,1,1,2,3,2,1,0,4,3,2,1,1,4,4,0,2,1,2,0,4,0,2,3,5,4,1,2,3,3
donor_12_cell_000,0,0,2,0,0,1,2,1,0,0,0,1,1,2,0,1,1,0,2,1,0,2,2,1,0,0,2,3,0,1,0,1,1,0,2,1,1,3,0,1,2,0,1,0,1,0,0,0,1,0,2,0,1,4,2,1,2,0,0,0,1,1,2,3,1,0,1,0,0,1,1,1,2,1,0,1,1,1,3,1,0,0,0,0,3,2,1,2,0,0,0,1,1,0,0,1,1,0,1,1,3,0,1,3,1,2,0,0,2,3,0,0,0,2,0,1,1,3,0,1,1,1,1,1,0,3,3,2,1,0,0,0,0,0,0,3,1,3,2,1,0,0,1,0,1,0,1,4,1,1,0,2,0,1,0,0,0,3,0,3,0,2,2,2,0,1,4,0,2,2,1,1,0,1,0,0,0,1,1,1,1,5,0,2,1,3,2,1,2,0,0,0,0,0,0,0,0,0,0,1,1,5,0,1,2,3,1,2,0,2,0,0,0,1,6,1,0,0,2,0,1,1,0,3,1,1,1,0,1,1,0,1,3,0,2,4,1,1,1,1,3,2,3,1,1,3,4,0,0,1,0,1,1,1,0,2,0,0,1,3,0,1,0,0,2,1,0,0,0,0,0,0,2,2,4,0,0,1,1,1,0,2,0,1,1,0,0,2,1,1,0,1,2,3,1,2,2,0,1,1
donor_12_cell_001,1,0,1,3,0,1,2,2,1,2,1,3,1,2,3,2,2,1,2,2,3,2,7,1,5,2,2,0,0,2,1,3,0,0,3,4,3,2,1,0,1,3,0,1,2,1,2,3,4,2,0,2,2,4,0,5,2,1,0,1,6,1,5,3,2,3,2,1,3,2,3,5,4,5,0,1,2,1,2,4,1,2,1,4,2,0,4,2,0,1,2,1,4,2,2,2,1,1,0,8,4,3,1,7,4,5,3,0,0,3,6,1,0,2,0,1,2,2,1,2,4,3,1,3,0,2,5,2,1,3,2,4,2,3,3,0,3,3,3,0,3,2,4,1,5,2,1,0,1,0,1,2,0,5,0,0,0,2,1,4,1,1,0,0,1,3,0,1,3,1,3,2,1,2,0,1,2,6,1,5,3,3,1,2,3,6,1,1,2,2,3,0,1,3,0,1,3,1,1,2,1,5,2,1,0,0,0,2,0,0,5,4,1,3,3,6,2,2,1,2,2,4,1,6,2,2,2,7,3,1,2,2,3,0,8,2,4,1,1,0,2,1,2,3,0,2,5,2,2,0,2,4,0,2,1,1,1,1,1,0,1,1,1,2,1,0,2,0,0,1,1,0,2,2,1,2,2,1,1,1,1,3,1,0,2,2,0,3,1,0,2,0,6,0,1,1,5,3,3,5
donor_12_cell_002,0,0,2,3,2,1,3,2,0,0,1,1,1,3,0,2,3,0,1,1,1,3,2,4,0,3,1,1,0,3,2,2,3,2,1,0,0,2,2,0,1,2,5,1,1,1,0,0,4,0,2,0,3,2,3,3,1,2,2,2,1,2,1,3,3,2,1,1,1,1,0,3,5,3,2,3,1,3,3,1,0,0,1,0,1,0,5,1,1,3,1,1,1,1,1,1,4,0,0,3,4,2,1,4,8,2,1,2,0,3,2,1,0,4,4,5,0,2,3,1,3,1,0,0,2,3,1,2,0,2,0,3,2,1,2,0,0,1,2,1,1,0,1,2,5,1,2,5,1,0,4,3,0,2,1,3,1,0,1,2,0,4,1,2,3,0,1,1,0,1,2,1,1,0,1,1,0,3,2,0,5,1,2,3,2,1,2,0,1,1,2,0,3,1,2,0,2,2,1,0,3,2,0,1,1,0,1,1,2,1,0,0,1,4,2,1,2,0,3,3,2,6,2,2,1,2,1,0,2,1,0,3,3,1,0,2,1,2,1,1,1,1,1,1,1,3,1,0,0,1,3,5,1,1,0,5,2,2,3,1,0,2,0,0,0,2,0,0,1,1,1,2,1,0,0,4,1,0,2,0,0,0,3,1,2,1,1,0,2,0,2,1,4,4,1,2,1,1,4,1
donor_12_cell_003,0,0,1,1,0,3,0,3,0,3,0,1,3,3,2,2,4,0,2,4,2,3,0,0,2,0,1,1,0,0,4,4,1,0,0,1,2,2,1,4,2,1,8,2,2,6,6,1,0,1,0,0,4,3,3,3,0,3,3,4,5,1,2,3,3,1,3,1,0,0,2,1,7,1,0,0,3,0,4,4,1,1,1,1,2,1,0,2,0,1,2,3,2,1,1,3,3,0,1,2,2,2,0,1,1,1,1,3,2,4,0,1,0,0,1,1,1,4,2,1,3,1,1,2,2,1,3,2,0,0,0,2,2,2,2,1,2,2,4,0,3,2,1,1,4,1,1,2,4,0,4,3,2,1,0,3,3,0,1,1,2,5,1,0,1,3,0,2,1,0,0,2,1,3,3,2,3,1,1,2,3,7,4,2,4,1,1,3,1,2,3,0,0,3,0,0,1,3,1,3,2,1,0,1,0,2,2,2,0,3,0,2,0,1,3,4,2,0,1,1,2,1,1,1,0,3,2,2,3,1,4,1,1,3,1,2,1,1,2,0,1,0,1,0,0,1,2,0,0,2,0,1,2,2,2,4,1,0,1,0,2,0,2,0,5,2,0,2,1,0,1,1,0,0,1,0,4,2,5,1,2,2,1,2,3,1,2,1,1,0,5,0,4,0,1,0,7,2,5,0
donor_12_cell_004,0,0,1,1,1,1,4,2,0,2,3,3,1,1,0,1,0,1,2,0,1,1,0,1,0,0,1,1,0,0,5,0,1,0,1,3,1,1,0,0,0,2,2,1,1,3,2,0,1,1,0,2,0,2,1,3,0,1,1,1,2,0,0,2,0,2,0,0,0,1,1,0,1,1,0,0,2,1,3,1,2,1,5,0,0,4,2,0,0,0,0,2,1,0,1,3,1,1,1,1,3,2,0,3,3,3,0,1,1,2,2,3,0,3,2,1,2,1,1,1,0,0,1,0,0,1,0,1,1,1,0,4,0,1,1,0,2,1,0,0,5,1,0,0,3,0,1,1,1,0,2,2,1,3,2,2,0,2,3,2,1,3,1,0,1,1,3,1,1,1,1,0,1,0,2,0,1,5,1,2,2,1,2,1,3,2,0,1,1,1,6,1,1,1,1,3,3,3,2,1,0,1,0,1,1,0,1,1,0,2,4,0,1,0,3,2,1,0,1,2,0,3,0,2,0,2,0,1,0,0,0,2,2,2,0,1,1,0,0,0,2,0,0,1,3,1,4,3,0,0,0,0,2,1,1,4,0,0,0,2,2,2,0,1,3,2,1,1,2,1,0,1,0,1,4,0,0,1,0,2,1,1,0,0,2,2,0,0,5,0,3,2,1,0,1,0,1,3,3,1
donor_12_cell_005,1,0,1,4,3,4,5,0,0,0,1,3,2,1,1,2,1,1,2,0,2,0,4,2,1,1,5,0,3,4,0,1,1,2,1,1,1,4,1,3,2,1,1,1,4,2,1,2,3,1,2,1,0,3,0,3,1,1,0,0,4,1,1,3,2,5,1,2,1,1,3,2,6,1,1,2,3,0,3,2,2,1,3,1,2,1,1,0,0,3,3,0,2,1,0,5,2,0,0,0,1,0,2,2,2,0,2,1,0,2,3,1,4,4,3,6,4,2,1,3,3,1,0,3,0,1,0,1,0,2,0,2,4,0,4,1,2,3,2,2,5,4,2,1,1,1,1,3,3,2,1,2,2,3,0,5,1,2,0,3,2,0,1,0,3,2,2,3,3,0,4,1,2,5,0,0,1,1,2,2,2,1,2,3,1,0,0,1,1,3,1,4,1,3,2,1,1,3,1,5,0,2,2,3,2,4,2,0,2,2,4,6,0,4,2,1,0,1,2,3,4,3,2,2,0,0,3,2,2,0,1,2,2,3,3,5,1,2,1,0,1,1,2,1,4,5,2,1,0,2,3,2,1,1,2,0,1,0,2,3,1,1,3,3,1,1,2,2,0,0,0,0,1,2,3,2,1,0,4,3,0,0,2,0,3,3,1,2,3,2,0,2,2,3,3,2,1,0,3,2
donor_12_cell_006,0,0,0,1,0,4,2,0,0,0,1,2,1,2,0,2,1,0,2,3,2,1,3,2,4,0,2,1,2,3,1,1,0,1,2,1,0,2,3,1,2,2,1,2,3,3,0,2,4,1,4,0,4,2,3,1,2,2,0,1,1,1,0,0,1,2,2,0,2,2,0,0,1,2,0,2,0,0,1,3,1,2,1,1,0,1,1,2,1,4,1,4,3,1,1,5,0,0,0,4,2,1,1,0,0,1,0,1,0,4,1,0,0,3,1,1,4,0,1,1,1,3,0,1,0,0,2,2,2,1,0,3,2,2,2,0,1,3,1,3,0,2,2,1,1,1,1,2,3,2,4,2,1,0,1,0,1,2,1,0,1,0,0,2,0,1,1,2,0,2,2,5,1,1,0,2,1,2,1,2,3,3,0,1,0,3,0,2,4,0,1,1,2,2,1,1,4,0,1,2,2,2,2,1,1,0,2,1,0,0,1,0,1,3,2,1,1,2,3,1,1,0,3,1,3,0,0,1,3,1,1,0,0,1,2,3,4,1,0,1,4,2,2,1,1,3,3,1,1,2,3,1,2,0,1,4,1,1,1,2,1,0,0,1,0,1,0,0,0,1,3,1,2,0,2,0,1,1,2,2,0,3,0,1,0,1,2,2,3,0,1,1,2,1,1,3,6,1,0,0
donor_12_cell_007,0,1,1,5,1,3,1,3,0,1,3,1,4,4,0,0,3,0,0,0,1,0,5,1,1,0,2,1,0,1,0,2,1,0,2,0,1,2,0,2,0,0,2,1,2,1,0,1,2,3,4,0,4,4,2,2,0,1,0,0,1,1,0,3,1,1,2,0,3,5,4,1,1,3,1,1,2,0,0,1,1,1,2,0,1,1,1,1,1,2,1,2,1,1,1,0,1,1,0,2,2,2,0,2,2,3,1,1,0,4,3,2,0,2,0,1,2,1,1,1,2,2,0,1,0,1,1,1,0,0,1,3,4,2,2,0,2,0,1,2,1,6,1,0,1,0,0,4,1,1,3,1,1,1,1,2,1,1,2,0,1,1,1,0,2,3,1,2,5,3,3,2,0,2,0,1,2,2,6,2,2,2,2,4,4,1,1,3,1,5,3,1,1,0,1,1,0,4,0,1,1,1,0,0,0,0,3,4,1,0,2,0,0,0,1,3,2,0,1,2,0,2,2,4,2,0,1,1,0,0,0,3,3,0,3,3,0,1,4,2,3,1,0,4,1,0,1,1,5,1,2,2,1,0,1,1,2,1,0,3,1,2,0,3,3,0,1,1,2,1,1,0,0,1,2,2,2,1,2,4,0,0,0,1,1,1,1,3,2,0,1,2,1,2,2,2,2,2,2,4
donor_12_cell_008,0,0,5,2,1,1,2,1,0,0,0,1,2,3,1,1,3,1,0,3,2,2,3,0,4,2,3,0,0,0,1,1,1,3,0,0,0,0,0,4,2,4,4,1,0,0,0,1,1,1,1,0,1,3,2,0,1,4,2,1,4,6,2,1,1,1,3,0,1,2,0,0,4,2,1,3,3,3,1,3,2,3,1,1,1,1,0,3,0,2,3,4,0,2,1,2,1,0,1,2,1,1,0,2,1,3,3,1,1,0,1,2,0,0,1,2,1,4,1,2,1,0,3,1,3,2,2,0,0,1,1,1,3,1,2,0,1,3,6,1,0,1,2,4,2,4,2,3,2,0,3,1,3,0,1,1,1,2,3,2,0,2,2,0,1,1,3,3,1,4,2,2,3,2,2,1,4,1,2,2,1,3,2,1,3,4,1,1,1,1,6,1,1,3,3,0,4,1,1,0,2,0,0,2,2,2,2,3,1,0,3,1,1,2,3,2,1,0,2,1,1,1,6,2,0,1,1,2,2,0,1,0,5,0,3,4,4,0,0,1,2,1,3,2,1,1,2,4,3,4,1,3,0,1,3,1,1,0,2,2,0,2,2,2,2,1,0,2,0,1,0,0,0,0,0,1,3,1,3,4,1,1,1,2,0,2,1,0,2,1,3,0,4,1,2,2,1,0,4,4
donor_12_cell_009,1,0,1,0,0,6,5,1,1,3,1,3,1,0,2,2,0,0,3,2,3,7,3,2,0,1,0,1,2,1,0,1,1,2,1,1,1,1,2,2,3,2,0,3,3,2,1,2,2,2,0,1,1,4,2,1,1,0,2,2,3,1,2,3,2,5,2,2,3,2,1,0,3,1,0,1,0,2,3,1,3,4,1,0,3,2,3,3,1,2,1,2,0,0,2,0,2,0,0,3,2,3,1,1,2,2,1,1,0,2,2,2,1,2,3,3,5,0,0,4,0,2,1,3,0,1,0,0,0,1,3,3,1,1,3,2,2,0,0,0,2,2,2,4,0,2,1,2,1,1,1,4,2,3,0,0,2,2,2,2,0,2,2,3,2,4,3,0,3,4,3,2,3,5,1,0,2,0,1,2,5,2,2,1,2,3,0,1,1,1,5,1,0,2,0,1,1,0,3,0,3,2,0,2,2,2,2,0,1,1,1,0,0,2,2,2,2,0,3,1,2,2,2,3,1,2,0,1,4,1,2,0,3,1,2,7,1,3,1,2,3,1,0,2,0,2,0,3,3,2,0,1,2,1,1,1,1,2,0,1,2,1,1,0,4,2,1,1,1,0,0,2,0,2,3,2,0,2,3,4,0,0,0,2,2,1,1,1,1,3,2,1,4,0,1,0,5,1,1,2
donor_12_cell_010,2,0,5,3,0,7,3,3,1,6,5,2,3,2,3,0,1,1,0,2,5,4,4,2,2,3,1,1,0,3,2,2,0,0,1,3,1,3,1,2,4,2,2,1,1,4,2,2,3,0,1,2,1,2,3,4,4,1,2,2,3,0,1,5,1,1,2,3,0,2,3,3,0,0,0,0,1,2,3,1,1,1,0,0,1,3,4,3,1,1,0,3,2,3,0,1,0,2,1,3,4,1,3,2,4,1,1,1,1,2,3,3,1,3,1,1,2,2,1,2,3,1,2,2,0,4,0,2,0,3,1,1,4,3,2,2,4,1,1,0,2,4,0,2,2,0,1,2,0,0,1,1,2,2,1,2,2,4,1,3,0,7,1,2,3,5,3,0,0,1,3,0,0,4,1,1,2,3,4,1,3,1,3,0,4,2,3,1,3,1,3,1,2,3,1,3,2,1,1,0,3,2,2,4,1,2,1,3,1,1,2,1,1,3,2,2,0,1,1,0,1,1,1,5,2,5,1,3,1,1,2,1,1,3,3,1,3,4,0,3,2,4,2,1,1,1,2,2,2,4,2,1,2,0,1,1,4,2,1,0,1,2,0,0,0,3,1,0,0,0,0,2,0,2,4,0,2,3,3,1,2,1,0,3,3,0,2,2,1,1,1,5,4,0,5,2,1,0,1,1
donor_12_cell_011,1,0,2,4,0,1,0,1,0,2,1,2,2,5,3,3,2,3,4,0,3,2,7,3,3,1,3,0,0,2,1,4,2,2,3,2,2,2,1,4,2,6,3,0,2,5,0,1,3,3,2,0,3,3,1,5,1,3,0,2,2,1,5,3,3,2,1,2,0,0,2,2,5,1,1,0,0,2,3,2,0,2,4,2,1,1,2,1,5,2,1,2,2,1,3,2,2,1,5,1,5,3,2,3,2,3,3,5,1,6,0,1,2,2,0,3,3,3,1,5,4,4,0,1,0,3,2,2,1,5,2,4,1,3,3,0,4,0,7,0,1,2,3,4,3,2,2,2,1,1,4,2,5,1,0,2,0,3,0,7,0,2,0,0,0,4,4,0,0,1,2,3,2,6,0,2,0,6,3,6,4,4,6,2,3,1,4,4,3,2,1,2,2,2,2,1,5,4,0,2,3,2,3,3,2,0,1,0,2,4,3,1,1,2,2,6,1,1,1,3,2,1,4,6,1,4,2,2,0,1,1,3,5,0,2,0,0,2,1,0,1,5,2,2,3,2,2,2,1,3,0,2,2,2,1,5,3,0,1,4,1,3,2,2,1,4,2,4,2,1,1,1,2,3,0,1,1,1,0,4,3,2,1,1,2,1,0,2,5,0,0,1,0,0,5,3,6,3,2,2
donor_12_cell_012,1,0,0,3,2,1,0,5,2,2,1,3,0,0,3,1,4,1,0,3,1,1,3,4,1,2,3,2,1,0,2,2,2,1,1,0,2,6,2,3,2,4,1,2,4,3,2,0,2,0,0,0,2,0,0,3,1,2,0,2,3,1,0,1,0,3,1,0,0,2,2,2,4,3,1,1,1,3,5,5,1,3,6,2,2,2,3,1,1,2,0,3,4,1,2,6,1,0,0,2,2,4,3,2,4,0,2,0,0,0,1,1,3,2,2,3,4,2,3,2,4,3,0,1,0,3,1,0,0,2,0,1,5,2,3,0,3,0,5,1,4,3,2,1,1,2,0,3,3,0,1,3,0,2,0,2,2,2,3,2,0,5,1,0,1,0,2,0,4,0,2,2,0,3,1,2,1,1,1,2,1,3,3,1,1,1,1,0,2,0,3,1,1,3,1,1,3,4,2,1,3,2,1,2,0,2,1,2,2,2,2,1,4,4,2,3,3,2,2,0,1,0,4,2,1,4,1,3,1,1,2,1,2,1,4,0,2,3,2,0,0,4,4,2,6,1,0,1,1,1,1,2,0,1,3,4,3,1,3,4,1,0,0,1,3,0,4,2,1,1,1,0,1,4,1,1,1,1,3,4,3,1,1,0,2,2,2,1,2,2,6,1,2,1,1,3,4,4,2,2
donor_12_cell_013,0,0,2,0,2,2,1,0,0,2,0,0,2,0,0,1,2,0,2,0,1,0,1,4,1,0,2,0,1,1,1,2,1,3,3,1,1,3,0,1,0,4,2,3,2,5,1,2,4,1,0,0,1,1,1,0,2,3,0,1,0,2,2,1,0,2,1,2,3,2,2,1,1,1,0,2,0,0,1,2,0,0,0,1,2,0,2,0,0,1,2,0,1,0,2,0,1,0,1,3,3,2,0,3,1,5,5,1,1,3,0,1,2,1,1,2,5,0,1,3,1,1,0,0,1,2,1,2,1,1,0,4,2,2,4,0,4,1,0,0,1,2,0,2,1,1,1,2,1,0,3,3,0,0,1,1,1,1,2,1,2,4,0,0,4,3,3,4,1,2,1,3,0,2,1,1,0,2,0,1,0,1,2,2,0,3,3,0,2,1,0,2,1,1,0,1,4,0,1,2,1,1,2,4,1,1,2,1,1,3,0,2,1,3,1,3,1,1,4,2,1,3,2,5,1,1,1,0,2,1,1,3,2,2,3,3,2,4,1,1,0,2,0,2,1,3,2,0,2,1,4,3,0,0,1,1,0,0,1,3,4,0,1,1,1,1,1,0,2,0,0,0,0,1,2,0,1,2,3,3,0,0,0,0,0,2,2,1,2,0,1,0,3,1,2,0,1,0,0,2
donor_12_cell_014,0,0,2,1,2,1,4,2,1,1,1,1,1,3,2,0,2,0,2,2,0,3,2,4,3,2,2,3,0,1,0,0,1,0,2,1,0,2,1,4,1,2,4,0,3,2,0,0,3,1,3,1,6,2,4,4,1,2,1,3,1,1,1,1,2,3,0,1,0,1,0,2,4,1,1,2,4,3,1,5,3,2,1,4,3,1,2,1,1,2,2,3,1,2,3,4,2,2,2,3,7,6,2,2,0,3,2,3,2,4,0,1,0,4,1,3,4,2,1,3,3,1,0,4,2,3,3,2,2,3,2,2,2,3,2,2,2,3,3,1,3,1,4,2,1,1,2,5,2,0,2,2,1,3,1,1,2,3,3,3,1,1,1,2,2,1,2,3,1,1,2,3,1,2,0,1,2,4,2,3,1,5,2,1,1,2,1,3,3,3,5,0,2,2,1,1,4,5,0,2,2,3,0,1,1,2,1,1,2,2,1,3,1,1,0,3,2,0,2,2,2,2,3,3,4,1,3,3,3,1,0,0,7,4,4,2,1,3,1,1,5,3,2,4,4,6,1,3,0,2,2,2,2,3,3,3,3,1,1,3,0,2,1,1,6,1,1,0,0,0,2,1,3,2,3,2,0,4,1,3,1,3,2,1,1,4,0,3,2,1,0,2,3,0,3,1,2,2,3,1
donor_12_cell_015,2,0,4,3,0,0,0,1,1,0,1,0,2,1,3,0,1,0,1,0,1,2,4,4,1,1,0,0,2,3,2,1,1,3,1,1,1,1,1,3,0,3,1,3,0,4,2,1,1,2,1,0,2,2,0,4,0,2,1,1,3,0,0,3,2,1,1,1,0,1,3,0,1,2,2,2,1,2,4,1,2,2,0,0,0,2,3,3,0,2,0,2,1,2,0,2,1,1,1,2,0,2,1,0,2,2,1,1,0,2,1,0,1,0,1,3,1,2,2,5,3,0,0,1,1,2,0,1,0,1,0,0,2,2,2,1,5,2,1,0,0,1,0,0,0,2,3,5,1,0,2,2,1,2,0,4,1,1,3,2,2,1,2,0,1,2,1,1,1,2,2,0,0,0,1,1,0,4,4,1,1,1,3,1,1,0,2,0,3,0,1,1,0,1,2,1,0,1,3,1,0,8,2,1,0,1,0,0,3,1,3,2,1,2,2,1,0,1,2,1,2,0,1,2,2,4,0,1,3,0,1,2,4,2,3,2,5,4,3,0,2,3,2,5,3,1,1,2,1,2,2,2,2,1,1,2,0,0,0,3,0,2,3,0,0,0,4,0,0,1,0,3,1,0,0,0,2,0,2,0,0,0,1,1,1,0,0,2,2,1,3,0,3,0,0,3,1,0,4,1
donor_12_cell_016,0,0,2,0,1,1,3,0,1,1,1,1,2,4,4,0,1,1,1,0,1,1,0,0,1,2,1,0,0,2,2,4,0,1,0,1,1,4,1,2,2,0,1,0,3,3,0,1,1,0,2,0,0,2,1,4,1,1,0,0,3,1,1,2,2,1,3,2,1,3,1,2,4,1,1,0,1,3,4,4,2,0,1,0,1,0,2,2,1,3,0,2,3,1,1,2,2,0,2,0,5,4,0,0,5,0,2,1,0,0,1,2,1,0,0,2,1,4,4,1,0,0,0,1,2,4,2,0,1,2,2,2,0,1,3,0,2,1,2,0,2,1,1,3,3,3,2,2,0,0,2,4,0,2,0,5,2,0,3,4,0,1,1,0,0,1,4,1,1,2,2,0,0,2,1,0,1,2,2,1,0,0,2,0,2,1,1,2,1,0,3,1,1,3,1,0,1,2,1,2,3,0,2,0,0,1,0,1,1,0,2,0,0,0,1,3,4,1,1,1,2,0,1,1,2,1,1,2,2,0,4,2,1,0,6,4,2,2,1,0,3,1,2,1,0,4,4,1,1,1,1,2,0,1,0,1,3,0,0,2,2,2,4,1,2,5,1,3,1,0,6,0,1,4,3,0,1,3,4,2,1,1,2,2,0,3,1,3,3,0,1,0,2,1,3,1,0,3,1,0
donor_12_cell_017,0,0,2,0,0,4,1,4,2,3,1,1,1,2,1,0,5,1,3,1,1,1,3,3,2,1,0,1,1,1,1,3,2,1,1,0,0,0,1,1,2,3,3,2,2,2,2,2,1,1,0,3,4,1,3,2,2,4,2,0,1,0,0,1,3,2,2,2,0,1,0,0,6,3,1,1,0,2,1,1,3,3,1,1,1,3,1,2,0,2,0,2,1,1,0,1,1,0,3,2,1,4,1,1,5,1,0,2,0,3,0,1,1,3,2,2,2,1,1,2,3,2,0,3,1,5,2,3,0,1,2,5,0,0,2,0,1,1,2,3,2,2,1,1,2,0,1,2,0,1,1,1,5,1,1,1,0,1,6,1,0,3,2,0,2,0,1,6,3,6,1,3,0,3,3,1,0,2,4,0,1,2,2,2,2,3,3,0,3,0,3,1,2,4,1,1,2,1,0,1,2,2,2,1,2,1,1,5,1,2,1,4,0,0,0,2,1,3,0,0,1,1,2,1,3,3,1,1,2,0,1,0,3,2,2,2,0,2,0,0,1,2,5,4,3,1,4,3,2,2,2,4,0,1,0,3,1,0,1,0,0,2,2,0,6,1,0,2,1,0,0,0,2,4,1,4,1,2,3,3,1,1,0,0,2,0,1,0,1,0,1,1,2,1,2,3,0,4,2,2
donor_12_cell_018,1,1,4,2,0,4,5,5,1,0,2,1,2,1,1,2,2,0,3,1,2,2,8,3,3,0,1,2,0,3,2,1,1,0,4,5,0,1,1,3,2,5,3,3,2,4,4,1,2,2,4,1,3,1,3,2,2,4,2,0,2,1,2,2,2,2,2,1,1,1,3,0,2,4,0,1,0,2,0,4,3,1,2,0,1,4,4,1,1,1,1,1,3,2,0,0,3,4,0,2,2,3,3,2,1,3,2,1,1,3,0,0,0,3,2,5,3,1,0,2,1,2,2,2,1,1,4,1,0,4,4,3,2,2,2,1,3,1,1,1,2,1,1,4,0,0,0,2,1,1,2,2,1,3,2,1,4,2,4,3,1,2,3,1,1,3,3,3,2,5,0,3,3,2,2,2,1,3,3,3,3,2,2,3,1,1,2,4,2,0,1,2,0,5,2,1,5,8,2,6,0,5,0,1,1,2,2,2,3,0,4,1,1,1,2,2,0,3,3,1,2,0,3,3,6,1,1,3,4,0,0,2,4,1,6,3,1,2,0,2,1,1,2,3,3,2,1,2,1,3,2,4,1,0,1,3,2,2,2,2,2,3,1,1,4,2,0,1,1,2,2,2,1,4,1,0,1,5,6,1,1,0,3,3,4,0,2,1,0,1,3,1,1,1,1,4,4,3,2,0
donor_12_cell_019,0,0,3,2,0,3,1,4,3,3,2,1,0,4,1,0,2,1,1,2,4,2,2,2,3,1,5,2,3,2,1,4,2,0,3,0,0,2,0,1,0,4,2,0,2,1,0,3,1,0,2,1,2,1,1,0,4,1,1,0,4,0,0,2,1,0,2,0,0,0,4,1,3,4,2,1,2,1,1,0,1,2,2,0,0,0,1,1,2,3,0,5,1,3,3,1,2,2,1,4,5,1,1,4,0,0,3,2,1,0,2,1,0,3,1,3,1,4,1,3,2,0,0,2,2,6,1,1,2,1,1,3,2,2,4,1,5,1,3,0,0,2,3,1,1,2,1,2,4,0,1,0,4,1,3,1,1,2,1,1,1,2,2,1,0,1,1,2,2,6,1,3,1,4,0,3,0,2,1,1,3,4,1,0,1,3,1,0,1,2,4,1,0,2,1,1,3,2,3,2,2,2,1,1,1,0,2,4,0,1,1,2,1,1,3,0,1,2,0,1,0,1,2,2,1,1,3,3,2,1,0,0,5,0,1,4,2,5,0,1,1,7,2,0,1,0,0,2,1,1,1,2,1,1,2,4,1,1,1,2,1,2,1,1,2,1,1,1,0,0,1,1,0,5,1,2,1,1,1,4,0,2,2,0,2,1,1,2,2,0,1,1,3,1,3,4,2,2,1,1
donor_12_cell_020,0,0,9,2,1,4,5,2,1,3,0,1,1,4,7,1,3,4,2,1,1,3,9,2,2,2,2,2,1,3,2,2,0,1,1,3,1,1,0,2,1,5,4,2,3,6,5,2,4,0,3,5,3,0,3,7,2,5,2,0,3,3,2,5,4,2,1,3,0,3,0,1,2,3,0,1,3,2,1,4,3,5,0,0,1,0,3,1,0,0,2,3,1,2,2,2,1,1,0,5,2,4,1,1,5,2,2,3,1,4,2,2,2,4,0,2,5,2,0,2,2,0,2,0,2,1,2,2,1,1,2,5,3,1,0,0,6,0,0,1,2,3,2,0,2,2,0,3,0,2,2,2,0,3,0,7,1,4,2,4,3,3,1,2,2,1,0,3,4,2,2,2,1,2,2,0,0,4,1,3,4,3,0,1,1,2,1,1,3,1,4,2,0,3,2,0,4,1,2,1,0,5,3,2,2,3,2,3,1,2,2,3,1,4,1,1,0,0,3,3,0,2,1,3,1,1,0,5,6,1,2,0,4,0,2,4,1,5,2,0,3,2,4,0,3,2,1,0,5,0,1,6,4,1,0,1,3,0,0,1,2,1,1,1,0,3,2,1,4,1,1,3,2,3,1,4,2,3,1,4,0,2,2,1,0,3,0,1,3,0,0,0,3,1,1,2,2,2,3,4
donor_12_cell_021,1,0,3,1,0,2,1,0,1,0,0,0,3,2,2,0,1,2,3,1,0,0,4,4,1,2,0,3,1,0,3,1,1,1,2,1,4,1,0,2,0,1,3,2,1,4,0,0,0,2,0,1,1,2,1,0,2,2,1,0,2,2,1,2,2,1,1,0,0,2,0,2,3,0,1,2,1,0,1,3,2,0,0,1,1,0,3,0,1,5,1,1,2,0,1,0,3,1,2,1,3,2,0,0,2,3,0,1,0,0,2,2,0,0,1,3,2,1,1,0,0,2,0,3,0,3,3,2,1,1,2,0,0,1,5,3,3,1,1,0,0,2,1,0,2,1,1,0,2,1,0,2,0,1,1,1,2,2,2,2,0,3,1,0,3,1,2,5,1,1,0,1,2,4,0,0,1,3,3,0,2,2,5,0,4,1,2,3,0,3,2,2,1,1,1,3,2,3,0,4,2,1,3,1,1,0,0,3,4,1,0,2,1,8,5,2,0,0,2,0,3,3,2,5,4,1,0,1,1,0,1,1,3,2,0,2,1,1,0,0,3,1,4,0,2,5,3,1,1,0,0,7,1,1,1,0,1,1,0,1,1,1,1,2,1,1,2,1,0,0,0,2,1,2,1,1,2,1,0,2,1,0,1,1,0,1,0,1,1,0,2,0,2,0,1,6,1,4,2,3
donor_12_cell_022,2,1,3,4,0,1,1,1,3,2,3,2,1,1,1,1,3,2,2,2,2,1,1,0,2,3,0,0,4,0,3,4,2,1,0,1,1,1,1,0,0,3,0,2,0,1,0,1,3,0,2,0,2,0,0,2,3,1,2,0,0,0,2,4,2,0,2,0,2,1,1,0,1,2,0,1,2,2,1,2,1,2,0,0,0,1,2,1,3,1,2,1,3,1,0,2,3,2,1,2,4,0,2,0,4,4,0,2,0,1,3,0,1,0,0,1,1,3,4,2,2,1,2,1,1,2,2,0,1,2,1,3,1,3,1,1,3,2,3,1,0,1,3,0,0,0,4,3,1,3,1,3,2,1,1,3,1,1,3,3,0,3,1,2,2,1,3,5,1,3,2,1,1,5,2,0,1,1,2,5,2,1,1,0,1,0,0,0,2,0,4,1,1,2,2,0,0,1,1,2,0,0,2,1,0,1,0,4,1,3,1,0,1,3,5,1,0,0,6,0,1,2,1,4,0,3,1,1,1,0,2,2,1,1,1,2,2,6,0,0,1,1,0,0,1,0,3,0,2,1,2,3,2,0,0,2,2,0,0,1,0,2,2,0,1,1,4,2,0,3,0,2,0,3,2,0,1,2,2,2,0,0,0,1,1,1,2,0,0,0,2,0,3,2,2,4,3,1,3,0
donor_12_cell_023,0,0,2,0,3,3,3,1,0,0,1,1,1,4,1,1,4,2,0,2,3,1,3,2,3,0,1,0,1,3,1,2,1,1,0,2,1,2,4,2,1,2,2,3,1,3,1,0,3,0,2,0,3,3,1,3,2,2,0,1,0,3,1,3,1,0,1,0,0,1,2,1,1,2,1,1,0,1,1,2,2,2,0,2,0,0,0,1,1,2,2,3,4,1,1,2,1,2,0,0,1,2,0,2,3,1,2,1,3,0,1,0,3,0,1,3,3,4,3,1,0,3,1,1,0,1,3,0,0,2,1,2,2,0,3,2,3,1,2,0,1,0,4,0,0,0,0,4,3,0,3,4,3,0,0,1,1,4,1,2,1,3,1,0,0,2,1,1,1,4,0,1,1,2,2,1,3,2,2,4,4,0,4,1,1,0,0,2,5,0,5,2,1,0,2,0,3,0,3,0,3,1,0,0,0,1,1,4,3,4,4,1,1,1,2,5,0,1,1,0,3,1,0,3,4,4,1,1,0,0,1,0,0,2,2,2,1,3,0,0,1,4,1,3,1,6,4,2,1,2,1,3,1,2,1,4,2,2,0,2,0,1,2,1,2,2,1,2,0,2,0,7,0,5,0,2,1,1,1,4,2,1,1,1,2,2,0,2,3,1,1,0,0,2,0,3,4,2,1,3
donor_12_cell_024,0,1,3,0,0,2,2,2,0,1,1,0,3,2,4,2,1,0,3,2,5,3,3,1,1,1,2,0,1,2,2,1,3,0,0,2,2,1,0,1,2,1,1,1,4,3,0,1,5,1,1,1,2,1,2,3,4,2,0,0,3,1,4,2,2,2,0,7,2,2,3,4,5,1,2,1,3,2,3,2,4,2,2,1,1,1,2,1,1,2,2,1,2,1,5,3,4,2,1,5,4,5,1,0,1,2,3,1,0,2,1,3,1,3,0,2,0,5,3,3,1,0,0,0,0,4,1,0,1,0,2,4,0,0,0,1,1,1,4,2,0,2,2,6,3,0,2,5,2,1,2,2,1,3,1,2,1,1,3,3,3,3,1,1,2,2,3,3,1,1,1,1,0,4,0,2,0,3,3,3,3,5,5,0,4,1,1,1,1,0,3,1,0,1,2,3,0,0,1,1,2,7,2,1,0,1,0,3,0,1,2,2,1,2,2,2,0,0,2,2,2,3,2,2,1,2,5,1,4,2,1,4,2,2,5,2,2,3,1,1,0,2,6,2,5,1,2,1,1,3,0,3,0,1,1,1,3,0,4,1,2,1,1,1,1,1,1,0,0,0,0,1,1,2,0,2,2,1,2,5,0,1,2,1,0,1,0,1,3,1,3,3,1,1,1,4,0,3,3,1
donor_12_cell_025,1,0,1,2,1,2,2,3,1,1,0,3,0,3,1,0,2,1,0,4,2,1,2,3,1,1,3,1,0,2,0,1,4,5,0,2,1,4,2,5,0,1,3,0,3,4,4,2,4,0,1,0,2,2,3,2,3,3,1,1,1,1,1,3,2,2,1,2,2,2,1,0,2,2,1,1,0,3,3,2,5,0,4,0,2,1,1,1,0,1,0,4,0,1,2,1,4,0,0,2,2,3,0,2,2,1,2,3,1,2,0,0,1,0,0,1,4,0,2,0,2,0,2,1,0,2,1,1,1,2,2,4,1,2,2,1,3,2,2,1,5,1,4,1,0,0,1,4,0,0,1,4,2,1,0,2,1,2,1,0,0,1,1,0,1,4,2,2,1,6,1,2,1,4,2,0,1,5,1,2,5,3,4,0,2,2,2,0,2,0,5,1,1,0,1,0,2,4,0,2,2,0,2,0,2,2,2,0,2,1,3,1,0,4,1,1,1,1,2,1,3,2,0,3,3,2,2,0,0,0,0,0,3,3,6,5,1,2,0,1,3,3,1,4,3,0,1,4,0,5,1,2,2,2,2,5,3,0,0,0,1,4,2,0,2,2,0,1,1,0,1,1,1,1,0,3,1,0,0,3,1,1,0,3,1,2,0,0,0,0,2,2,2,1,1,2,3,5,3,1
donor_12_cell_026,0,0,4,4,1,1,3,7,0,0,1,2,2,1,1,2,3,1,5,0,1,1,5,2,0,0,1,0,2,2,1,3,3,0,1,4,0,1,1,0,0,4,3,2,3,2,2,1,1,0,0,1,0,3,3,5,2,1,1,0,0,4,2,2,2,0,3,0,0,6,0,2,5,1,1,1,2,2,2,3,0,1,1,0,1,1,3,0,1,1,1,6,1,2,1,0,1,2,3,0,3,1,1,2,3,0,1,2,1,4,3,1,3,0,0,1,2,2,1,3,2,0,2,4,1,1,1,1,0,2,1,5,0,0,1,0,4,4,0,2,1,2,2,3,1,1,1,1,2,0,2,1,0,0,1,4,0,3,5,0,2,5,1,0,1,3,1,5,5,5,3,0,2,7,0,1,1,1,2,2,1,3,0,0,4,0,2,1,0,2,0,3,1,1,0,2,3,1,0,2,2,4,2,3,1,2,1,3,1,1,4,4,0,0,0,6,0,1,5,0,0,0,1,4,0,2,2,1,3,1,2,3,4,0,5,0,2,1,0,1,2,3,1,2,1,1,1,3,1,1,2,3,3,1,2,2,3,0,2,4,0,1,3,0,2,1,1,0,2,2,2,0,1,2,2,1,1,4,1,1,1,1,1,0,2,0,0,0,1,3,2,0,1,1,3,0,2,4,1,3
donor_12_cell_027,0,0,0,5,1,1,0,1,1,1,2,4,1,1,5,2,0,1,1,1,1,1,5,2,0,1,1,0,1,2,3,2,1,2,1,1,0,1,0,1,1,2,4,2,0,2,0,1,1,1,1,0,0,0,1,5,2,1,4,0,3,1,2,3,1,1,0,2,0,0,2,1,0,0,1,1,0,1,5,2,1,0,1,1,1,1,0,1,2,0,2,2,0,0,0,1,1,1,3,1,5,2,1,4,1,2,0,0,0,0,1,0,2,1,0,2,0,1,1,2,2,2,1,3,2,1,2,1,2,1,3,0,1,0,3,1,1,0,0,1,0,3,1,0,1,5,1,0,2,1,2,0,0,1,2,0,2,2,1,1,0,2,0,0,0,0,1,0,0,2,0,1,1,1,2,1,0,2,0,0,3,2,0,0,2,1,3,0,4,2,2,4,3,5,1,0,0,2,2,0,2,5,2,0,0,0,0,0,0,3,4,1,2,1,2,1,0,1,0,1,2,3,0,3,0,2,1,1,2,2,0,0,0,0,3,2,2,1,0,1,5,1,4,1,1,1,3,1,0,0,2,2,2,2,1,3,3,1,0,2,0,1,0,1,0,1,2,0,1,2,1,1,1,4,3,0,0,1,2,0,1,2,0,0,1,0,1,3,1,1,2,1,0,1,2,3,3,1,2,1
donor_12_cell_028,0,0,0,1,3,1,2,0,0,4,1,0,0,4,4,0,1,0,2,3,2,1,2,1,3,1,1,0,2,2,3,3,2,3,0,0,0,1,0,0,1,0,1,0,3,4,0,1,3,0,1,0,3,1,3,1,1,2,1,2,1,0,2,0,2,2,2,1,1,2,2,1,1,3,0,3,2,0,1,5,1,1,2,1,0,0,0,1,0,1,1,3,3,1,3,3,1,1,0,1,1,3,2,3,1,1,2,0,0,1,3,3,0,2,2,2,1,2,2,1,0,0,0,2,1,5,2,1,0,1,3,4,0,4,2,2,0,3,1,0,0,1,1,0,2,3,2,2,2,0,0,2,0,1,0,5,1,2,2,1,0,4,0,0,2,0,2,2,2,2,1,2,1,2,0,0,1,4,1,1,2,0,0,1,2,1,0,0,4,3,1,2,0,4,0,1,0,5,1,2,1,4,2,1,0,1,1,1,0,1,0,0,0,4,3,1,1,0,2,1,3,3,1,5,0,2,1,0,3,1,0,0,2,1,1,1,1,1,0,2,1,3,3,3,2,3,2,3,1,0,3,3,2,1,1,5,1,0,0,1,1,1,0,0,1,0,1,2,1,0,0,0,2,1,0,2,1,1,3,4,0,3,1,2,1,1,1,2,1,2,2,0,0,0,3,1,4,2,2,2
donor_12_cell_029,2,0,1,5,1,0,0,0,1,1,1,3,0,1,3,1,3,0,3,4,4,3,0,1,0,1,1,2,1,0,2,2,1,3,3,2,1,1,0,3,0,1,3,2,0,3,1,1,0,1,1,0,5,2,2,2,2,2,0,1,2,2,0,3,1,5,3,1,1,0,1,1,3,1,2,1,1,1,0,1,2,1,1,0,1,1,1,1,2,2,1,0,1,1,1,4,1,0,0,2,5,1,0,0,4,1,1,4,0,2,3,1,1,1,0,4,3,1,0,2,1,0,1,1,0,2,1,0,2,2,2,2,1,2,3,1,1,3,3,1,3,2,2,3,1,0,1,2,2,0,3,3,2,5,2,2,2,2,1,3,1,4,2,0,0,1,2,6,3,4,2,0,3,1,2,0,1,4,4,1,4,3,3,1,1,1,2,0,1,0,2,4,1,1,2,1,3,1,1,1,1,0,1,1,3,0,1,1,1,0,5,1,1,1,2,2,1,1,0,1,1,1,1,1,0,0,0,0,1,0,1,1,1,2,2,1,2,0,0,2,2,0,1,0,1,2,3,1,2,0,5,5,2,1,1,2,3,1,1,2,0,3,2,1,6,3,3,1,0,1,1,0,0,2,3,0,1,1,1,0,0,1,2,1,1,1,0,1,1,0,2,0,3,2,1,1,2,2,1,0
donor_12_cell_030,0,0,1,0,1,2,2,3,1,0,1,3,4,1,2,4,6,1,2,4,4,0,1,4,1,0,2,1,3,1,3,0,3,0,3,2,0,3,1,1,0,0,1,2,2,2,2,0,3,0,4,0,1,0,3,0,4,0,1,1,3,1,0,2,2,0,3,0,1,2,1,3,1,4,1,1,3,1,2,3,1,4,2,0,1,0,2,2,1,1,1,3,1,1,1,0,3,1,2,2,1,1,5,2,2,1,1,1,1,1,3,1,0,1,2,3,5,2,0,2,2,0,1,1,1,4,0,1,1,2,0,2,1,2,2,1,2,2,1,1,3,1,4,1,4,0,3,1,2,1,2,2,0,1,0,3,0,1,1,2,3,7,0,0,3,3,1,3,1,6,3,0,0,2,0,0,0,3,1,3,0,2,0,3,3,0,2,0,4,1,2,1,2,1,3,1,2,3,1,0,3,3,2,1,1,1,1,0,0,5,1,1,0,5,0,2,1,2,2,3,2,1,0,3,3,5,0,0,5,0,2,1,1,1,4,5,1,2,1,2,0,1,3,1,3,4,4,2,0,1,1,4,5,2,2,0,2,3,0,1,1,3,0,2,6,3,2,2,0,2,3,0,1,4,2,3,1,2,0,4,1,2,4,1,2,2,0,1,2,0,2,0,2,2,1,5,3,2,0,1
donor_12_cell_031,0,0,0,0,0,5,1,0,0,0,4,4,3,2,1,1,1,1,1,1,2,0,4,2,6,0,4,0,1,0,0,1,3,0,1,1,1,0,1,2,2,4,1,4,1,2,1,1,3,0,2,0,3,3,2,3,1,2,1,1,3,1,1,0,2,1,0,2,4,2,2,0,8,2,1,0,2,1,0,4,3,3,2,0,1,0,4,1,1,1,2,3,2,1,2,4,1,0,0,1,5,2,0,1,2,4,2,1,1,3,0,2,1,1,1,1,3,4,2,4,2,1,1,3,1,0,1,1,0,3,0,5,6,3,1,2,5,2,1,1,5,1,2,1,1,1,2,2,0,2,2,3,0,3,1,2,0,0,1,9,2,0,1,1,2,1,1,1,0,1,3,3,0,1,1,1,1,3,2,3,1,0,1,3,6,0,2,1,5,1,2,0,1,1,0,0,3,1,3,1,3,2,2,1,0,2,1,2,2,0,4,1,2,1,2,2,0,3,1,5,0,4,0,2,0,2,1,1,0,0,1,2,2,3,1,3,2,1,1,1,3,1,1,1,2,2,3,1,1,1,1,3,3,1,0,1,2,0,3,2,2,0,1,2,2,1,0,0,1,1,0,1,1,1,1,3,2,2,4,0,0,2,1,0,3,4,4,1,1,3,1,0,2,1,1,1,2,3,1,1
donor_12_cell_032,0,0,5,3,0,0,1,5,0,1,3,3,4,2,4,0,3,2,1,4,4,3,3,1,2,1,5,1,1,0,1,1,1,2,1,2,1,2,2,2,2,4,5,0,4,2,0,1,2,0,1,4,1,4,0,4,3,0,1,1,3,0,2,1,5,5,0,1,1,1,1,3,0,2,1,2,1,2,2,1,3,0,1,0,2,1,3,0,3,0,0,2,1,3,1,1,0,0,0,3,5,1,2,2,2,2,1,0,1,2,3,0,2,5,0,2,1,1,1,0,1,0,3,0,0,1,1,0,1,2,0,4,0,1,2,1,5,1,2,0,2,2,1,1,1,0,1,2,1,0,0,6,1,2,1,7,1,3,1,0,0,5,1,0,0,0,2,2,2,4,0,0,4,2,1,0,2,6,5,3,1,0,1,0,1,4,2,3,1,2,1,1,3,4,1,1,2,3,1,0,2,1,0,0,0,2,1,2,2,2,2,0,0,3,6,2,3,3,4,1,0,1,5,4,3,2,2,4,2,0,1,4,4,2,3,3,1,5,1,0,3,0,1,0,1,1,2,1,3,2,1,8,0,0,1,3,3,0,2,3,0,1,2,0,2,0,0,2,3,1,0,1,0,0,2,0,0,1,1,2,1,2,0,2,3,2,3,1,3,0,4,1,2,1,0,0,1,1,1,1
donor_12_cell_033,2,0,3,2,1,2,3,0,1,1,0,2,3,4,4,0,1,1,2,2,1,0,1,1,3,0,1,1,1,0,2,2,0,4,0,3,1,3,1,2,0,4,4,1,2,1,1,1,2,3,1,4,2,3,2,2,3,0,2,1,1,4,2,4,2,3,0,1,2,1,2,0,2,1,1,1,2,3,2,3,1,0,2,1,1,1,4,1,1,3,1,3,2,3,6,1,3,1,0,0,1,3,3,0,2,1,0,0,1,2,1,2,0,1,2,0,3,0,1,9,3,1,0,2,2,0,0,1,0,0,0,3,3,2,1,4,1,5,2,1,0,1,1,1,2,0,3,1,3,2,1,2,0,3,0,3,2,2,1,4,0,3,0,1,1,0,0,4,1,2,2,0,1,6,2,2,1,3,4,1,3,2,2,2,2,3,2,0,4,4,2,2,0,3,1,0,2,0,0,0,2,5,0,1,0,0,0,2,1,0,1,1,0,1,2,2,4,1,0,1,1,1,1,3,3,3,0,1,1,1,1,4,2,0,2,1,1,2,1,1,4,4,2,1,1,1,2,1,0,1,4,3,3,0,1,1,4,2,1,3,0,3,1,2,2,2,4,1,1,1,0,1,0,0,0,2,3,0,2,6,0,2,3,2,1,3,1,2,0,0,6,0,1,0,1,0,3,2,1,2
donor_12_cell_034,0,0,3,3,0,6,4,1,1,2,1,4,1,0,0,0,2,2,0,4,2,1,2,1,3,0,2,1,2,0,0,3,1,0,2,0,0,0,2,4,1,1,4,1,1,4,0,0,2,0,2,0,5,0,3,4,3,2,1,2,1,3,2,7,2,3,1,0,1,1,1,1,3,1,0,1,1,2,4,1,0,2,0,0,1,2,3,4,1,2,0,3,2,1,1,0,0,1,1,4,2,1,1,3,1,1,2,1,0,3,1,0,0,2,2,1,2,0,2,2,1,1,2,1,0,1,0,1,1,3,0,3,2,0,2,1,3,1,0,2,1,4,2,2,3,1,0,3,1,0,1,4,1,0,0,1,0,1,1,1,0,2,1,0,2,3,4,2,1,2,4,3,4,3,1,2,0,0,2,1,2,3,2,1,2,1,0,1,2,0,3,1,1,2,3,1,3,2,0,2,5,1,0,1,0,0,2,0,1,1,1,1,0,2,1,1,0,0,2,2,3,0,1,3,2,3,1,2,1,1,4,3,2,0,4,1,2,4,1,1,2,2,1,0,1,4,0,0,0,1,3,4,1,1,0,3,3,0,2,2,0,1,1,0,2,4,1,1,1,0,0,0,2,2,1,0,2,1,2,4,1,1,3,2,3,1,1,0,1,0,3,1,4,1,3,0,4,1,2,2
donor_13_cell_000,0,0,1,2,1,1,3,8,0,7,5,7,3,2,2,0,0,0,5,3,4,4,4,4,3,0,2,0,1,3,1,2,0,1,2,0,1,1,1,3,1,3,0,0,2,3,1,3,0,1,1,1,1,2,1,1,2,1,2,1,2,1,2,1,2,1,1,0,1,2,3,5,2,2,1,1,2,4,4,4,1,2,3,1,1,1,2,1,2,4,2,0,0,0,1,2,0,3,2,4,6,1,2,2,1,0,2,0,0,2,0,3,0,1,0,1,3,0,0,4,1,1,1,0,0,3,2,1,1,0,0,1,3,2,2,0,0,1,1,2,1,1,0,2,2,0,2,1,2,0,3,2,0,1,1,2,1,0,1,3,1,2,1,2,3,1,2,1,0,4,0,0,0,1,0,0,0,3,2,3,2,4,3,3,2,1,0,2,0,1,2,2,1,2,2,1,0,3,0,2,0,1,4,1,0,2,1,0,0,4,2,0,1,2,2,2,0,2,1,0,2,2,1,2,0,2,1,2,1,0,1,1,1,3,4,1,2,3,1,2,1,2,2,4,0,6,0,0,2,1,1,3,3,2,1,3,1,1,0,2,0,0,1,1,3,1,3,3,1,0,0,0,0,1,2,0,2,1,3,2,0,3,1,3,3,0,0,1,3,2,4,2,1,1,4,2,5,2,1,1
donor_13_cell_001,1,0,1,3,1,2,8,6,7,3,4,8,4,2,4,0,2,1,2,3,2,1,1,3,1,1,1,0,1,3,1,4,3,1,2,0,3,2,0,4,1,4,4,2,3,2,3,0,3,1,0,1,1,2,0,2,3,1,0,1,4,2,0,3,2,0,3,0,0,0,3,0,3,2,1,0,1,5,2,2,2,2,3,0,3,3,0,0,2,3,0,2,4,2,1,4,1,0,0,3,2,5,1,1,0,1,4,1,1,3,1,3,0,0,1,2,0,2,3,0,1,2,5,0,1,1,2,2,0,2,0,0,2,2,1,0,3,1,1,1,4,2,1,2,5,1,2,1,1,1,0,4,0,1,2,0,0,0,4,2,1,2,2,0,2,1,1,1,1,8,4,5,1,2,1,5,2,2,0,4,4,2,2,0,4,1,1,2,1,1,4,2,2,0,1,0,1,7,2,1,1,2,3,0,0,0,0,2,1,3,3,3,3,3,6,1,0,1,2,3,1,3,1,4,0,2,1,3,1,0,3,1,5,1,3,2,3,2,1,2,0,3,3,1,4,3,4,0,0,3,1,1,1,1,1,6,1,2,3,1,1,4,0,0,0,1,3,0,0,0,1,0,1,4,0,2,2,1,3,3,1,3,0,0,0,3,2,1,5,3,2,1,1,2,2,6,3,4,1,0
donor_13_cell_002,0,1,2,2,1,1,4,9,2,4,1,7,4,2,1,0,0,1,3,1,5,1,3,2,1,0,4,0,0,2,2,5,1,2,1,1,1,5,1,2,0,1,0,0,3,2,1,2,1,1,0,3,3,1,2,1,2,3,1,1,1,2,3,3,3,2,1,1,0,2,0,1,2,0,2,1,0,0,0,1,1,2,3,1,0,0,1,3,1,1,2,1,2,2,1,4,1,1,0,5,4,2,0,3,2,0,1,1,1,1,3,2,1,2,1,1,1,1,0,2,0,3,0,0,0,1,1,0,0,2,1,3,0,0,2,0,2,0,4,3,1,2,3,5,1,0,1,0,2,0,1,2,1,2,0,2,1,3,1,2,0,6,0,1,3,0,2,0,1,5,2,3,0,0,1,1,2,9,3,2,3,0,0,5,2,0,1,2,1,0,1,0,2,0,0,3,4,4,3,0,2,4,4,3,4,3,1,5,1,0,2,1,1,0,2,3,2,1,1,0,1,0,1,2,1,3,1,3,3,0,1,0,1,2,1,3,1,5,0,1,1,1,2,1,0,0,2,5,1,2,2,4,0,1,2,0,1,0,1,3,0,4,1,3,2,4,2,0,2,0,0,1,1,0,2,0,1,6,1,6,0,2,3,1,2,1,0,0,1,1,4,0,4,2,0,3,2,0,1,0
donor_13_cell_003,1,0,3,2,0,7,8,11,5,6,4,9,2,2,1,1,3,1,2,2,1,3,2,0,2,3,2,2,1,3,2,3,3,3,1,4,1,0,1,1,4,3,3,0,2,2,1,3,3,3,3,0,1,3,2,1,5,3,0,0,3,0,3,4,1,1,2,1,0,1,1,2,0,3,0,2,2,3,0,4,2,1,5,0,1,1,2,4,1,3,1,6,2,4,1,3,1,1,0,5,6,3,7,1,0,0,1,1,1,2,3,3,1,0,0,5,3,4,1,0,0,0,1,1,0,2,4,1,2,1,0,3,4,2,0,1,4,5,4,2,3,1,5,1,2,0,4,1,1,1,2,2,1,2,1,3,1,4,2,2,0,2,1,1,3,2,2,2,0,6,1,1,0,1,4,0,3,6,0,3,1,1,3,2,4,2,2,3,0,4,2,1,0,1,1,1,3,0,2,4,2,2,2,1,0,5,2,4,3,0,2,2,0,2,1,3,3,1,2,1,2,2,1,5,3,3,1,1,1,1,1,1,3,3,3,2,2,3,3,3,2,3,0,3,3,3,3,2,4,1,2,4,1,1,1,2,3,0,0,5,2,2,1,3,1,3,3,0,0,1,1,1,0,1,3,5,1,2,5,1,1,2,2,3,2,2,0,2,4,1,3,0,6,3,3,2,5,0,2,3
donor_13_cell_004,0,0,0,2,0,2,5,2,4,5,5,6,2,1,0,2,0,2,1,3,3,1,3,1,1,1,1,0,3,3,2,3,3,2,1,1,2,3,0,3,2,3,2,1,0,2,3,2,0,1,0,1,2,0,2,4,1,0,0,1,2,2,0,2,3,1,1,1,2,1,1,0,2,2,0,1,0,2,2,1,1,1,7,0,1,0,4,0,0,0,0,3,1,2,2,3,2,2,1,1,1,0,0,1,1,0,0,2,0,1,0,1,2,1,2,0,0,2,1,1,2,3,1,0,0,0,2,1,0,0,1,1,0,2,2,1,1,2,2,0,1,4,2,7,2,3,0,3,2,0,1,4,1,0,0,3,3,0,0,4,1,0,0,1,0,1,3,1,0,0,0,1,0,2,1,0,1,2,2,2,1,2,0,1,0,3,1,0,4,1,3,0,2,0,1,0,0,0,1,1,0,1,0,3,0,2,2,2,0,0,1,1,0,3,2,3,2,0,3,3,2,1,2,2,1,2,0,2,2,0,0,0,1,1,4,2,0,2,1,0,2,1,3,2,2,0,1,1,3,0,3,3,0,0,2,0,2,0,1,0,0,4,0,3,1,1,1,0,1,2,1,1,0,2,3,2,0,0,6,1,0,5,0,2,1,1,1,0,0,0,0,1,2,3,1,0,2,4,2,2
donor_13_cell_005,1,0,1,1,0,0,4,2,7,6,2,3,2,0,3,0,2,0,2,0,0,2,5,0,3,0,1,1,3,3,2,5,1,3,0,0,1,2,2,2,2,3,3,1,2,4,4,2,2,3,0,0,2,4,5,2,2,2,1,1,0,0,3,3,1,1,2,3,0,1,1,4,2,2,0,2,1,1,4,2,3,1,0,0,1,0,2,2,0,1,1,4,2,0,1,6,3,1,2,2,0,0,1,5,1,5,0,6,0,3,0,1,0,2,1,0,4,4,2,0,3,0,0,1,1,4,1,1,0,5,0,4,3,2,1,2,0,4,3,2,0,1,1,1,2,0,1,1,1,1,1,3,0,0,1,4,0,2,3,1,2,2,0,1,1,0,3,3,1,1,1,2,0,1,4,0,1,8,4,3,5,1,0,0,2,2,1,3,1,2,3,1,3,1,0,0,0,6,1,0,3,4,0,2,0,1,2,4,1,0,1,3,2,2,2,1,3,1,2,1,2,1,2,2,0,4,1,2,3,1,2,0,6,3,4,1,3,2,1,1,3,1,0,2,1,1,2,4,1,5,3,1,3,1,1,2,1,2,0,3,2,1,2,0,3,1,1,0,0,0,1,1,1,0,1,2,1,0,3,2,1,2,2,1,1,1,3,0,4,1,4,2,1,2,3,2,5,2,1,1
donor_13_cell_006,2,1,5,2,1,3,5,4,2,4,7,12,4,5,4,1,1,0,1,2,2,2,3,1,3,0,4,0,0,1,0,5,2,4,0,1,0,3,3,4,1,4,1,1,2,2,5,0,2,2,1,0,1,1,3,5,0,2,3,0,3,5,2,4,2,5,2,1,1,1,2,1,4,1,2,4,0,3,1,4,3,3,2,0,0,3,1,3,1,5,0,4,1,3,2,2,2,4,2,3,2,2,1,6,4,4,1,4,2,3,2,1,1,1,4,2,1,4,3,1,1,2,0,0,0,4,1,1,1,3,3,2,1,3,3,1,2,0,1,2,1,3,2,5,1,0,3,3,4,1,0,2,3,2,1,3,2,1,5,2,3,1,2,1,0,1,4,3,2,5,1,1,3,0,0,0,3,4,6,3,3,3,2,2,1,2,1,0,2,5,4,2,3,4,2,0,2,3,3,2,2,6,2,1,0,2,0,3,1,3,2,1,1,6,1,1,2,0,4,1,1,3,2,2,3,2,0,2,4,0,1,3,3,4,4,3,3,1,0,1,4,3,1,5,1,4,2,1,2,2,4,6,0,1,1,4,4,1,1,2,3,2,0,1,3,0,4,2,1,1,1,1,1,2,2,1,0,2,1,1,1,0,1,1,1,0,2,2,1,1,4,1,1,2,4,1,4,2,3,1
donor_13_cell_007,1,0,2,0,0,4,5,9,2,7,4,10,6,0,3,0,3,0,1,1,3,1,1,2,1,1,1,0,0,3,5,3,1,0,1,1,3,0,0,0,2,4,1,1,3,3,3,1,2,1,0,0,4,2,2,3,0,1,1,0,4,2,1,2,2,4,1,1,1,1,0,1,1,0,1,1,2,1,0,4,1,1,4,0,1,0,3,0,1,2,1,3,0,1,0,1,1,2,1,1,2,1,2,3,3,3,1,0,0,2,3,2,4,2,1,3,2,2,1,4,0,5,1,1,1,0,0,3,0,2,1,5,0,0,2,2,4,1,2,0,0,0,3,1,0,1,0,0,4,1,2,2,2,1,2,5,2,3,3,1,0,4,0,0,1,2,1,5,3,2,0,0,0,0,0,1,1,3,1,2,3,3,1,0,1,2,1,0,2,2,1,0,1,1,0,1,3,3,2,1,2,3,3,2,1,1,1,0,1,1,2,1,1,2,2,2,1,3,1,1,1,0,4,1,2,2,0,5,3,0,1,3,4,1,2,1,0,3,0,0,4,3,0,3,4,1,2,1,2,4,2,0,3,0,1,2,1,3,2,0,0,3,0,0,4,2,1,1,1,1,0,0,0,1,0,2,1,1,4,2,0,1,1,0,1,2,0,3,1,1,1,0,0,1,3,4,4,1,2,7
donor_13_cell_008,0,1,1,1,1,0,10,8,2,5,3,11,2,1,1,0,2,0,6,3,2,2,4,3,0,0,2,1,0,2,2,4,1,3,3,3,0,2,2,4,1,2,2,1,1,5,2,0,1,1,2,0,2,1,4,1,2,0,2,1,1,3,3,2,0,5,4,2,2,0,2,2,3,3,0,1,3,1,3,3,3,2,1,1,2,0,1,0,2,0,0,4,1,0,0,1,2,1,0,4,3,2,2,1,2,2,2,2,0,1,3,3,0,1,3,4,1,2,3,1,1,2,2,5,1,1,2,1,1,1,0,4,0,2,3,1,1,2,0,3,1,2,2,1,0,3,2,1,1,0,5,4,2,1,1,3,0,3,2,2,0,1,0,0,3,1,1,6,2,2,1,1,2,2,1,0,2,1,3,1,6,4,2,1,2,3,1,0,6,1,0,2,0,1,0,1,4,4,1,0,3,4,2,2,0,1,1,2,1,5,1,1,2,5,0,2,1,1,1,0,0,1,2,2,1,4,0,0,1,3,1,1,5,3,3,1,2,4,1,0,2,3,2,3,1,2,3,1,2,1,2,5,3,1,1,4,2,3,0,2,2,1,2,0,3,1,2,0,1,0,1,3,3,1,2,4,3,1,2,3,0,0,1,1,3,3,1,1,1,2,1,1,2,1,2,2,5,2,3,0
donor_13_cell_009,1,0,1,3,0,5,9,7,1,6,4,7,1,0,2,1,2,1,2,3,2,0,2,1,2,4,0,3,2,1,2,3,2,2,4,1,2,3,2,3,1,4,0,3,1,5,1,1,2,2,1,1,3,1,2,3,2,4,0,0,4,2,3,5,5,1,1,3,0,1,0,1,0,0,2,0,0,0,4,1,6,0,0,1,0,0,3,2,1,3,1,5,3,1,2,3,2,1,0,3,2,2,0,3,3,3,0,3,0,4,1,1,0,0,1,2,3,1,0,0,2,1,2,2,1,1,2,1,0,1,3,3,4,1,1,0,1,4,4,3,2,2,1,0,0,2,2,5,1,1,0,3,2,2,0,2,3,3,2,1,0,2,1,1,4,0,1,3,0,1,3,2,0,5,1,1,3,2,1,2,3,7,4,1,1,1,2,2,3,1,0,3,1,1,0,2,3,3,2,2,2,2,1,0,2,0,1,2,0,1,1,1,2,3,2,2,1,0,3,2,2,0,0,1,3,2,0,1,1,0,3,2,0,1,1,4,1,3,0,1,2,0,1,1,3,1,2,3,1,4,0,3,2,1,2,1,3,1,4,0,1,5,4,1,3,3,0,2,0,0,1,2,0,3,1,0,1,1,2,5,1,2,2,3,3,2,0,4,2,0,3,1,2,3,5,2,5,3,2,1
donor_13_cell_010,0,1,4,2,0,1,8,5,1,4,4,12,3,0,1,1,5,1,1,2,3,1,2,8,4,0,1,0,3,3,1,4,2,4,2,0,1,2,2,1,1,4,2,3,3,3,2,2,3,1,0,0,2,2,2,3,1,0,2,2,0,2,2,1,7,1,3,2,0,3,1,2,2,2,3,3,2,0,3,3,3,1,1,1,1,2,4,1,0,0,1,2,4,0,0,5,2,0,1,4,2,1,1,3,3,2,3,2,1,0,3,1,1,4,0,0,2,6,0,1,0,0,3,1,1,7,2,4,1,1,1,1,6,1,0,2,3,1,2,3,3,2,4,5,1,4,1,2,2,1,3,2,1,3,0,1,2,6,3,7,1,1,0,0,2,4,1,2,1,5,1,6,1,0,1,0,3,1,4,2,3,3,6,3,2,2,0,2,4,2,6,3,0,2,2,0,4,5,2,1,2,2,3,2,1,2,0,2,1,0,0,2,0,1,0,3,0,2,2,3,1,0,2,4,3,5,2,1,0,2,0,0,3,2,3,1,1,1,1,0,2,1,2,5,0,3,0,2,2,0,2,0,1,0,2,4,2,2,0,4,0,2,1,2,4,2,3,1,3,1,0,2,2,2,4,3,2,2,3,4,1,1,2,4,1,3,1,3,3,1,3,1,3,0,4,3,2,6,1,3
donor_13_cell_011,0,0,2,2,1,3,9,4,2,9,6,11,2,2,1,1,0,1,2,1,1,1,2,8,4,1,0,3,2,0,2,1,1,4,3,3,2,2,0,2,1,1,4,3,5,2,1,1,0,2,4,2,0,1,4,4,1,3,0,0,2,1,3,2,3,2,1,3,2,1,1,0,4,1,1,2,2,1,1,3,4,1,0,1,1,0,3,3,0,1,1,0,1,3,2,1,0,0,1,0,0,0,1,4,0,2,4,0,1,5,1,0,1,0,3,2,0,5,0,1,1,0,2,1,0,0,0,1,1,2,4,7,4,1,3,3,3,1,2,0,1,2,4,1,1,1,2,2,3,2,2,5,3,1,1,4,0,1,2,3,2,1,1,1,0,2,3,1,1,4,2,2,1,3,1,0,0,3,3,2,2,0,5,3,0,3,3,2,2,1,3,1,0,2,0,2,3,4,0,0,4,1,1,1,5,2,0,2,1,1,1,2,1,4,3,4,0,3,3,3,0,0,3,5,2,3,0,2,1,2,2,2,2,6,3,1,0,6,0,1,4,2,1,1,2,2,0,0,2,1,0,2,2,3,2,1,2,0,3,2,0,4,1,5,4,2,3,4,0,1,0,3,2,0,4,1,2,3,3,0,0,1,0,1,2,2,1,2,2,2,1,1,2,3,2,2,0,3,4,0
donor_13_cell_012,0,0,2,3,1,2,6,0,2,9,4,10,1,4,3,1,4,1,3,1,1,2,1,7,3,3,2,1,4,6,2,1,1,3,5,1,1,0,2,3,1,1,3,0,3,3,2,0,4,2,1,2,2,0,1,2,0,2,0,2,3,0,3,3,6,2,1,1,0,2,0,0,2,1,3,3,0,2,1,0,3,1,1,0,2,3,3,3,1,5,1,0,3,1,1,4,1,0,0,4,4,3,0,3,4,2,2,1,1,3,1,0,2,2,2,3,1,1,1,2,4,3,1,1,0,2,1,0,0,2,0,1,0,0,6,0,2,2,2,1,1,0,3,3,5,1,0,6,3,2,4,2,3,3,0,5,3,3,2,3,0,2,0,0,3,2,3,3,1,2,2,1,0,4,2,0,4,2,1,4,1,2,1,3,2,2,3,1,0,1,4,1,3,3,1,2,0,4,2,1,5,4,3,0,0,1,0,5,1,2,2,5,2,2,3,2,1,3,6,0,1,0,3,4,2,1,2,5,3,0,1,1,2,1,2,3,0,2,2,1,4,1,2,2,1,2,2,1,1,3,1,5,1,1,0,3,2,0,1,0,0,8,2,1,3,1,5,0,2,1,0,3,0,3,4,1,1,0,0,3,1,1,2,0,3,0,0,1,1,1,2,2,2,1,1,3,2,1,2,1
donor_13_cell_013,1,0,2,3,0,2,8,6,4,3,6,14,3,0,2,0,0,0,4,2,1,0,4,5,3,2,3,0,1,1,0,2,2,0,3,0,1,2,3,2,5,0,0,0,3,4,1,1,1,0,0,1,2,2,0,2,1,3,0,0,2,2,2,1,1,3,1,2,1,1,3,1,2,0,1,0,1,2,3,5,2,3,2,1,0,0,3,0,0,4,1,1,1,2,1,3,0,1,0,1,1,1,0,4,5,2,2,1,0,3,1,3,5,1,1,2,5,3,0,7,1,4,0,4,0,2,2,0,2,4,1,2,5,1,2,2,2,2,1,3,2,1,1,1,2,0,2,2,3,1,0,1,3,4,0,0,2,3,5,6,2,0,0,3,1,3,1,2,1,3,3,2,1,1,2,1,3,7,5,2,5,3,4,2,3,1,0,1,1,0,5,2,1,6,2,0,3,4,0,2,0,4,1,1,1,1,1,3,2,7,0,1,2,4,3,2,0,2,6,1,1,1,1,3,3,3,0,0,2,1,0,0,2,2,3,1,1,4,2,0,1,0,1,1,2,1,1,0,3,0,2,0,3,0,4,1,4,1,0,5,2,4,2,2,3,2,0,0,0,0,1,0,2,7,2,3,2,1,4,2,1,1,0,1,4,2,0,1,1,3,1,0,2,0,1,1,3,3,2,5
donor_13_cell_014,0,0,2,4,2,4,8,14,4,4,4,4,0,3,0,0,0,1,0,2,5,3,1,3,1,0,3,1,2,0,1,4,2,1,2,0,2,3,1,2,2,3,1,1,1,7,4,1,2,1,0,1,1,3,1,0,1,4,0,1,0,3,4,2,2,1,0,1,1,1,1,1,1,0,0,0,0,5,2,2,2,1,2,0,2,0,1,4,1,2,2,0,1,2,1,3,3,0,0,1,0,3,1,0,4,2,4,4,0,2,0,0,0,1,1,6,2,3,3,1,1,4,1,2,2,0,1,2,1,0,0,4,0,2,7,0,6,0,1,0,1,3,1,3,0,3,1,1,0,0,2,1,2,0,0,0,1,1,0,3,2,0,0,0,0,2,2,2,0,1,1,1,0,6,0,0,1,1,2,1,1,4,0,1,2,3,0,2,4,3,5,1,0,1,2,2,0,2,2,1,1,0,1,1,1,1,1,3,2,0,2,2,1,2,2,0,0,1,0,0,4,0,1,1,1,0,2,0,2,0,1,1,2,3,3,2,2,2,0,3,3,3,0,3,1,3,1,0,0,0,1,4,1,3,2,3,0,1,1,4,0,2,1,1,4,1,2,0,1,0,0,0,1,2,1,3,1,0,1,0,2,0,0,2,1,2,1,2,4,0,3,1,2,0,0,2,4,3,1,2
donor_13_cell_015,2,0,1,1,1,2,7,6,3,2,3,12,3,2,2,1,2,1,3,0,6,1,3,5,2,1,2,0,2,4,0,1,2,3,3,2,0,4,1,2,2,6,1,1,1,3,1,1,1,1,0,1,3,4,3,5,1,1,4,2,1,1,1,3,0,3,2,1,0,1,1,2,1,0,3,1,2,1,3,3,3,3,2,1,1,0,2,0,0,4,0,5,1,1,1,7,5,2,2,2,3,3,1,4,2,2,2,0,2,5,4,1,0,4,1,5,3,3,0,2,1,1,1,3,5,1,1,1,0,0,2,4,4,3,1,0,3,3,4,2,2,0,8,2,1,1,0,4,1,1,2,1,2,2,0,3,2,0,1,2,2,0,0,3,4,1,2,2,0,5,5,2,2,0,2,1,1,1,2,5,1,7,3,1,2,0,2,0,0,6,2,1,0,0,2,2,4,2,1,1,1,6,2,2,1,3,1,3,2,1,1,0,2,3,4,0,1,0,1,0,0,4,5,1,0,4,0,3,2,1,0,4,1,0,2,1,1,2,1,1,2,2,0,2,3,0,1,3,1,1,3,3,1,1,2,3,3,2,2,0,0,1,5,2,2,2,1,0,0,0,1,2,0,4,2,2,1,1,4,4,3,1,0,2,1,0,0,2,2,2,1,1,1,0,2,4,5,3,4,4
donor_13_cell_016,0,0,0,2,2,1,3,5,3,3,5,5,0,5,1,0,4,0,5,1,2,1,0,2,1,1,2,1,1,2,0,3,3,5,0,1,0,3,2,2,3,1,3,0,5,0,4,2,1,1,0,1,2,1,2,1,2,2,1,0,2,5,0,1,0,1,2,2,0,2,1,3,1,0,1,2,1,2,2,2,1,3,1,1,1,2,4,1,1,1,2,1,1,5,0,2,1,1,0,2,4,1,2,2,3,1,2,1,3,3,0,0,2,2,1,1,1,2,5,1,1,1,2,4,1,1,1,0,1,2,0,3,4,1,2,0,5,3,1,2,0,1,2,2,1,0,1,2,2,1,4,5,1,2,1,4,2,6,2,2,2,0,0,0,4,0,5,3,2,3,3,1,0,1,2,0,5,4,0,1,2,2,1,2,3,3,3,2,1,2,4,2,0,2,0,1,0,1,1,1,2,1,1,0,1,0,0,1,0,3,1,2,1,6,4,5,1,1,2,2,0,2,3,1,1,2,1,7,3,2,2,1,2,0,1,4,1,4,1,0,3,3,3,4,6,3,3,1,3,2,4,2,3,0,1,1,1,0,2,3,0,1,2,1,2,1,0,1,1,2,1,2,1,0,2,1,4,2,0,3,0,0,0,2,0,1,2,0,1,0,1,1,1,1,1,5,1,4,0,4
donor_13_cell_017,0,0,1,2,0,0,5,8,4,5,5,9,2,3,0,1,1,0,2,3,2,1,1,4,1,1,4,0,0,2,1,1,2,0,0,0,1,1,0,0,2,2,1,1,3,1,0,3,2,0,1,2,2,2,2,0,2,0,1,0,1,0,2,1,1,3,1,1,1,2,0,2,0,0,0,3,2,2,3,4,2,2,2,0,0,1,1,1,1,1,0,0,1,1,0,1,1,2,1,3,2,1,6,0,2,2,1,2,1,1,0,4,2,3,2,7,1,3,3,0,1,0,1,0,1,1,1,0,2,0,1,1,4,2,1,3,1,1,2,2,1,0,1,1,2,0,1,1,1,1,2,1,0,3,2,1,3,2,0,0,2,2,2,1,0,1,2,1,4,1,1,1,2,2,0,0,0,2,0,3,2,0,0,2,5,3,1,0,1,2,3,1,2,1,0,0,3,3,2,0,1,2,1,0,0,2,0,1,0,2,1,3,3,1,3,3,2,0,3,0,1,2,3,2,2,2,0,3,2,1,0,0,1,1,2,2,3,2,0,1,2,2,1,2,3,1,2,1,1,2,2,2,0,2,1,1,1,3,2,7,1,8,1,1,2,3,3,2,1,1,2,1,2,3,3,1,0,1,2,1,1,2,0,0,2,0,1,1,1,1,0,1,1,3,3,2,4,2,4,1
donor_13_cell_018,1,0,0,1,1,3,8,3,4,5,1,4,1,1,1,3,3,0,1,0,4,0,3,4,0,0,4,1,0,2,0,3,0,2,0,0,2,2,1,2,1,2,2,1,2,3,0,1,1,1,5,0,4,2,4,2,2,2,0,1,0,1,2,1,2,3,1,0,0,0,0,0,1,0,1,0,1,3,2,3,2,1,1,2,2,4,1,3,2,2,2,2,1,1,2,4,1,0,0,3,0,2,2,6,1,1,0,1,1,3,3,2,0,1,0,3,2,2,0,3,1,1,0,0,1,2,1,2,0,0,1,2,3,1,1,1,3,0,1,2,2,2,2,1,1,0,2,3,6,0,2,7,2,1,0,1,0,2,0,1,1,4,0,0,2,3,5,1,0,0,1,4,2,4,0,0,2,2,1,3,1,0,0,0,4,0,2,3,1,1,0,1,1,3,3,0,2,2,2,0,2,5,3,1,0,1,2,1,0,2,2,3,2,1,4,2,2,2,1,5,3,0,4,1,2,0,0,5,1,1,0,1,2,1,2,6,3,2,1,2,3,2,0,4,3,2,3,0,2,1,3,4,1,3,2,2,3,2,1,1,3,3,0,3,0,1,0,0,0,3,1,1,0,2,3,0,1,1,0,2,1,3,0,0,2,1,1,1,3,0,3,1,4,3,2,3,3,2,1,0
donor_13_cell_019,0,1,1,3,3,5,10,8,3,4,3,4,4,1,2,0,2,1,2,1,2,1,2,3,3,1,1,0,1,1,2,1,3,0,3,2,1,1,3,0,3,3,2,1,3,2,3,1,3,0,2,1,2,2,2,2,5,1,2,1,3,2,1,0,1,0,1,1,0,4,2,2,1,0,0,0,0,2,2,2,0,2,2,1,2,0,3,1,0,3,0,5,1,1,2,3,0,2,0,3,3,4,0,4,2,3,0,0,0,3,2,3,2,3,1,2,2,1,2,1,2,2,2,2,2,2,2,2,1,1,0,6,1,0,2,2,5,3,1,1,1,0,2,0,2,4,0,1,5,0,2,2,1,3,0,1,5,4,1,2,1,1,4,0,1,2,3,2,0,2,2,2,0,4,0,2,1,2,4,5,2,3,2,2,2,5,0,0,2,2,5,0,0,1,1,0,0,1,1,2,2,4,5,1,0,3,0,5,0,0,2,0,0,0,3,1,0,1,2,1,1,1,1,0,2,3,0,2,3,1,1,1,3,3,5,0,1,1,1,2,0,2,4,1,1,1,3,0,1,4,1,2,1,0,2,2,3,1,3,0,0,3,1,2,2,2,4,0,0,1,4,2,1,3,5,2,2,0,1,4,0,2,1,1,0,2,4,0,3,1,0,2,2,1,4,4,6,4,4,0
donor_13_cell_020,0,0,1,2,1,2,7,5,5,7,2,3,0,2,2,2,1,1,5,3,2,2,2,4,1,2,1,1,0,1,0,0,3,2,0,1,0,4,3,3,1,0,2,2,3,2,0,1,1,0,1,1,3,1,2,2,0,3,2,1,3,0,1,2,2,1,2,1,1,3,1,1,4,2,1,1,0,0,1,3,2,0,2,0,0,1,3,2,1,2,2,2,1,3,0,1,0,0,1,5,0,4,0,0,2,2,0,2,0,2,2,0,3,2,1,2,2,2,2,2,3,3,0,2,0,1,2,1,3,2,1,6,1,1,1,1,1,1,1,1,0,1,3,2,2,1,0,1,4,2,2,0,3,1,1,3,2,1,1,4,5,5,2,0,1,0,0,3,0,1,1,1,0,1,1,0,1,1,1,4,1,0,2,1,1,2,2,0,2,2,3,2,0,0,2,0,3,2,1,0,0,2,3,1,0,1,1,3,0,0,2,0,0,1,2,2,0,0,3,2,1,0,2,2,0,2,0,0,1,0,0,0,5,3,1,1,1,3,0,0,1,1,1,3,0,1,1,1,0,2,3,2,2,1,2,1,2,1,0,1,1,1,3,2,1,0,0,1,0,1,0,1,0,2,2,2,2,1,1,3,2,1,0,0,3,0,0,0,4,2,0,0,1,1,1,2,3,2,1,3
donor_13_cell_021,0,0,2,2,2,4,3,5,0,1,4,10,3,1,2,0,1,1,5,1,1,0,1,1,3,1,1,0,1,2,0,0,0,1,1,1,1,0,1,2,1,2,6,1,1,0,2,1,1,1,0,2,5,4,2,1,2,1,4,0,1,4,3,1,3,2,2,3,3,1,1,1,4,1,0,1,1,5,2,0,1,1,2,2,0,2,3,3,0,0,2,2,1,0,0,0,1,1,1,2,3,1,0,0,1,0,1,0,1,1,3,1,1,1,1,0,2,1,6,2,2,1,0,0,1,0,1,3,0,1,1,1,1,0,1,4,2,2,0,0,1,0,3,1,2,0,0,3,1,2,0,5,3,1,0,5,2,0,0,3,0,2,0,3,0,0,3,0,3,4,0,2,1,2,0,1,3,3,1,3,2,2,0,1,1,5,1,0,4,1,4,0,3,0,0,1,2,3,0,0,5,0,1,0,2,2,4,0,2,3,0,2,1,1,0,0,0,2,2,0,0,3,0,4,0,3,0,1,3,1,0,3,3,3,2,1,2,2,3,1,0,1,3,2,1,2,1,2,0,4,1,3,1,1,2,2,0,1,0,0,1,0,1,0,3,0,1,2,0,0,1,3,1,2,3,1,2,2,2,2,0,2,2,0,3,2,0,4,0,2,3,0,2,2,1,1,0,3,0,1
donor_13_cell_022,2,1,2,1,0,5,7,7,5,7,3,7,0,4,2,2,1,0,4,1,1,2,2,2,2,3,2,3,0,2,1,4,2,1,5,3,1,2,1,2,1,3,0,1,1,2,3,1,3,1,1,0,2,1,0,5,2,3,0,1,2,2,2,4,5,1,1,5,2,3,2,2,2,0,2,1,3,1,1,2,3,1,3,1,1,2,2,0,2,3,1,0,2,0,0,3,0,1,1,2,0,3,0,4,1,5,3,1,0,2,1,0,1,1,0,3,1,0,2,4,1,1,2,1,0,0,2,2,1,0,0,4,0,2,3,2,6,0,2,2,1,3,4,1,2,1,3,0,2,3,5,0,1,2,1,3,4,1,3,0,1,2,0,2,4,1,4,5,2,2,2,3,0,3,2,0,2,1,3,2,1,3,2,3,2,2,2,0,0,2,1,1,3,2,2,0,1,3,0,2,1,4,3,0,1,2,0,0,2,1,3,2,2,2,4,1,1,0,6,2,0,3,1,3,4,3,0,1,2,2,0,0,2,6,4,2,2,3,1,1,3,1,1,1,3,1,0,0,4,1,1,3,7,0,3,1,1,1,0,1,1,1,2,1,3,1,0,1,0,0,0,1,1,1,2,2,2,1,1,1,0,0,3,0,1,0,0,1,2,2,2,0,3,0,0,2,2,2,2,5
donor_13_cell_023,0,0,3,4,1,0,6,11,4,7,2,5,3,1,0,2,1,0,2,2,1,2,0,2,0,2,1,0,2,0,0,5,0,1,3,3,1,1,0,4,4,2,5,1,3,3,2,1,1,1,0,0,1,1,3,0,2,2,0,0,1,3,1,1,1,1,2,0,1,2,1,0,2,0,1,3,0,2,1,4,4,3,0,1,1,1,1,1,1,0,4,4,1,4,0,5,1,1,1,2,1,2,0,4,1,1,1,1,0,3,2,0,3,2,0,1,2,3,3,3,2,5,0,1,1,3,0,2,2,1,0,1,2,3,0,1,2,0,1,0,2,1,1,4,0,2,0,2,1,0,3,3,1,1,1,2,1,3,0,3,0,1,3,1,3,0,2,4,3,0,2,2,1,4,2,0,2,2,3,2,4,2,1,1,3,3,5,2,6,2,4,0,0,7,0,1,3,4,1,0,3,0,2,1,1,1,0,2,1,1,2,0,3,1,4,5,0,4,1,1,0,2,6,3,0,3,1,2,3,3,2,1,2,3,2,6,2,2,0,0,0,2,0,3,2,1,3,3,0,1,2,1,0,4,3,4,1,3,3,1,1,2,3,0,5,4,2,1,3,1,1,2,0,2,1,0,1,2,2,2,2,3,1,3,0,3,1,1,1,2,2,0,4,0,2,4,2,1,1,3
donor_13_cell_024,1,0,4,3,0,2,5,4,4,5,2,12,0,4,0,0,1,0,2,0,1,0,2,2,1,2,4,1,0,3,1,3,0,2,3,3,1,1,2,2,2,1,3,0,3,1,1,4,4,0,2,1,4,1,3,1,1,1,1,2,4,1,1,1,1,1,1,0,0,3,1,1,3,0,1,3,0,1,3,2,2,3,4,2,1,4,0,0,2,3,0,0,1,1,1,1,1,1,2,4,2,4,0,4,1,0,2,0,4,2,2,2,1,2,0,0,7,3,0,5,0,1,0,1,1,1,2,0,1,2,1,4,4,0,1,4,3,4,2,2,0,6,2,1,1,0,1,1,3,0,1,2,1,3,1,5,1,2,1,3,4,3,0,0,4,2,1,2,1,3,1,3,0,3,1,1,1,3,1,2,3,0,0,0,0,1,1,0,2,1,2,2,1,3,1,0,2,3,0,1,1,3,4,3,2,1,4,3,1,3,0,2,1,1,3,2,0,2,4,2,1,1,4,1,2,0,0,2,1,0,1,0,1,2,3,2,0,4,0,0,0,1,3,3,1,1,1,1,2,1,3,2,2,1,1,0,0,1,2,2,4,0,1,2,5,2,1,1,2,0,1,2,0,3,1,0,1,1,1,2,1,1,3,0,1,0,0,4,2,0,3,0,5,1,3,1,1,1,2,3
donor_13_cell_025,0,0,1,2,0,4,10,8,2,7,5,7,3,1,2,1,2,0,3,1,4,1,2,3,0,3,2,1,2,0,1,4,2,1,2,4,2,1,0,3,1,4,1,0,3,6,2,0,3,2,0,0,2,2,1,1,2,0,3,0,1,4,3,1,2,2,4,1,0,1,2,1,1,0,1,1,0,1,1,2,1,3,2,2,1,0,3,2,2,1,3,2,0,5,4,7,2,0,4,3,2,1,2,1,2,4,1,2,0,3,2,2,1,3,2,4,2,1,1,1,2,2,2,4,1,1,2,2,1,0,0,2,2,0,1,2,3,2,1,0,3,0,2,2,3,0,0,2,3,0,4,6,0,3,0,0,1,2,1,2,0,3,1,0,2,2,4,3,1,4,0,0,1,2,2,0,1,3,4,2,6,3,0,0,0,2,1,2,2,1,2,1,0,4,0,2,2,2,0,3,2,4,1,1,0,1,1,1,2,2,3,2,2,0,0,3,1,1,1,3,2,0,1,6,3,2,0,2,1,1,4,3,4,2,2,5,2,1,2,1,3,5,0,2,2,3,3,1,1,3,1,2,2,2,0,2,1,0,0,1,2,1,2,0,1,0,1,0,0,2,1,1,0,2,3,1,2,2,3,3,2,2,1,3,3,3,1,0,1,1,2,2,4,0,1,4,3,2,4,4
donor_13_cell_026,0,0,0,4,0,0,5,6,4,6,5,6,2,4,1,1,3,2,2,2,2,3,4,3,2,3,0,0,1,2,1,1,2,1,0,0,6,2,1,3,2,0,3,3,4,1,0,2,1,2,1,1,1,3,0,2,0,0,2,2,0,3,1,2,0,1,1,3,0,3,2,1,4,1,2,0,0,0,1,3,0,1,2,2,0,2,0,0,0,2,1,2,2,1,1,2,1,0,2,3,3,1,3,2,1,3,0,2,0,2,0,0,3,3,2,2,3,2,0,0,0,1,0,1,0,0,0,1,2,0,1,2,0,0,1,0,2,0,3,1,1,1,2,2,2,1,1,1,3,1,1,1,2,0,0,3,0,0,4,2,1,3,1,1,1,1,2,3,0,0,0,3,1,2,2,1,1,4,3,3,4,4,3,2,2,1,4,0,2,1,4,1,0,1,0,1,1,4,0,0,3,5,0,1,2,2,0,1,1,4,2,0,2,2,1,1,1,1,4,3,1,3,4,0,0,1,0,2,0,1,1,2,2,2,3,4,3,1,1,0,5,3,3,3,0,2,1,2,1,0,3,1,4,1,0,2,2,1,0,1,0,6,0,0,1,1,1,0,3,1,1,2,1,2,2,3,1,3,3,5,0,4,1,1,1,1,1,1,3,0,1,0,2,1,2,2,3,1,0,2
donor_13_cell_027,0,0,0,2,0,2,10,6,0,4,7,8,2,4,1,1,2,2,4,3,2,2,3,1,2,3,4,1,1,6,2,2,0,0,2,1,0,2,2,0,4,4,3,1,3,1,1,1,1,1,0,2,4,2,2,2,2,4,1,0,2,1,4,2,1,2,1,1,2,1,2,3,1,0,2,1,1,4,2,0,3,2,2,0,0,3,1,2,3,0,0,3,1,1,3,3,3,1,1,1,3,0,1,2,2,3,3,0,1,2,0,2,0,4,1,2,2,1,1,1,1,4,0,1,1,2,1,0,2,3,2,3,3,0,3,2,3,3,1,2,3,0,4,1,2,1,1,1,2,2,0,2,0,2,2,2,2,2,1,4,0,4,0,2,2,0,4,4,0,1,2,0,2,2,0,0,1,1,3,0,1,6,3,1,0,4,1,0,1,2,2,2,0,2,0,3,3,1,2,0,2,3,3,1,0,1,1,3,0,1,1,1,2,0,0,4,1,1,3,0,2,0,3,1,4,1,1,2,1,2,1,1,2,1,2,0,4,3,0,1,2,0,1,1,0,4,2,2,1,2,2,2,4,1,3,2,2,0,0,1,1,3,1,1,2,0,2,2,0,1,0,1,1,1,2,1,0,1,5,1,0,1,2,2,0,0,1,4,0,3,1,2,5,1,1,1,2,1,1,3
donor_13_cell_028,0,1,3,0,1,3,7,5,5,4,2,4,3,2,3,1,2,0,2,4,2,0,2,2,6,2,1,1,1,1,1,3,2,0,1,2,2,1,2,3,1,0,0,1,7,2,3,3,1,1,2,1,2,1,1,1,0,2,1,0,4,4,2,1,2,0,2,3,0,5,4,1,2,1,3,2,3,3,3,3,4,2,1,0,0,1,0,0,0,0,0,4,1,1,0,3,3,2,0,1,5,1,0,2,0,3,1,0,1,2,2,1,1,0,2,1,3,1,0,5,0,0,0,1,1,1,2,2,1,2,0,1,1,2,1,1,1,2,4,1,3,1,4,2,0,0,1,6,1,0,2,2,3,3,3,2,1,3,1,3,1,2,1,1,2,1,2,3,3,2,2,1,0,1,0,1,1,3,3,0,1,0,1,0,1,1,0,1,3,2,0,1,1,0,0,2,2,0,4,3,5,2,2,0,1,2,0,2,1,4,0,1,0,0,2,2,1,2,1,1,3,4,1,3,2,2,0,1,2,2,2,1,0,1,5,1,2,3,1,0,6,2,4,0,2,2,2,0,0,2,1,2,5,2,2,5,1,2,1,5,1,3,1,2,1,2,2,1,1,1,0,1,1,3,2,1,0,1,3,2,0,1,1,2,3,2,0,0,0,3,3,2,2,2,2,3,3,3,0,4
donor_13_cell_029,1,0,4,3,3,3,2,3,2,9,6,5,0,3,0,1,1,1,4,4,4,1,3,2,1,1,2,2,2,4,1,1,1,3,0,2,0,2,2,0,1,3,3,1,4,1,0,2,2,0,2,1,5,1,1,1,1,4,1,1,2,3,1,2,2,7,2,0,0,0,1,3,4,2,1,2,0,3,1,3,3,1,2,4,1,2,3,1,2,2,1,2,0,1,0,3,3,0,1,1,1,0,2,1,2,3,5,2,0,2,0,1,2,2,0,6,1,3,0,0,1,2,2,1,3,1,2,2,0,4,2,1,3,2,2,1,4,2,2,1,0,0,3,2,3,1,3,1,1,0,0,4,0,0,0,3,0,1,1,1,1,5,1,0,2,1,3,1,1,2,3,1,1,3,1,2,0,2,2,1,3,3,1,2,2,4,2,3,2,2,3,2,0,3,0,0,2,4,2,1,7,2,3,1,0,1,2,1,2,4,2,3,0,2,4,0,2,0,2,1,2,1,2,4,2,3,2,1,3,0,0,2,2,1,3,4,1,1,1,3,1,1,2,3,0,5,0,1,4,0,4,1,1,1,2,2,2,3,0,0,2,3,1,0,4,1,0,0,2,1,1,1,0,0,2,1,4,5,3,4,1,0,6,0,3,0,0,2,1,0,2,0,1,0,8,4,7,2,1,2
donor_13_cell_030,1,0,3,1,0,5,7,7,2,2,0,9,0,3,1,2,3,1,5,2,0,1,1,4,1,1,0,0,1,2,1,1,1,2,2,1,1,2,0,0,2,3,1,2,0,3,2,4,0,0,1,0,2,1,4,0,6,3,0,0,1,2,0,3,3,3,3,5,2,3,0,0,1,4,0,1,0,1,5,3,1,1,0,1,0,0,3,0,2,1,1,0,1,1,1,4,2,2,1,2,2,1,2,3,4,1,2,3,1,3,3,1,1,4,1,3,2,0,1,2,1,2,0,1,1,1,2,0,0,1,2,4,0,1,3,3,1,3,1,0,1,3,1,2,0,0,2,3,3,0,0,2,1,1,1,2,0,2,4,2,1,0,0,1,2,4,3,0,1,1,2,0,0,5,1,0,2,0,3,1,2,3,1,2,4,1,1,2,3,1,3,1,4,1,2,2,0,3,0,1,0,1,4,1,0,1,1,4,0,5,0,2,0,3,0,0,1,0,2,3,1,2,3,3,4,2,0,1,1,1,1,1,1,1,1,3,1,2,1,0,3,3,2,3,2,3,5,3,1,1,0,3,2,0,2,2,2,0,1,5,0,3,3,2,0,4,1,1,0,0,0,0,0,2,3,1,0,1,1,2,0,1,0,1,0,0,1,1,1,1,4,1,2,1,0,5,3,2,2,1
donor_13_cell_031,0,0,2,1,0,5,10,8,1,6,6,7,3,0,3,2,0,0,1,2,1,0,1,3,0,2,2,0,1,1,0,0,2,1,2,1,1,1,1,2,0,4,3,0,5,2,1,1,3,0,2,0,4,6,1,2,1,2,0,4,2,0,3,2,6,2,3,0,1,2,1,1,3,1,0,2,0,6,0,1,0,3,6,1,1,0,2,1,2,2,1,2,0,1,0,2,1,0,2,2,3,4,2,1,0,3,1,3,1,2,0,2,1,0,0,3,5,2,2,0,3,3,0,2,0,1,1,0,2,3,0,2,0,0,1,0,2,1,0,2,2,1,4,1,0,0,1,3,2,0,0,3,1,1,1,2,1,2,0,2,1,1,2,0,0,2,4,0,2,4,0,1,2,2,0,1,1,7,1,0,3,1,1,1,1,3,4,0,2,5,2,1,1,2,0,2,2,3,3,1,1,5,3,3,0,1,0,2,2,2,2,0,1,1,1,1,1,1,1,0,1,1,0,2,1,3,0,3,1,2,0,2,4,0,1,1,0,3,0,1,4,3,1,2,1,3,5,1,3,1,4,1,1,2,0,1,5,0,2,1,1,2,2,1,2,2,1,0,2,3,2,3,0,2,2,1,1,2,2,1,0,1,2,2,2,2,0,0,1,0,2,0,3,0,2,4,2,0,1,3
donor_13_cell_032,0,0,3,2,1,7,4,9,6,9,5,9,2,3,1,3,0,2,3,2,4,3,3,3,1,1,0,0,3,6,4,4,0,3,1,4,1,2,0,0,3,1,3,3,3,0,4,1,1,2,2,2,2,3,4,4,2,0,0,1,0,3,2,2,3,0,2,5,2,4,1,2,2,0,1,2,2,3,6,2,2,1,2,2,2,2,1,2,2,3,0,1,1,6,0,3,1,3,2,1,2,1,2,4,2,1,0,4,3,6,1,3,0,2,2,1,2,1,4,0,0,1,1,2,1,2,1,1,2,1,0,1,3,0,0,0,4,1,3,1,0,0,4,3,1,2,2,3,4,0,1,3,2,0,0,1,2,2,4,2,1,5,0,1,4,1,1,4,2,5,2,2,1,3,1,1,2,1,3,2,5,1,1,1,1,4,2,1,2,0,7,0,1,3,1,1,4,2,2,0,4,4,3,1,4,1,2,1,1,3,3,4,0,1,0,2,0,0,1,4,2,3,5,5,1,3,0,3,3,0,1,4,4,4,2,2,2,1,2,2,2,4,0,1,1,3,1,2,2,0,3,7,1,2,2,1,1,0,0,0,0,2,0,1,4,0,1,0,2,0,1,4,1,2,4,1,0,3,6,0,1,2,2,4,4,0,0,1,4,1,3,0,4,2,4,5,1,4,1,3
donor_13_cell_033,0,0,2,2,0,4,5,5,4,9,5,7,0,2,4,0,0,0,2,4,2,4,4,2,4,2,2,0,3,4,1,2,2,3,3,2,2,2,1,1,0,2,2,1,4,1,1,0,2,1,0,1,1,1,5,2,2,1,1,1,3,3,3,4,4,0,4,3,0,2,1,2,1,5,1,3,1,3,4,1,1,4,1,2,1,2,3,1,0,5,1,2,2,2,1,1,1,0,0,2,7,4,0,4,1,5,4,2,3,1,0,1,3,2,1,2,3,2,0,2,3,1,2,1,0,2,1,0,2,5,0,6,2,1,3,0,0,2,1,1,1,2,3,2,3,2,1,3,2,0,2,2,2,2,1,2,4,4,2,2,0,3,1,0,4,1,0,9,1,0,2,1,0,3,1,0,3,3,3,3,1,5,3,3,2,3,1,0,2,3,1,0,1,4,0,1,2,5,0,3,3,3,0,3,0,2,1,1,0,1,2,3,1,0,1,1,1,2,2,1,1,3,2,2,0,5,0,2,4,0,3,2,2,3,1,2,2,4,3,0,2,4,2,1,1,4,2,1,3,2,1,2,0,1,1,5,3,2,0,3,2,1,3,2,3,0,3,0,0,0,1,2,0,2,2,1,5,0,4,3,2,1,1,1,1,1,0,1,2,0,2,1,1,0,2,2,1,1,3,2
donor_13_cell_034,0,0,3,2,1,2,5,4,0,3,5,3,2,3,2,4,2,1,1,0,3,2,1,4,4,1,2,0,0,2,3,5,0,0,2,0,2,3,1,2,1,2,1,0,1,1,5,1,0,1,0,0,3,4,1,1,1,2,1,3,2,3,1,3,0,1,2,3,0,1,0,1,2,0,1,0,2,1,2,2,1,1,5,2,2,0,1,2,1,1,1,2,1,1,3,2,1,0,1,2,1,1,1,0,2,2,1,1,1,0,3,2,2,2,0,1,1,0,5,4,2,5,0,2,0,1,0,2,2,1,1,4,4,2,1,0,2,1,0,0,4,1,6,2,2,1,1,0,0,0,2,3,0,1,1,3,2,0,3,4,0,1,0,0,3,3,5,1,0,3,2,0,1,5,1,0,1,3,3,0,1,4,4,1,2,4,0,0,2,0,3,1,2,4,1,3,5,4,0,1,4,2,1,0,0,0,1,1,2,0,1,3,1,1,1,1,0,2,2,1,0,0,3,0,0,4,0,2,0,0,0,0,2,0,2,4,0,3,0,1,3,2,1,3,4,6,2,1,2,0,1,3,3,2,0,1,2,3,0,1,0,5,2,0,2,2,2,0,2,0,0,2,0,1,1,1,4,2,7,5,1,2,0,0,2,1,0,1,2,1,1,3,5,1,0,3,3,2,5,1
donor_14_cell_000,1,1,1,1,1,3,0,2,0,2,2,4,2,2,1,0,0,0,2,0,1,0,4,2,0,1,0,2,0,0,2,2,0,1,1,2,1,0,1,0,1,2,2,2,3,0,2,0,1,0,2,0,1,2,1,5,2,2,1,3,3,2,4,2,0,1,1,2,1,1,1,0,0,2,1,0,1,5,1,1,1,3,4,0,0,2,1,1,0,0,1,0,0,2,0,0,4,0,2,1,2,1,1,0,0,7,1,1,2,2,3,1,0,4,5,2,2,2,2,0,1,4,1,0,0,1,1,2,1,1,0,2,1,2,2,0,5,0,1,0,3,1,1,1,0,0,3,1,1,0,1,2,0,2,1,5,1,2,0,1,0,2,1,0,1,2,2,0,1,2,0,1,0,4,1,0,1,2,0,1,1,5,2,1,2,2,0,1,1,0,1,2,0,3,0,0,0,2,0,3,2,1,1,0,2,0,2,2,1,0,2,1,2,3,3,1,1,2,2,1,0,4,1,4,3,6,0,2,3,0,0,0,3,3,2,0,1,2,2,2,1,2,2,3,3,3,2,1,2,1,2,4,2,2,3,2,3,0,1,2,0,2,0,1,1,0,1,0,0,0,0,2,1,2,0,1,0,1,0,4,0,1,2,1,2,1,3,0,1,0,1,0,6,2,0,2,0,0,3,2
donor_14_cell_001,1,0,2,1,2,1,0,2,0,1,3,5,4,2,1,3,1,0,2,0,0,0,2,1,2,0,2,0,1,3,1,1,0,0,1,2,0,3,0,1,1,1,1,2,4,1,3,2,2,1,0,1,2,1,2,1,1,2,1,2,1,0,1,3,2,1,1,0,1,3,0,3,5,2,0,1,3,2,1,0,1,3,1,1,2,2,3,2,0,0,1,2,2,3,0,3,0,0,1,2,1,1,0,2,1,1,1,0,1,3,2,2,2,0,3,1,4,2,1,1,2,2,2,2,0,1,1,0,1,1,2,2,1,0,5,1,1,3,3,1,6,2,6,1,0,1,0,2,0,2,3,2,1,3,0,1,0,3,4,1,2,2,1,2,1,1,1,2,1,0,2,0,1,1,3,1,3,3,0,1,3,4,1,0,2,0,0,2,2,1,3,0,0,5,1,0,0,2,0,0,2,4,5,2,1,2,0,0,1,0,3,1,1,5,7,0,1,0,2,3,0,1,2,5,1,1,1,2,6,3,2,1,4,4,5,5,5,1,0,0,1,0,2,3,2,5,4,0,2,5,1,2,4,3,2,3,1,0,1,3,3,1,2,0,1,0,0,2,0,2,0,1,0,4,4,1,2,0,1,4,1,1,1,1,0,2,1,2,5,0,0,1,0,0,1,1,5,1,2,3
donor_14_cell_002,0,1,2,3,0,0,2,1,0,2,0,3,2,1,1,2,0,1,0,0,1,0,2,5,0,0,0,2,0,5,1,2,2,1,3,0,0,0,1,2,0,1,2,0,2,2,0,2,2,0,0,0,3,0,4,3,1,3,1,4,1,0,3,0,2,2,1,0,1,1,0,1,0,2,1,0,1,2,2,1,2,2,5,1,1,1,3,4,2,1,4,0,3,1,1,1,0,1,0,3,4,3,0,1,1,2,5,2,0,1,2,1,1,1,0,2,1,1,4,3,1,1,1,2,0,0,2,0,0,1,1,1,1,2,1,1,2,0,1,0,1,1,1,1,2,1,2,0,0,1,2,5,2,2,0,2,1,4,6,0,0,1,0,0,2,0,3,3,0,2,0,1,2,2,0,0,1,3,1,3,2,1,4,1,1,0,2,1,1,0,0,2,0,2,0,2,0,2,1,1,3,0,4,0,2,0,3,2,0,5,1,0,2,2,0,3,1,1,2,1,4,1,2,4,1,3,2,0,5,1,2,1,7,0,2,1,1,2,0,1,1,3,0,1,0,1,1,0,0,1,2,2,0,0,1,1,0,1,2,0,0,2,2,0,2,0,1,2,1,1,2,1,1,0,0,0,0,2,3,3,2,2,1,1,3,1,1,1,0,1,3,1,1,1,2,6,2,3,4,1
donor_14_cell_003,0,1,1,4,2,2,0,2,1,1,2,2,3,3,1,0,3,0,1,4,3,0,0,2,4,4,3,1,0,0,5,6,0,0,1,1,0,1,0,1,1,2,2,3,3,5,1,1,3,0,0,1,1,1,1,4,0,1,1,1,0,0,1,2,0,2,2,1,2,0,0,2,2,2,0,0,0,1,2,2,2,2,5,1,0,2,3,2,2,0,0,2,1,2,1,3,1,3,1,3,5,1,1,4,2,2,3,0,2,0,0,0,0,2,1,1,3,2,1,4,2,4,2,0,2,1,1,5,2,2,1,1,3,0,2,0,4,2,2,0,3,1,1,1,0,1,2,3,1,0,2,1,0,2,1,2,2,0,0,1,1,0,1,0,3,2,1,2,1,2,1,1,0,0,1,1,2,3,2,2,4,4,1,1,2,2,2,1,1,3,3,3,0,5,3,0,2,0,1,2,0,4,1,1,0,1,1,3,0,1,2,1,1,0,3,4,1,1,1,1,1,0,1,0,1,0,2,0,4,0,1,2,2,1,4,0,0,4,1,1,2,2,2,4,1,0,2,1,1,3,1,0,1,3,1,2,0,1,2,3,2,1,2,2,3,1,2,1,2,2,3,1,0,2,2,1,1,0,1,3,2,0,1,0,2,1,1,0,2,1,0,2,5,0,1,0,2,3,0,3
donor_14_cell_004,1,0,2,2,1,3,0,3,2,3,2,4,3,3,3,0,0,2,1,6,4,0,4,5,4,3,1,1,0,3,3,1,1,1,3,3,0,4,3,1,0,2,2,2,2,3,1,2,5,1,1,2,2,1,4,2,0,2,3,2,4,5,4,4,1,1,0,1,1,1,0,1,3,1,2,2,2,4,0,5,3,3,6,1,1,1,1,3,2,3,0,5,0,1,0,1,0,0,0,3,3,4,4,4,1,1,0,2,0,1,1,4,1,3,3,2,2,3,2,1,1,2,1,2,0,3,3,0,1,2,2,2,1,2,4,0,0,2,3,2,1,2,3,5,2,0,1,2,7,0,3,5,3,2,0,3,1,2,1,1,1,1,2,0,1,1,1,3,1,3,1,4,4,1,1,0,2,4,3,2,2,1,1,2,4,2,1,1,4,0,6,2,1,3,1,1,3,5,0,4,2,1,4,1,0,3,2,1,1,2,1,0,2,2,3,1,0,0,2,1,1,2,1,10,1,2,0,1,6,1,1,2,4,4,6,3,1,2,0,0,3,0,4,7,3,5,2,2,0,1,4,2,2,1,0,3,0,2,0,1,1,2,3,1,6,0,2,1,0,1,3,3,4,2,1,4,1,1,3,6,1,0,3,0,1,2,3,2,2,0,2,2,1,0,0,1,4,3,4,1
donor_14_cell_005,1,1,4,3,1,4,3,1,2,1,1,1,1,3,0,1,1,1,3,1,1,4,4,3,3,0,2,0,2,2,2,6,3,4,4,0,2,4,0,3,1,3,0,1,2,1,1,2,2,0,0,0,3,3,2,1,1,3,3,0,2,2,1,3,2,0,2,0,2,0,2,3,2,1,1,1,4,3,2,2,2,4,6,0,0,2,3,3,1,0,3,2,2,4,1,4,2,1,1,3,0,2,1,1,2,2,1,3,4,1,1,3,2,3,2,4,3,0,1,1,0,3,1,0,1,1,1,1,0,3,0,0,1,1,1,1,2,1,3,2,3,0,1,1,0,1,1,0,2,1,4,1,2,4,3,3,0,5,2,2,0,4,2,0,5,0,2,2,2,4,0,2,0,0,1,0,3,0,2,2,2,3,0,0,2,1,3,0,1,0,0,2,0,0,1,1,2,4,1,1,3,3,3,2,0,4,0,2,1,3,1,3,0,2,2,4,0,1,2,4,1,2,1,3,0,3,0,2,2,0,1,3,2,3,3,1,0,1,0,2,1,1,0,2,1,6,3,1,1,1,3,4,2,2,4,3,4,2,4,2,3,2,1,3,2,1,1,2,0,1,2,3,1,0,2,0,2,3,3,2,0,1,0,1,2,0,2,0,0,0,3,0,1,0,3,1,4,1,5,3
donor_14_cell_006,0,0,3,3,1,5,0,2,1,3,2,2,1,2,1,1,2,0,0,3,2,1,1,6,6,1,2,0,0,1,3,4,1,1,0,1,0,0,0,2,2,0,0,2,1,2,2,0,2,1,0,1,1,1,1,0,1,0,2,2,2,3,4,1,0,2,1,0,1,1,0,3,1,1,0,1,2,6,0,3,1,0,0,1,2,1,0,3,1,2,0,2,0,2,2,0,1,0,1,1,2,3,2,3,0,4,0,1,0,4,3,0,1,3,1,2,3,1,0,1,0,1,3,1,2,2,0,0,1,1,0,2,0,1,5,2,2,1,2,2,0,1,2,1,2,1,1,2,1,0,2,0,2,1,1,3,1,0,2,0,0,1,1,0,2,0,1,1,0,2,1,0,0,2,2,0,2,2,1,4,3,1,1,0,7,5,0,1,3,1,1,0,3,2,4,4,1,0,2,2,2,3,0,0,1,0,1,0,0,0,1,2,0,4,2,2,1,1,4,1,4,2,2,1,1,1,0,1,4,0,3,3,3,0,1,3,2,2,1,0,1,2,0,1,2,4,1,0,1,2,1,3,0,1,2,1,1,0,1,5,0,2,4,1,4,2,2,0,2,0,1,1,1,1,3,1,1,0,0,4,2,0,0,1,4,3,0,1,1,1,0,2,1,0,1,5,0,1,3,0
donor_14_cell_007,0,1,3,4,0,1,1,3,0,2,4,1,1,3,1,1,1,1,2,4,0,1,5,4,2,2,4,1,3,1,1,1,0,2,4,2,0,5,1,1,2,5,4,0,1,1,1,0,0,0,2,1,1,2,1,3,3,1,0,0,2,1,1,2,1,0,1,0,1,1,0,0,0,0,0,3,1,0,0,3,2,3,3,0,0,1,0,3,2,0,3,2,2,3,2,1,2,0,0,2,3,2,3,1,3,1,1,2,0,4,2,0,3,1,2,0,5,3,0,2,4,1,1,1,0,1,4,2,0,0,1,2,0,0,1,0,3,2,2,3,2,3,1,1,2,1,1,4,5,2,1,1,0,3,4,1,1,2,3,3,0,1,1,0,4,1,2,5,1,2,0,4,2,3,2,1,1,2,0,4,0,2,3,0,0,0,2,2,0,3,8,0,1,0,0,1,3,1,2,2,2,3,4,2,1,1,1,6,0,2,0,2,4,5,2,2,0,2,1,0,2,0,5,2,1,3,0,4,1,0,0,2,4,1,3,2,1,2,1,2,1,3,2,2,2,3,2,2,1,0,2,1,2,2,1,1,1,1,0,4,0,2,2,1,5,4,1,0,0,0,0,0,3,0,2,0,0,1,1,1,3,1,1,0,1,3,0,0,0,2,1,0,5,0,1,3,3,1,2,3
donor_14_cell_008,0,0,4,1,0,6,4,0,0,2,0,3,5,6,1,1,6,1,3,0,3,0,2,0,0,3,3,0,1,2,3,2,3,2,3,0,1,2,1,2,1,0,4,1,0,4,3,2,4,1,1,1,3,4,1,1,2,2,2,3,0,3,4,6,1,4,1,1,1,1,2,2,1,1,2,0,1,2,6,2,3,0,3,1,1,0,4,3,0,2,2,1,4,2,1,3,0,0,1,3,1,3,2,2,5,1,2,0,3,3,3,1,2,2,3,0,1,3,2,0,3,2,0,1,2,1,1,1,2,5,0,1,2,4,3,0,4,3,0,1,1,2,3,3,2,1,1,0,1,1,5,5,2,0,1,3,0,1,2,0,1,2,1,1,2,5,0,3,4,4,3,5,0,3,0,1,0,2,3,3,3,5,2,0,2,3,2,0,2,1,7,1,0,7,3,3,3,2,3,1,5,4,2,0,2,0,0,3,2,2,1,2,3,1,5,0,3,2,2,0,0,0,5,1,2,2,2,4,2,0,2,1,3,3,1,2,2,5,3,1,1,4,2,3,2,6,3,2,4,2,1,1,0,0,5,2,0,1,0,2,4,3,0,3,1,1,0,1,0,2,2,3,2,5,1,2,2,2,1,4,1,0,1,0,5,4,1,2,0,1,2,1,3,2,4,3,3,3,6,2
donor_14_cell_009,0,0,4,3,0,3,2,3,1,1,2,0,2,3,1,1,2,1,4,1,1,1,3,5,1,4,4,0,1,3,4,0,1,1,1,0,2,1,0,0,2,7,0,0,1,3,1,0,1,2,3,0,3,1,0,3,1,5,0,1,0,3,4,2,2,0,3,0,1,2,2,1,1,2,1,2,1,5,3,3,2,3,5,0,2,1,1,1,0,0,0,3,1,0,0,2,2,0,1,2,2,1,0,1,3,1,1,0,0,4,2,1,1,2,0,2,0,3,2,3,3,0,0,0,2,1,1,0,1,1,1,4,3,1,3,0,3,2,1,0,3,1,5,3,1,2,1,5,2,1,0,3,0,3,1,2,0,2,2,1,2,1,1,0,0,0,0,1,1,0,0,2,3,1,4,0,3,0,0,6,3,2,2,4,1,3,2,1,3,2,5,0,0,1,3,0,0,1,1,1,4,4,4,4,0,0,1,5,1,0,0,0,1,0,4,0,0,0,5,2,2,1,2,2,0,2,0,2,1,1,2,1,1,1,0,1,0,3,2,2,2,2,0,2,0,1,6,1,1,1,1,2,3,0,1,0,4,1,1,1,0,1,1,2,2,2,1,2,2,0,2,0,0,4,1,0,2,1,6,2,0,3,3,1,4,3,0,2,2,1,2,0,3,1,1,1,2,4,1,1
donor_14_cell_010,1,0,2,1,1,2,3,0,0,2,1,3,5,1,1,2,4,0,2,0,6,4,0,2,2,3,1,1,0,4,0,2,0,0,1,0,0,0,1,2,3,3,1,0,2,1,1,3,2,0,2,0,0,2,2,5,1,1,1,1,2,0,3,1,2,1,2,2,0,1,0,1,1,1,0,2,0,0,4,2,0,4,0,1,0,0,5,3,1,1,0,4,2,3,1,2,0,2,0,1,2,2,2,1,2,2,0,0,1,1,1,0,0,3,1,2,1,2,0,1,5,2,0,1,0,0,1,1,0,1,2,3,2,0,0,0,0,3,1,2,3,1,2,0,1,2,1,2,3,2,1,3,2,2,1,2,2,1,0,2,1,1,1,2,0,1,4,3,3,2,1,0,2,4,2,1,0,1,1,5,0,2,2,1,0,2,1,0,2,1,3,1,0,2,2,0,3,3,1,1,2,3,0,2,0,2,0,2,1,0,1,1,1,0,0,0,2,0,1,0,0,1,1,1,0,0,3,1,1,1,1,2,4,1,2,2,2,3,1,1,5,3,0,1,1,3,0,2,2,1,1,3,0,1,0,1,5,0,0,1,1,3,1,2,2,1,1,1,0,1,1,0,1,1,3,0,2,2,2,0,0,1,1,0,2,2,2,1,1,0,3,2,0,2,1,1,0,4,1,3
donor_14_cell_011,0,0,2,3,0,4,2,0,1,2,3,1,1,3,3,0,3,1,0,4,2,1,5,1,2,2,1,1,1,1,1,1,1,2,2,3,0,2,1,2,1,4,1,0,0,1,0,3,2,1,1,1,2,2,2,1,2,2,1,0,2,0,2,1,2,2,3,1,0,3,2,2,5,2,0,0,2,0,1,2,2,1,2,0,1,1,3,1,0,1,1,2,2,1,0,1,0,1,1,0,0,4,2,3,2,0,3,1,1,1,2,0,1,1,5,2,4,0,1,0,2,1,0,1,1,3,0,1,2,3,3,1,0,3,3,1,4,3,1,0,2,3,1,2,1,5,1,2,0,2,0,0,0,5,1,0,0,1,0,2,0,1,1,0,2,4,1,1,0,2,1,1,2,3,1,0,4,1,4,3,0,4,0,2,4,5,2,1,3,2,7,0,2,0,1,0,3,3,0,0,2,7,0,0,0,1,0,3,1,0,1,5,0,0,2,5,0,1,1,1,1,1,0,3,0,3,0,2,2,0,0,1,1,2,0,4,0,5,0,1,3,2,2,1,2,3,2,2,1,0,1,3,2,2,0,2,1,0,1,3,3,5,1,0,1,0,2,1,0,2,1,1,1,4,1,2,2,0,2,0,2,1,0,2,1,2,2,1,1,0,1,2,2,1,2,0,3,3,2,0
donor_14_cell_012,1,0,3,3,0,1,2,5,2,1,1,2,1,1,1,0,5,2,1,2,1,2,3,3,3,3,1,1,1,2,1,1,0,6,2,4,1,4,2,3,0,4,4,4,0,1,0,0,2,1,0,0,3,2,7,2,1,1,3,2,0,2,1,4,1,0,3,2,0,1,0,2,4,0,1,2,0,3,4,2,1,3,1,0,0,1,2,4,1,3,0,1,0,0,3,2,1,1,0,2,5,2,0,1,2,2,2,1,1,3,4,0,0,1,2,3,3,0,0,2,5,2,1,1,1,2,2,1,0,1,3,2,0,2,1,0,1,1,1,2,2,2,4,1,2,0,1,0,1,2,1,6,0,2,0,3,1,1,1,0,2,2,1,1,0,1,0,1,2,2,1,2,3,4,0,3,2,3,3,5,3,3,3,5,2,3,1,1,4,1,7,2,1,1,1,1,1,1,2,1,1,0,2,3,1,1,3,0,0,1,0,3,1,3,2,1,1,1,2,1,3,1,7,4,0,4,0,1,1,3,0,2,2,0,3,4,1,2,4,1,1,6,0,0,0,4,2,2,2,0,1,3,0,0,1,1,4,0,3,2,0,3,1,1,4,1,1,0,2,0,0,1,0,2,1,3,2,1,2,3,1,1,4,2,2,2,3,1,4,1,1,0,2,1,3,2,4,0,1,1
donor_14_cell_013,0,0,3,2,1,0,3,1,1,1,1,5,0,3,1,0,1,1,1,0,2,1,3,2,2,1,5,1,2,1,1,1,0,1,1,1,2,0,2,0,0,2,2,3,1,3,1,2,3,1,1,0,3,2,3,3,1,3,1,1,1,1,2,4,3,1,1,0,0,2,1,0,1,0,0,0,1,0,3,3,1,2,0,0,2,1,0,3,0,0,2,0,1,1,0,1,4,0,0,4,1,2,2,2,1,1,3,1,2,1,0,2,0,2,1,1,0,0,0,2,1,1,1,0,1,1,0,1,0,3,4,1,0,0,1,0,4,1,0,1,1,3,1,2,2,0,0,0,3,3,1,1,2,3,0,1,0,1,1,2,2,1,1,2,1,2,2,2,0,2,2,3,0,1,0,0,0,1,0,1,5,1,2,0,2,5,2,0,2,2,2,2,1,1,0,0,4,3,2,0,0,0,0,0,1,1,0,3,0,2,1,3,0,2,3,1,1,1,3,0,2,0,3,6,0,1,1,1,0,0,0,3,2,3,5,2,0,2,0,2,1,1,2,2,3,6,2,1,2,2,3,2,0,0,0,1,3,4,2,3,0,2,3,1,1,3,1,4,2,0,0,0,1,0,3,1,3,2,2,2,0,0,0,1,3,0,0,1,0,0,2,1,2,0,2,4,2,2,4,1
donor_14_cell_014,0,0,6,3,1,4,0,1,1,0,1,0,1,1,1,1,3,0,2,3,0,3,2,2,2,2,1,2,0,1,2,2,1,2,1,0,0,2,1,2,3,2,4,3,5,2,2,2,1,1,3,0,2,1,1,4,1,0,1,3,2,1,3,3,2,4,2,0,1,2,1,1,2,0,0,0,1,1,1,3,3,2,3,0,0,2,0,2,2,3,1,2,0,1,2,3,1,1,0,0,1,3,0,3,3,2,1,4,1,3,3,0,1,1,3,3,1,1,2,3,1,0,2,1,3,1,0,0,1,1,2,1,0,1,3,0,4,2,1,2,1,1,2,1,2,1,3,3,0,0,4,3,1,1,2,2,2,0,4,3,0,1,4,1,1,6,1,2,0,3,1,3,1,0,0,1,3,3,2,4,1,3,2,1,1,2,1,1,2,0,1,1,2,1,2,1,2,2,0,1,0,1,2,1,1,1,0,2,0,1,1,1,0,4,3,2,2,0,1,3,1,2,1,1,1,4,2,1,1,1,0,1,1,1,2,3,1,2,0,1,0,1,1,1,1,2,1,0,3,2,2,2,2,1,2,0,3,0,1,2,1,1,2,1,4,1,0,0,1,1,3,2,2,3,3,2,3,4,2,2,0,1,0,1,3,1,2,0,1,1,3,2,1,2,3,2,4,1,1,0
donor_14_cell_015,0,1,3,5,0,4,0,0,4,1,2,1,1,2,2,4,2,1,2,2,2,2,4,4,4,0,0,1,1,2,3,1,1,1,4,1,0,4,1,5,3,2,1,2,2,1,3,0,3,2,0,0,0,1,1,0,1,1,0,0,2,1,1,2,0,1,2,2,0,1,1,1,1,1,1,1,1,2,0,2,6,0,5,0,0,0,2,2,3,1,2,1,1,1,1,2,1,0,2,2,3,3,2,2,6,1,2,3,1,3,0,1,2,0,1,3,2,1,3,2,2,3,1,1,0,0,1,2,1,2,0,1,0,2,0,0,3,0,0,3,2,0,0,1,1,0,2,1,0,1,1,1,1,1,3,2,0,2,4,3,2,0,3,0,3,3,3,2,1,1,3,1,1,0,2,1,2,0,1,2,4,1,2,1,5,3,3,1,3,1,4,0,0,4,3,0,1,2,0,1,0,3,2,2,0,1,1,2,1,1,1,1,0,1,1,1,1,0,2,0,1,0,1,2,2,1,0,2,3,0,0,0,1,3,2,2,2,1,0,0,1,0,0,1,0,1,2,0,4,0,5,2,0,1,0,1,0,2,1,0,0,2,0,2,4,0,0,0,0,0,0,2,0,6,0,1,1,0,1,1,0,0,0,0,1,1,2,3,1,1,1,0,3,0,2,2,0,1,2,2
donor_14_cell_016,2,0,1,1,1,0,0,1,3,1,0,2,0,2,2,2,3,1,3,0,4,2,1,1,1,1,5,0,3,2,1,1,0,4,3,0,4,0,0,3,2,3,1,2,0,2,2,3,1,0,0,0,2,1,0,3,2,2,1,1,1,1,1,2,2,2,1,5,0,0,1,0,0,1,3,0,1,1,2,2,3,3,0,2,3,0,2,2,2,3,0,2,0,0,1,2,0,1,0,3,1,2,0,3,1,1,2,1,0,2,0,1,0,2,1,1,3,3,1,2,2,0,1,1,1,2,0,1,0,2,1,0,0,6,2,0,1,3,0,2,1,0,1,0,2,1,1,1,0,0,2,4,1,1,0,1,0,1,3,0,1,0,0,0,3,2,2,0,3,3,1,2,3,1,0,0,3,3,0,2,1,3,0,1,1,3,1,1,2,1,3,2,1,2,2,0,1,0,2,0,1,4,2,1,2,1,0,0,1,0,1,0,2,4,5,0,0,1,1,2,0,2,2,2,2,1,0,3,2,0,3,0,2,2,1,2,2,3,0,1,0,1,0,3,2,7,4,2,2,2,3,4,0,0,2,2,1,0,0,0,0,1,1,0,2,1,1,0,1,0,1,3,1,0,3,2,2,1,2,0,0,1,2,0,1,0,1,1,0,1,1,2,2,1,2,0,6,4,1,1
donor_14_cell_017,0,0,2,1,0,3,0,4,0,1,0,4,3,5,0,2,1,1,5,2,1,1,1,1,6,0,2,0,4,0,4,5,1,1,4,1,1,1,0,0,2,4,1,1,2,3,2,1,2,0,2,0,1,1,5,1,2,3,0,1,4,3,3,1,1,2,0,0,1,1,1,1,2,0,1,0,3,2,3,2,2,4,2,0,2,0,0,2,0,1,2,0,0,0,0,1,2,1,2,1,2,2,0,2,3,1,2,1,1,3,0,0,4,1,1,2,4,3,2,4,3,0,1,3,0,4,3,4,0,2,2,5,1,3,3,0,1,3,3,0,1,2,1,0,1,2,1,1,2,2,4,1,0,1,1,0,1,3,0,2,2,6,1,0,2,1,1,2,1,3,0,4,2,3,4,0,1,4,2,1,2,3,2,0,2,1,0,1,4,1,4,0,0,5,0,1,3,2,1,2,0,3,0,1,1,0,1,3,2,3,0,2,1,2,5,5,1,2,1,2,2,2,1,5,4,0,2,2,3,0,0,2,2,0,3,5,1,0,2,0,0,2,0,0,3,2,5,2,1,2,3,0,3,1,0,2,0,1,1,0,0,2,0,1,1,4,2,0,1,1,1,1,2,3,1,2,0,1,3,3,0,0,2,0,1,1,2,3,3,1,2,2,3,1,2,4,5,1,1,6
donor_14_cell_018,0,0,1,1,1,5,2,2,0,1,2,3,1,3,0,1,3,0,2,0,3,1,4,0,2,1,0,0,1,2,3,2,1,1,2,1,1,2,1,2,3,3,1,0,2,4,2,2,1,3,2,1,3,2,2,3,4,0,2,2,2,1,3,1,1,2,2,1,1,2,2,3,3,1,2,3,0,3,1,4,2,2,4,0,1,1,3,2,1,0,1,1,1,2,1,6,1,3,1,3,7,6,1,2,1,3,0,4,2,7,1,0,1,2,2,4,5,1,2,1,2,2,3,1,2,1,1,2,0,1,0,3,2,0,3,1,2,4,4,2,4,2,2,2,0,2,0,2,5,1,2,2,1,1,2,0,2,2,2,2,0,2,3,1,1,2,3,1,2,2,2,3,2,2,1,0,1,3,3,3,1,3,2,2,0,3,1,3,3,1,5,0,1,2,1,1,2,1,1,1,1,1,4,0,0,1,1,3,0,4,2,1,0,5,2,2,1,2,5,0,0,1,4,3,2,3,1,2,1,0,3,0,1,2,2,2,2,1,1,0,3,4,0,2,6,2,3,2,3,1,2,3,0,0,2,0,4,1,3,4,0,1,2,1,0,3,0,1,2,2,0,0,1,2,4,0,3,1,4,1,1,3,1,1,1,2,0,2,2,1,0,0,1,1,3,1,4,3,6,3
donor_14_cell_019,0,1,1,2,0,5,4,0,4,3,2,3,0,2,1,3,2,0,5,1,2,0,3,7,1,1,2,1,1,1,1,2,2,0,1,1,0,1,2,3,4,9,3,1,3,1,2,1,3,1,0,0,1,2,4,1,0,4,1,0,1,3,1,1,1,1,2,1,0,1,2,0,1,1,1,3,0,1,1,3,2,2,3,2,0,4,1,2,0,2,1,1,1,2,2,0,3,1,0,3,2,1,1,3,0,0,2,1,1,4,1,2,1,0,0,2,1,2,0,1,1,1,3,1,2,2,1,0,2,1,1,3,0,3,0,3,1,1,0,1,0,0,2,2,1,0,0,6,1,0,2,2,3,2,2,4,1,1,2,3,0,2,1,1,3,2,4,1,0,3,1,0,0,1,0,1,2,1,2,1,1,6,4,2,5,3,1,3,6,0,5,2,0,1,0,1,3,0,0,2,2,3,1,2,2,0,0,2,1,6,3,1,0,3,0,1,2,1,1,0,2,1,0,3,2,0,1,0,0,1,0,2,2,3,0,1,2,2,1,2,2,1,0,1,0,4,0,0,1,2,4,1,2,3,3,3,1,3,2,4,0,3,1,0,2,2,1,1,3,1,1,2,1,1,3,2,2,0,2,1,0,1,2,1,3,1,1,0,3,0,2,3,2,1,3,1,6,0,3,3
donor_14_cell_020,0,0,0,1,1,1,3,1,2,3,3,3,2,3,0,1,1,1,1,3,2,1,2,2,1,2,2,2,0,3,5,1,1,1,2,1,2,2,3,1,2,2,1,1,1,2,0,0,2,2,1,0,4,3,3,5,3,0,0,1,1,2,4,2,2,1,6,2,0,0,1,3,3,0,1,0,0,1,1,0,1,0,2,2,0,0,2,3,1,3,0,2,1,3,0,2,2,0,2,3,3,3,2,3,4,2,1,0,2,3,1,1,0,4,1,6,4,5,2,0,0,4,1,1,2,2,1,1,3,1,3,3,1,1,0,2,4,5,5,1,3,1,2,2,0,1,0,1,1,2,2,3,0,3,2,1,1,1,3,1,0,2,1,0,2,5,2,1,2,1,1,2,0,2,0,0,2,4,1,2,1,0,2,2,1,1,0,1,1,1,3,1,1,0,1,2,2,1,0,1,3,4,2,2,2,1,2,5,2,2,1,1,1,3,1,4,0,0,2,1,2,0,1,4,1,4,1,5,1,2,0,2,2,7,1,3,1,2,5,0,3,0,0,3,1,4,0,2,0,1,2,1,2,2,2,2,3,0,1,2,2,3,2,2,4,1,1,0,2,0,1,1,0,3,1,1,2,0,4,3,0,1,2,3,1,0,1,2,4,0,3,1,4,1,2,1,3,0,3,1
donor_14_cell_021,0,1,2,4,0,3,4,4,1,0,1,3,4,2,0,2,1,0,2,2,5,1,4,2,2,2,2,1,1,1,2,4,1,2,2,1,3,4,0,3,4,3,1,0,3,2,3,1,2,1,2,1,5,2,3,4,2,3,3,2,1,3,3,4,3,3,3,0,0,3,1,3,4,3,2,0,3,2,4,5,1,3,2,1,1,1,2,2,4,2,1,0,3,3,2,2,1,2,0,1,0,2,1,1,3,2,0,1,1,5,2,1,3,4,1,3,5,4,1,2,1,1,2,1,0,1,2,0,0,7,1,2,4,2,1,2,4,3,1,1,3,3,2,2,4,2,2,1,1,1,2,1,2,3,2,3,3,2,4,3,1,0,2,2,2,0,5,2,3,1,4,2,2,5,3,0,2,4,0,1,9,0,4,1,1,2,0,1,3,1,2,1,1,4,2,0,2,1,0,2,4,5,1,2,0,0,2,0,2,3,3,4,2,5,4,0,0,1,3,2,2,4,2,1,2,5,2,6,1,1,1,0,3,2,4,1,2,3,1,2,0,3,2,3,1,2,5,1,5,1,5,1,2,2,3,1,2,1,1,7,0,10,0,0,1,3,6,1,0,1,1,1,0,3,2,0,1,0,2,2,1,4,2,3,3,0,1,0,1,2,1,1,2,2,4,6,4,3,1,1
donor_14_cell_022,0,0,0,5,0,4,0,6,2,3,0,1,2,0,2,1,0,1,2,2,0,1,4,5,4,2,1,0,0,1,4,6,1,1,0,0,0,1,3,1,3,5,3,0,4,2,0,2,2,0,1,2,0,5,3,1,1,1,4,0,1,1,2,0,4,2,0,4,1,1,0,0,2,0,0,1,3,2,3,0,0,2,4,1,1,0,3,1,3,1,0,2,1,3,1,0,3,0,1,3,2,4,0,1,2,1,0,1,1,2,1,0,1,3,3,1,1,1,2,2,1,0,0,2,3,1,1,1,1,3,0,0,2,0,6,1,4,3,6,0,1,0,2,4,1,3,1,0,1,1,2,6,3,4,0,3,2,4,1,1,1,3,4,1,1,1,0,3,3,2,2,3,2,6,0,3,1,2,0,2,1,1,1,2,3,2,1,0,3,1,5,3,0,0,0,2,3,0,1,2,2,2,2,0,2,2,0,3,0,0,4,4,0,1,1,3,2,1,5,2,0,0,3,3,0,4,1,3,0,0,4,2,1,3,3,3,5,3,1,1,0,1,0,1,0,3,1,2,1,0,7,0,1,0,1,1,2,1,1,1,1,4,2,0,3,1,2,1,0,1,2,2,1,1,4,2,1,2,5,1,0,1,3,0,0,1,1,3,2,2,4,1,3,3,2,1,2,4,4,3
donor_14_cell_023,0,1,4,1,2,2,0,1,1,1,2,4,0,0,1,2,1,0,2,2,5,3,7,3,2,1,1,0,1,3,3,0,2,3,1,0,3,1,1,2,3,1,2,2,1,3,1,1,2,0,2,1,4,0,1,2,2,2,1,0,1,1,6,5,1,2,4,2,0,4,0,1,1,4,1,1,0,2,3,1,2,2,3,4,0,0,6,3,0,3,0,1,3,4,0,3,2,0,1,1,3,0,2,2,4,3,3,1,2,3,1,1,2,3,1,2,4,2,2,0,6,0,0,2,1,2,2,1,0,2,3,4,0,4,2,3,2,2,4,1,4,3,3,3,3,0,3,2,1,0,3,2,0,2,3,0,1,3,1,2,1,5,1,1,3,0,1,3,0,0,5,1,3,6,0,1,1,2,3,0,3,0,2,2,3,0,2,1,1,0,6,3,0,1,2,1,2,3,2,0,2,3,4,1,1,3,0,1,0,0,3,2,2,5,3,1,1,2,8,2,2,0,3,7,3,4,1,5,3,3,1,2,5,4,2,4,0,0,1,0,2,4,2,2,5,5,3,1,0,1,3,0,1,2,1,2,4,0,3,6,2,9,2,4,5,1,1,2,0,1,1,2,0,3,3,0,2,1,5,3,0,0,1,4,2,1,0,1,5,0,2,0,4,1,5,5,3,4,2,3
donor_14_cell_024,0,0,0,0,0,2,0,0,0,1,2,2,2,2,1,4,0,0,3,2,1,3,3,1,4,3,1,0,0,1,3,0,0,0,0,0,0,0,0,2,1,4,0,2,0,2,2,1,0,1,3,1,2,2,1,4,0,1,2,1,2,1,1,3,1,3,1,1,1,1,1,2,1,3,0,2,1,2,1,1,2,2,3,5,1,0,2,1,0,1,2,3,1,1,1,1,1,0,0,2,0,1,0,1,2,3,2,1,1,2,0,0,1,1,0,0,0,2,0,1,4,1,0,0,2,0,1,0,0,1,1,3,1,0,2,1,2,2,0,2,2,1,0,4,2,0,2,1,2,1,2,2,0,3,0,0,1,4,0,1,1,2,1,0,1,0,5,2,0,2,0,3,0,1,0,1,2,2,0,4,1,0,1,3,3,0,2,3,1,1,3,0,1,3,1,0,2,3,0,1,5,2,2,2,0,0,0,2,1,0,1,3,1,3,2,0,2,0,4,6,3,0,3,1,0,2,0,1,3,1,0,1,0,1,2,1,0,6,1,1,0,2,1,1,5,1,0,0,2,1,3,3,1,2,2,3,4,0,0,3,1,1,1,2,4,0,1,0,1,2,0,0,1,1,3,3,3,1,1,4,1,1,0,1,1,5,0,2,0,0,3,1,0,1,2,3,2,5,3,0
donor_14_cell_025,1,0,2,3,0,3,1,5,1,2,3,8,2,2,1,3,2,0,1,2,4,0,4,3,3,1,0,0,1,2,3,2,0,2,1,3,1,0,1,3,2,3,1,0,4,1,4,1,1,0,3,1,2,3,3,2,0,2,0,1,6,4,1,6,1,1,3,2,3,2,3,2,1,1,0,1,1,2,2,1,4,0,0,4,0,0,1,2,0,0,3,2,2,0,4,4,0,2,0,4,2,4,2,2,2,3,1,0,0,2,2,1,1,0,1,5,4,1,2,2,1,1,5,3,1,0,2,1,1,2,1,1,3,1,2,0,5,3,5,2,3,0,1,2,3,3,1,6,0,2,7,6,0,0,1,2,2,2,1,1,0,1,1,1,2,1,6,1,2,2,1,1,1,4,2,1,1,1,1,3,5,1,5,0,4,2,1,2,2,1,3,0,3,1,0,2,1,3,1,1,2,3,4,0,1,2,1,1,4,2,3,5,1,3,2,3,1,1,6,1,0,3,2,6,1,5,2,2,0,2,0,1,2,0,2,1,4,2,1,1,2,1,0,6,0,3,1,2,0,1,6,6,5,0,3,4,1,0,1,2,1,2,1,3,4,1,2,1,2,0,3,4,1,4,2,2,1,2,2,1,2,0,1,1,1,2,1,0,4,0,2,1,6,2,2,2,1,7,2,0
donor_14_cell_026,0,0,1,3,0,1,1,4,0,0,1,2,1,1,1,0,2,0,2,1,2,0,3,2,3,1,2,0,1,1,0,0,1,2,0,0,3,1,1,2,2,1,1,0,1,0,0,3,2,1,1,0,2,0,1,1,0,4,0,1,1,0,2,1,1,0,1,1,0,1,0,7,3,1,0,1,2,3,3,2,2,0,0,1,0,2,2,2,3,0,0,1,0,1,0,0,3,2,2,1,2,3,1,1,1,2,2,2,2,4,0,0,1,1,1,2,7,0,3,2,3,3,0,1,1,2,2,0,0,0,0,2,1,1,3,0,5,1,4,0,1,0,3,0,2,0,0,1,1,2,2,1,1,0,1,1,1,3,0,0,1,0,0,0,1,2,1,1,1,1,6,0,1,1,2,0,1,0,3,1,1,3,2,0,0,1,2,1,2,2,5,2,0,1,0,1,1,2,0,0,4,3,1,0,1,0,1,1,1,1,6,0,1,1,2,4,2,0,3,2,0,1,1,3,3,5,0,0,3,2,1,2,4,2,0,1,0,3,2,0,3,2,1,1,1,0,3,1,1,1,1,1,0,0,2,0,2,0,3,3,0,1,1,1,4,0,0,0,0,1,1,3,0,3,0,2,3,5,2,1,0,1,2,1,1,2,1,1,0,0,2,1,2,0,3,1,1,2,1,2
donor_14_cell_027,1,3,0,5,0,1,1,4,2,2,1,1,2,2,0,1,1,1,3,3,3,0,1,1,5,2,1,0,0,1,0,0,0,2,2,0,2,3,0,2,1,3,0,0,0,2,1,1,2,1,1,0,5,2,6,4,1,1,0,1,5,1,1,1,3,1,3,1,0,2,0,4,1,1,1,0,0,3,0,3,4,2,1,0,0,1,3,4,2,6,2,0,2,1,1,0,2,1,0,3,2,3,0,3,2,2,2,0,2,1,1,0,4,0,1,0,4,1,0,1,3,1,1,2,1,2,1,1,0,2,2,3,2,2,1,0,1,0,3,1,3,4,4,0,3,1,3,2,3,0,4,2,0,3,1,5,1,4,1,1,1,3,3,1,1,1,2,1,0,5,3,1,1,3,0,1,2,1,0,4,4,0,1,2,1,2,0,1,0,0,4,1,0,2,2,2,3,4,2,2,0,2,2,0,2,2,0,1,4,1,2,1,2,3,4,1,2,2,0,0,1,1,1,2,1,4,1,3,2,0,1,1,8,3,1,6,0,3,1,0,2,6,1,4,2,2,1,1,4,1,4,2,1,2,0,1,0,1,0,1,0,3,1,0,2,2,2,1,0,2,0,0,0,8,2,3,0,1,0,3,1,1,4,1,1,2,0,1,2,1,2,3,1,0,2,3,4,3,1,1
donor_14_cell_028,0,0,2,0,0,2,2,4,1,2,3,1,2,2,2,1,0,1,2,2,2,5,4,1,2,3,0,0,1,1,2,3,1,3,4,1,1,3,2,1,3,2,2,2,4,4,2,0,3,0,1,2,3,4,4,2,1,3,2,2,4,1,1,2,3,0,6,0,0,1,4,1,2,2,2,1,4,2,1,3,1,3,2,2,0,0,3,3,1,0,1,2,4,2,2,0,0,0,0,3,3,2,1,2,2,3,1,4,2,1,2,1,3,2,0,2,1,2,0,2,0,2,0,1,0,2,1,2,1,1,0,2,1,0,3,0,6,2,3,0,3,2,0,2,1,0,1,0,2,0,2,2,1,2,2,7,2,1,0,3,1,1,2,2,3,0,1,2,0,1,1,1,3,4,1,1,4,2,5,0,4,6,1,1,1,1,3,0,2,2,2,0,1,4,0,1,3,2,1,1,0,4,1,0,1,2,0,0,2,1,0,2,2,2,1,0,0,1,1,2,1,0,2,4,1,1,0,1,3,0,4,2,2,4,0,1,3,2,0,1,1,4,0,1,3,3,3,2,3,3,1,1,2,1,3,2,3,1,0,1,1,2,2,0,6,0,3,0,1,1,0,0,1,0,1,2,2,3,1,5,0,1,2,2,1,0,0,1,1,0,1,1,2,1,3,7,4,3,1,0
donor_14_cell_029,0,0,2,2,1,3,1,1,2,5,3,2,1,4,1,2,1,0,6,0,2,0,2,1,3,2,2,0,1,2,3,3,4,4,1,3,2,3,1,2,0,4,1,1,2,2,1,1,1,0,0,0,1,0,2,4,2,1,3,0,3,1,0,3,1,0,1,1,1,2,2,2,3,0,1,1,3,0,0,0,0,2,2,1,0,0,0,0,1,1,0,4,0,3,2,2,2,2,0,1,2,2,0,5,1,1,1,2,0,0,1,1,1,2,2,1,4,0,0,1,3,4,0,1,0,3,1,2,1,1,2,3,0,0,2,0,1,0,1,0,4,0,1,3,0,0,3,1,2,0,2,3,1,2,1,0,0,1,3,3,2,1,0,0,1,0,3,2,4,3,0,1,0,0,2,1,3,2,5,3,0,3,0,0,4,1,1,1,1,1,0,0,0,0,1,0,2,3,2,1,3,0,0,0,1,1,1,3,1,2,1,1,0,2,2,2,0,0,2,2,2,2,5,3,0,2,1,2,4,1,2,2,3,2,1,2,2,2,2,0,0,1,5,2,2,1,0,3,2,2,1,3,1,1,1,4,2,1,2,1,1,1,2,1,2,0,2,1,2,1,3,1,2,2,1,3,0,2,3,2,0,1,0,2,2,1,0,1,1,1,2,2,0,1,3,2,3,3,3,3
donor_14_cell_030,0,1,2,1,1,3,1,2,1,2,2,2,0,1,2,0,6,2,1,4,0,3,3,4,3,0,4,1,2,2,3,1,1,1,3,1,2,3,2,1,3,0,2,1,1,4,1,2,3,0,5,2,1,0,5,5,2,4,1,3,1,0,3,4,1,1,1,3,1,4,0,5,2,3,0,2,3,1,0,1,0,4,3,1,0,1,2,3,1,2,0,0,0,1,3,4,0,0,1,0,1,0,3,3,1,4,1,5,3,3,1,1,3,3,1,2,3,3,1,2,0,2,2,3,0,1,0,0,0,2,0,2,1,3,1,0,0,4,1,1,2,1,5,2,4,1,1,0,2,4,0,0,1,4,0,2,3,4,1,3,1,3,3,1,1,1,2,1,1,3,2,0,2,5,1,0,2,1,3,3,2,3,0,1,1,1,0,1,0,2,2,3,0,3,1,2,4,4,1,3,5,3,0,0,1,1,0,4,3,2,3,5,0,1,3,3,2,2,3,0,1,1,1,2,1,3,1,0,0,4,3,3,4,1,3,2,1,1,2,0,4,3,0,3,4,2,6,0,4,2,2,2,3,1,1,1,3,0,0,5,0,1,1,5,6,1,2,0,0,1,1,0,0,3,1,1,4,6,3,1,1,2,2,1,3,2,1,3,3,3,3,0,2,0,6,2,2,4,2,2
donor_14_cell_031,1,1,1,2,1,1,4,1,0,4,0,1,2,1,1,1,1,0,4,2,1,1,4,2,7,0,0,0,1,3,3,1,1,0,0,1,1,1,0,2,1,3,0,1,0,2,1,1,3,1,2,1,1,1,2,0,2,2,0,1,1,1,0,2,1,0,3,2,1,3,2,1,3,1,0,0,2,6,3,2,2,1,4,1,0,1,1,2,1,1,1,2,3,2,2,1,0,2,3,2,2,0,1,3,2,2,1,0,2,0,1,1,1,2,0,2,1,0,0,0,0,2,0,0,2,1,3,0,0,3,0,1,1,2,1,0,1,2,1,2,5,2,1,1,0,1,2,0,4,2,1,1,0,0,2,1,2,4,1,4,0,0,1,0,2,0,2,1,1,2,1,5,1,2,1,2,2,2,3,2,3,2,1,1,1,2,2,3,3,0,5,2,2,2,1,1,2,0,1,3,1,1,5,0,0,1,1,2,0,3,2,2,0,2,0,0,0,0,1,2,1,3,2,3,1,1,1,2,5,0,0,1,1,2,2,0,1,3,2,0,4,0,2,3,2,3,1,0,2,1,2,1,3,0,0,2,2,2,2,1,1,3,2,1,4,2,3,1,2,1,1,2,1,1,2,0,2,3,1,4,1,2,3,2,1,3,1,2,3,3,1,0,2,1,1,2,1,1,1,2
donor_14_cell_032,1,0,1,2,0,3,1,0,0,1,2,1,0,3,0,2,1,2,1,1,1,1,2,1,2,1,2,2,1,3,1,5,0,3,1,1,1,1,1,2,2,5,3,0,1,4,3,2,3,1,0,0,2,1,2,1,2,3,2,0,1,2,4,2,2,1,3,1,0,1,2,3,1,2,0,1,0,0,1,1,0,1,2,2,0,1,2,3,1,0,1,1,1,0,4,1,1,0,0,5,4,1,0,1,5,1,5,1,3,4,0,2,1,4,3,2,0,3,1,0,1,0,0,2,1,4,0,0,3,2,2,3,1,4,3,0,0,1,1,3,1,2,1,2,2,1,1,1,1,1,2,3,0,1,2,5,0,0,3,1,0,3,1,0,2,1,0,1,1,2,2,0,0,1,1,0,0,2,0,1,1,1,2,1,1,1,1,0,2,0,3,4,1,2,3,1,2,5,1,0,4,2,2,1,3,1,0,2,1,4,2,1,1,3,4,2,1,2,1,2,2,6,2,4,1,2,2,1,2,2,1,2,1,1,0,1,1,1,0,2,1,0,0,2,2,4,4,1,0,2,4,2,2,1,1,1,4,2,1,0,0,1,1,1,1,2,0,0,0,2,1,1,0,4,1,1,1,1,0,1,0,0,0,1,3,0,0,2,1,3,9,2,1,0,4,3,3,3,2,3
donor_14_cell_033,0,0,4,0,1,3,1,3,2,2,1,1,3,1,4,0,2,0,3,1,2,0,1,0,5,0,1,2,2,2,2,5,2,2,3,0,1,0,0,1,0,5,0,2,5,1,2,5,2,2,1,0,2,1,1,2,1,4,0,0,0,1,0,0,0,3,2,3,1,1,1,5,2,0,0,1,1,3,6,3,1,1,2,0,0,0,2,1,1,3,1,0,1,2,2,2,1,1,2,1,1,2,2,1,2,3,2,1,0,1,3,0,4,0,1,4,2,2,0,1,3,1,1,2,1,0,1,0,2,3,1,1,3,0,1,0,5,4,2,0,2,4,0,1,1,3,2,1,0,0,2,5,0,0,1,2,2,2,1,0,0,4,1,1,2,1,2,2,4,1,0,1,1,2,0,0,1,2,3,0,4,3,1,2,2,3,4,0,0,4,3,1,0,3,1,1,1,2,2,2,2,1,0,0,1,0,1,1,1,2,2,2,2,1,3,3,0,1,0,0,3,2,1,1,1,3,1,2,2,0,0,0,8,3,5,5,2,2,0,0,1,2,2,2,3,2,2,3,1,3,2,1,0,2,0,2,3,1,1,4,1,1,0,2,3,2,0,0,0,1,0,0,0,0,0,0,0,0,0,5,1,1,3,2,1,1,1,2,3,2,1,0,2,0,3,1,6,2,4,1
donor_14_cell_034,1,0,2,3,1,3,0,3,0,2,0,0,2,4,1,2,3,0,3,3,0,1,4,4,2,2,2,1,0,2,1,4,0,2,1,2,2,0,2,4,1,7,2,0,1,1,2,4,1,0,1,0,4,1,2,1,2,2,2,2,3,2,3,2,1,2,3,1,0,1,0,0,1,1,4,3,0,1,1,3,1,2,3,0,2,2,5,4,1,2,0,1,1,1,1,1,0,1,1,2,0,1,1,4,2,1,1,3,1,3,0,0,0,3,2,5,1,2,1,1,1,2,1,1,1,1,1,2,0,1,2,1,2,1,2,1,5,3,1,0,1,2,0,1,4,1,1,3,2,1,1,0,2,5,0,2,2,2,1,2,1,3,2,0,2,4,2,1,3,1,1,3,2,1,1,0,2,1,0,1,0,4,2,0,0,2,1,3,1,1,4,2,0,2,0,1,4,1,0,1,3,2,2,0,2,1,0,1,1,3,2,4,1,3,1,2,0,0,4,0,3,1,1,0,1,3,0,0,1,2,1,2,1,1,3,1,1,0,1,1,5,2,2,0,1,3,1,1,1,0,2,2,0,0,3,0,0,1,1,3,0,2,2,1,1,1,3,0,0,2,1,2,1,1,3,1,1,1,2,0,1,1,1,0,0,0,1,0,0,2,2,0,2,0,2,1,2,3,4,0
donor_15_cell_000,1,0,0,4,1,0,9,8,3,7,11,9,0,4,2,1,1,1,6,2,2,1,1,2,1,1,1,0,0,2,3,2,3,4,1,1,3,1,1,4,2,3,4,1,2,1,1,1,3,1,1,2,0,2,3,0,0,3,0,2,2,1,3,0,2,2,3,0,0,3,0,0,4,0,1,1,2,0,5,3,1,1,2,2,0,0,0,0,0,6,1,2,3,3,1,3,2,3,2,4,4,2,2,1,2,1,2,2,0,1,4,2,1,1,1,2,2,1,3,3,0,4,2,3,0,4,1,1,2,1,1,0,3,4,0,2,1,0,4,1,1,1,3,1,2,2,0,4,1,1,0,3,2,0,3,0,0,2,4,1,2,4,0,0,4,4,1,2,1,4,1,2,0,4,1,1,4,4,3,2,4,1,0,1,2,1,2,0,0,3,2,1,0,2,2,0,1,1,0,2,0,1,2,1,0,0,0,6,0,1,3,2,1,1,1,1,1,1,5,0,1,0,3,2,3,2,0,3,3,0,0,2,4,4,1,2,1,2,2,1,3,3,0,0,2,3,1,2,1,2,2,0,2,2,0,3,4,0,2,3,1,2,1,1,1,1,0,0,2,0,0,2,2,2,2,1,2,3,3,0,0,3,2,0,1,1,2,1,1,0,0,0,1,2,3,3,2,3,4,4
donor_15_cell_001,0,0,3,1,1,6,6,9,4,2,3,12,0,4,2,2,3,2,4,4,2,3,1,2,3,1,0,1,1,1,3,2,2,1,2,1,1,3,1,1,4,3,2,1,1,3,2,0,0,1,1,0,0,3,3,2,3,3,2,1,3,0,0,2,2,2,1,4,0,1,5,0,4,1,2,1,1,3,1,2,3,0,1,3,1,0,1,1,2,1,3,1,1,1,0,4,2,4,1,3,3,2,1,4,2,4,1,0,0,1,1,1,1,2,1,1,2,1,3,2,4,0,2,1,2,4,1,2,2,2,1,3,2,2,1,2,4,1,3,1,2,2,3,1,4,2,3,1,3,0,2,3,0,0,1,3,0,1,1,2,1,3,1,1,2,0,6,1,1,1,3,0,1,3,3,1,0,3,2,2,2,5,3,1,4,4,1,0,2,0,3,2,2,2,0,0,2,1,0,2,3,4,0,4,0,2,2,0,1,3,0,1,0,0,5,5,0,1,6,0,1,0,1,2,0,2,1,3,2,0,1,2,1,2,4,4,3,2,1,0,2,6,2,4,1,4,2,1,1,2,2,1,3,0,2,2,2,0,1,1,1,4,1,0,4,0,0,0,0,0,0,2,0,1,2,2,2,0,4,2,2,1,1,0,1,2,1,1,2,0,0,1,4,0,0,5,3,3,4,2
donor_15_cell_002,0,0,4,2,2,3,9,9,5,8,2,5,3,1,2,3,1,1,2,2,3,1,4,3,0,2,3,0,1,0,4,2,2,0,2,0,0,2,1,2,0,1,3,1,0,3,3,0,0,1,2,1,1,2,0,2,4,3,1,2,3,2,1,0,5,0,0,3,1,4,2,0,1,2,1,0,1,1,0,3,3,0,0,0,1,1,0,2,1,1,1,4,1,2,1,2,3,0,1,5,4,3,2,1,0,3,0,1,1,2,1,2,0,3,3,1,2,2,2,1,2,3,0,0,1,3,1,1,0,0,3,3,3,1,8,1,3,1,1,0,3,1,4,1,2,0,0,1,0,2,3,2,1,2,3,1,3,2,4,2,1,2,1,0,3,0,3,4,3,1,2,2,1,4,1,1,2,0,3,3,2,1,4,0,0,0,0,1,5,3,1,4,2,3,0,1,1,3,2,1,1,1,1,0,2,0,1,1,1,1,1,3,2,3,2,2,0,0,3,1,0,2,2,4,2,0,1,3,1,0,1,1,4,1,1,4,2,3,0,2,2,2,1,0,0,3,2,0,1,4,0,7,1,1,2,0,0,0,1,2,2,1,1,1,1,3,1,1,2,2,1,1,0,3,2,1,2,0,4,3,1,0,0,1,1,3,0,2,0,0,2,0,2,2,3,3,2,1,1,1
donor_15_cell_003,0,0,2,2,0,1,5,12,2,4,7,7,0,3,3,1,1,3,3,6,0,1,3,2,2,0,0,2,1,1,2,3,1,1,1,2,1,1,0,1,1,1,1,2,1,4,3,3,0,0,4,0,0,3,1,1,3,0,1,1,1,3,0,1,1,1,0,2,2,1,0,0,2,3,0,3,0,3,0,1,1,1,1,0,1,1,3,2,0,3,1,1,0,3,2,2,2,1,0,1,1,1,0,2,2,1,4,0,1,1,1,0,0,2,0,2,4,4,1,2,1,1,2,0,0,3,2,0,0,2,3,4,2,2,6,1,4,1,5,0,1,0,0,5,2,1,0,2,0,0,1,4,1,1,2,4,2,2,1,2,1,4,1,0,5,0,2,4,0,1,3,1,2,2,1,1,0,2,3,3,1,1,1,4,4,0,2,0,1,1,2,0,1,2,1,1,0,4,1,2,1,2,3,1,0,3,1,4,1,0,2,2,1,2,1,3,1,2,3,0,1,1,3,1,2,4,1,2,2,1,2,1,0,1,2,2,1,2,0,0,4,2,4,2,3,1,2,1,3,1,1,5,2,0,1,3,2,1,0,3,1,5,3,0,3,1,0,1,3,0,2,1,1,2,1,3,3,0,4,2,2,1,0,0,5,1,1,0,2,0,1,1,1,3,3,1,0,1,0,2
donor_15_cell_004,0,0,2,3,1,2,4,4,1,4,7,6,1,3,0,3,1,0,4,5,0,2,1,1,2,1,0,0,0,0,0,6,1,1,2,3,0,1,0,1,2,1,3,3,2,1,0,0,2,0,1,0,2,1,2,1,2,2,1,1,2,1,2,2,1,2,1,0,0,2,2,0,2,2,2,1,1,2,1,0,1,1,0,0,3,1,0,1,0,1,3,2,0,2,1,1,1,1,1,3,3,0,0,2,0,0,1,1,1,2,1,0,2,3,1,3,4,2,1,2,2,3,2,2,0,1,2,1,0,2,1,1,2,0,2,1,1,1,5,1,3,2,2,0,1,1,0,1,0,0,2,3,1,1,2,2,1,10,1,2,0,1,0,0,2,1,6,1,0,3,2,2,1,0,0,0,1,5,3,5,1,2,1,1,2,1,1,1,6,3,4,1,1,3,0,2,2,0,0,0,4,3,3,0,1,1,2,3,0,2,3,1,2,0,0,1,1,2,1,3,0,3,0,2,1,3,0,1,1,0,0,1,2,1,3,2,4,0,0,1,2,2,1,2,1,1,0,1,2,3,0,4,1,1,2,2,3,0,0,1,0,0,1,1,1,0,1,2,2,1,2,0,1,1,1,0,0,0,2,2,1,1,2,1,2,3,1,0,0,0,0,3,4,0,3,4,3,1,2,0
donor_15_cell_005,0,0,2,1,1,1,4,5,1,6,5,7,2,5,2,0,1,2,2,2,4,1,2,3,0,0,2,3,1,1,4,1,0,0,2,1,1,0,4,2,2,2,1,1,0,1,0,2,1,3,2,0,2,0,0,3,2,2,1,1,2,0,0,2,2,0,0,2,2,3,2,0,2,1,0,2,3,3,2,1,2,1,6,0,0,0,0,1,1,0,1,3,2,1,1,2,1,1,1,3,0,2,2,3,1,2,1,1,1,2,2,0,2,3,2,2,2,4,1,3,0,1,0,2,0,2,0,1,2,2,2,3,5,2,3,0,5,3,0,2,1,1,4,2,2,0,1,2,1,0,2,2,2,2,0,2,1,0,1,4,3,2,0,3,1,1,1,3,3,1,0,0,1,3,1,0,0,3,2,3,4,3,0,1,4,2,1,1,4,2,4,1,1,2,4,1,1,1,2,0,1,2,1,0,3,1,1,0,3,2,0,0,0,2,3,1,1,2,5,1,1,4,2,0,2,0,1,0,3,1,2,1,2,3,2,2,4,2,1,1,2,4,0,0,6,3,1,1,2,5,4,2,0,1,1,2,2,5,0,6,0,2,2,1,4,0,1,0,0,0,0,1,1,2,0,0,2,3,4,2,1,1,1,1,4,0,0,0,1,0,2,0,1,0,1,2,1,2,3,0
donor_15_cell_006,0,0,2,2,0,1,8,14,1,1,4,11,4,1,3,2,2,1,5,1,1,1,1,6,3,0,2,1,1,6,1,1,3,1,1,1,4,1,0,2,0,0,1,1,0,4,1,3,2,1,2,0,0,2,1,1,0,3,0,1,5,1,2,2,1,2,2,4,0,1,3,2,2,0,0,1,0,2,3,3,2,1,4,0,0,0,2,2,0,1,1,3,3,2,1,2,2,0,1,1,3,0,3,2,1,3,0,1,0,0,1,0,2,2,1,1,1,4,0,2,1,2,0,2,1,3,2,0,1,0,0,1,2,3,3,0,1,0,2,1,2,2,1,2,5,1,0,0,3,0,5,1,1,3,4,1,1,0,4,3,0,4,1,0,2,2,2,6,0,4,1,1,4,1,1,2,1,4,1,3,1,2,1,1,2,2,0,0,3,1,1,2,1,2,1,1,2,2,1,2,2,1,0,0,0,1,0,1,0,3,1,2,0,1,0,1,1,2,1,2,1,2,0,0,0,0,0,1,5,1,1,2,6,1,3,4,2,2,1,0,4,4,0,1,2,2,0,1,0,2,1,2,1,1,0,3,0,2,0,4,0,2,0,3,4,1,1,0,0,1,2,1,0,3,2,1,2,5,4,4,0,1,1,0,2,1,1,0,2,0,3,0,1,1,1,2,2,2,3,3
donor_15_cell_007,0,1,3,1,1,4,10,9,3,2,8,7,2,3,1,1,1,1,4,3,1,0,2,2,0,3,1,0,0,0,1,3,2,3,5,1,1,0,2,0,1,2,1,0,3,5,1,2,0,1,4,1,2,3,5,1,3,2,1,0,2,2,2,3,1,1,2,0,3,3,0,0,0,1,0,3,1,2,1,3,1,2,4,0,1,0,1,1,1,1,3,1,2,1,0,1,2,2,1,2,3,0,1,3,0,1,2,0,2,1,1,4,1,2,1,1,0,1,1,0,1,4,2,0,0,3,0,1,2,3,2,2,1,0,5,2,2,5,2,2,1,2,3,2,1,0,2,2,2,1,1,2,2,1,1,3,1,1,3,1,1,3,1,0,1,3,0,1,0,2,0,2,0,4,0,1,3,2,3,3,3,2,0,1,3,1,0,1,2,2,4,0,1,3,1,2,1,3,2,0,0,3,1,0,0,3,0,3,0,3,4,1,0,3,1,3,0,1,3,0,1,1,2,1,1,3,1,1,3,0,0,1,1,1,3,4,2,0,0,2,4,0,3,1,2,3,1,4,4,1,2,2,3,0,1,2,2,0,0,1,2,1,1,0,4,2,1,1,2,2,1,3,1,3,3,3,0,1,3,6,2,3,3,0,1,4,0,0,2,1,4,0,2,2,2,1,1,1,3,1
donor_15_cell_008,0,1,6,0,1,3,6,11,2,5,4,5,2,2,3,1,2,0,1,3,4,1,0,3,2,2,1,3,1,1,2,3,1,0,2,0,1,1,2,0,1,5,3,1,6,3,3,2,0,0,3,2,3,2,2,4,2,1,0,3,2,1,1,1,0,1,6,1,0,2,3,1,2,3,1,4,1,1,2,4,1,1,4,0,1,0,0,0,1,3,2,5,3,1,3,1,1,1,1,2,0,1,3,0,0,3,1,1,2,3,1,1,3,2,1,2,1,4,1,2,1,2,1,2,1,1,1,2,2,3,1,3,1,3,4,0,4,1,3,0,4,2,4,3,3,1,0,0,2,0,3,3,0,1,0,4,3,5,1,3,0,2,1,1,1,1,2,3,0,0,2,1,2,1,0,0,0,1,1,2,3,2,2,0,0,2,1,0,1,1,1,2,0,1,1,1,0,2,1,0,3,2,0,0,1,2,1,3,1,2,1,1,0,3,2,3,2,1,1,3,3,1,1,1,1,6,2,2,1,0,1,0,1,1,1,1,0,3,0,1,1,1,2,0,3,3,1,1,2,2,0,2,2,0,1,2,3,0,3,2,2,2,2,0,4,0,0,1,2,0,4,1,3,5,1,1,2,2,3,0,1,2,1,0,1,4,0,2,3,0,2,1,3,0,2,0,1,5,0,3
donor_15_cell_009,0,0,0,0,0,3,7,9,2,5,3,6,4,2,0,0,2,3,3,3,3,1,3,9,2,0,0,1,1,1,1,8,1,2,2,1,0,2,2,2,0,3,0,2,3,5,0,0,4,2,2,0,1,1,2,1,1,4,2,1,7,1,5,1,0,2,4,0,1,5,0,1,2,3,0,1,3,2,2,2,3,3,1,3,0,0,2,1,2,3,0,1,2,1,5,5,0,1,1,4,4,2,0,2,2,2,2,1,1,1,1,0,1,1,0,1,2,7,2,1,2,1,1,2,2,1,1,0,2,1,1,2,1,1,1,1,1,2,6,1,3,3,1,2,0,2,0,3,4,0,3,0,1,1,1,2,3,1,2,2,0,5,2,0,3,1,2,3,1,2,1,3,2,4,1,1,1,2,3,3,1,3,3,1,2,1,1,0,4,5,3,3,2,5,3,2,2,2,1,0,3,1,5,0,1,1,0,1,1,0,3,3,2,3,1,1,2,0,3,2,2,2,3,2,1,2,1,4,2,0,0,2,4,3,3,5,1,1,1,2,2,1,2,2,3,1,4,0,1,2,2,5,0,0,1,4,5,1,3,2,2,2,0,0,2,3,0,1,1,0,0,3,0,1,1,3,0,5,2,2,0,0,1,1,6,2,2,1,2,0,0,1,4,0,5,2,3,2,2,0
donor_15_cell_010,0,0,1,4,2,0,4,4,0,5,3,6,1,2,1,2,2,1,1,2,2,2,0,2,3,0,1,2,0,1,2,5,2,0,4,0,1,0,1,1,1,1,2,0,1,3,0,1,1,0,2,1,2,0,2,1,0,0,0,1,0,2,1,1,1,2,0,1,1,4,1,1,1,1,0,1,3,0,2,3,3,1,2,0,0,1,0,1,0,4,1,1,1,3,1,1,0,1,0,2,4,0,1,2,0,1,0,3,3,1,1,1,0,1,1,1,2,0,2,0,2,2,2,1,1,2,3,1,3,2,0,5,3,0,2,2,2,3,3,2,5,0,3,1,1,4,0,1,1,0,1,2,0,2,1,0,0,0,1,0,2,2,0,0,2,0,1,4,2,1,2,0,0,0,2,0,1,2,2,2,2,1,0,2,1,2,2,1,2,1,4,1,0,3,1,0,3,5,0,1,3,1,1,1,1,0,0,2,1,0,2,0,2,2,2,0,2,2,2,2,3,1,2,2,0,2,0,2,2,0,0,3,1,0,1,2,0,2,1,1,4,3,0,3,3,2,0,2,0,1,0,0,0,0,0,3,2,2,0,6,1,4,1,2,3,1,0,2,0,1,1,0,2,1,1,1,2,3,3,5,1,1,2,2,0,1,2,0,3,2,2,0,2,1,1,0,4,2,1,0
donor_15_cell_011,0,0,2,3,1,2,8,14,2,2,5,7,1,3,7,4,2,1,2,0,8,1,1,0,2,1,2,0,1,3,1,7,0,2,2,0,1,0,1,3,3,1,5,2,3,4,1,5,1,1,1,0,1,0,3,0,6,1,2,0,2,2,1,4,0,1,0,1,0,4,1,1,4,1,0,0,4,0,1,1,3,0,1,2,0,0,2,4,1,1,0,3,0,2,1,2,2,1,0,1,4,0,2,5,0,4,4,2,4,3,1,3,2,2,1,2,2,0,2,3,4,4,0,2,0,3,1,1,1,1,3,3,2,2,1,0,3,2,3,1,1,1,2,3,1,4,0,2,2,2,1,3,0,1,1,1,2,2,4,2,0,3,0,1,5,1,1,1,0,3,0,0,5,1,3,1,0,7,0,1,1,4,2,1,3,1,1,1,2,4,0,1,0,3,0,0,3,2,0,1,1,5,1,3,1,0,2,2,3,2,2,2,0,3,1,3,1,4,2,0,0,2,2,1,2,3,0,1,4,1,0,2,2,2,3,6,4,1,0,2,1,2,3,2,1,4,2,5,1,2,3,4,3,1,1,2,2,0,3,3,2,1,0,1,4,1,1,4,1,0,1,2,0,4,3,0,2,2,4,7,1,2,2,2,4,3,0,0,5,3,2,1,1,3,3,2,1,2,1,0
donor_15_cell_012,2,0,1,1,0,2,1,5,3,5,4,3,1,2,1,0,3,0,2,2,4,2,2,1,0,0,0,0,1,0,3,4,0,1,1,1,0,0,1,3,1,2,5,0,3,4,0,1,2,1,1,1,1,4,1,1,0,2,1,0,2,1,1,0,1,1,1,1,0,2,2,0,1,2,0,0,0,1,2,4,2,1,0,2,3,0,1,1,3,2,1,4,2,1,5,0,4,1,0,4,1,2,0,3,0,3,1,0,2,1,3,0,1,1,1,1,0,3,1,6,1,1,1,0,0,1,1,0,3,5,1,3,3,1,4,0,3,3,1,1,3,1,3,0,0,0,2,1,1,1,1,1,0,0,2,2,0,1,2,2,1,2,3,3,0,0,1,0,0,1,2,1,2,2,1,0,3,1,1,1,0,2,2,1,1,3,2,0,0,1,0,1,2,0,1,0,3,2,0,1,0,3,0,2,0,0,2,0,1,2,2,3,1,3,1,0,1,0,3,1,1,3,3,5,0,1,0,1,0,1,1,1,1,1,4,1,0,3,0,1,1,2,1,0,4,1,0,1,1,5,4,0,1,0,2,3,4,0,0,2,3,2,0,0,4,0,1,0,0,0,0,1,0,2,2,1,3,2,4,2,0,3,1,2,3,0,2,0,1,1,0,0,3,1,1,2,3,2,2,1
donor_15_cell_013,0,0,3,0,0,0,10,8,0,2,3,10,4,1,0,2,2,1,1,4,2,0,3,3,2,1,1,0,1,0,0,2,5,2,2,0,1,2,0,1,1,0,5,2,2,2,2,1,1,2,2,0,1,5,2,1,0,2,3,2,3,2,2,3,2,1,1,2,0,1,3,2,1,2,0,0,1,1,2,1,1,1,1,0,2,1,3,2,2,4,1,3,0,2,0,2,4,0,0,1,3,1,1,1,1,3,3,2,1,1,1,1,1,1,0,2,3,2,0,1,2,4,0,2,0,4,1,1,0,0,2,3,2,2,1,1,3,3,4,0,1,3,6,1,1,1,2,1,1,0,2,2,0,1,2,1,2,2,1,1,0,2,0,2,3,1,3,4,0,1,2,2,1,3,1,1,2,1,2,2,2,4,1,2,1,1,0,1,0,1,0,1,1,0,2,1,2,4,0,2,1,2,0,2,1,0,0,0,0,3,3,2,0,2,1,0,0,0,2,2,3,3,3,0,2,5,0,2,3,0,1,3,4,3,4,3,2,2,0,1,3,0,0,1,2,2,2,3,1,2,2,2,1,1,1,2,4,1,1,5,0,3,4,2,1,0,3,1,3,0,0,1,1,1,1,2,2,0,0,2,1,1,0,2,0,0,1,3,0,0,4,0,2,2,1,3,1,2,4,1
donor_15_cell_014,0,2,1,3,0,1,6,4,3,3,3,6,1,3,1,0,3,0,2,3,5,1,1,2,0,1,2,0,2,1,3,4,1,3,2,0,1,0,0,1,2,6,1,0,5,0,3,1,2,1,0,1,2,0,2,3,2,0,2,0,4,3,1,0,2,0,1,0,0,3,0,0,2,2,0,1,2,2,7,3,3,1,0,3,1,0,1,2,0,5,1,1,0,0,4,2,2,1,0,3,1,0,1,2,2,4,3,4,0,5,3,0,2,1,0,1,3,3,0,2,2,1,0,2,0,1,0,1,2,1,2,0,2,2,2,0,4,0,0,0,0,0,1,0,0,1,0,0,1,1,1,3,1,1,1,1,3,1,0,4,1,3,1,2,0,1,1,1,0,1,0,2,2,1,0,1,0,5,4,3,1,0,2,3,1,4,1,0,6,0,1,1,1,2,0,1,1,1,0,1,3,1,3,0,1,1,0,2,0,2,2,4,0,2,0,6,2,1,1,0,2,2,0,2,3,1,0,1,1,3,0,0,0,3,1,2,0,2,0,1,3,2,1,0,3,1,1,2,1,0,1,4,6,0,1,2,1,1,0,1,0,2,0,0,2,0,1,0,1,1,1,2,1,0,3,2,1,2,1,1,1,1,1,3,0,0,0,0,1,2,2,1,3,0,4,4,6,1,4,2
donor_15_cell_015,0,0,4,0,0,0,9,8,4,5,7,9,1,3,2,1,4,3,3,0,1,1,0,3,3,0,2,1,2,1,4,1,3,0,0,2,1,0,0,3,1,1,1,1,1,0,1,0,3,1,1,0,5,5,1,3,1,1,1,3,3,1,1,3,2,0,0,1,0,2,1,4,1,1,0,2,2,2,5,3,3,0,2,0,1,1,3,2,4,3,0,4,4,2,0,1,4,1,1,5,2,2,1,1,3,2,1,1,0,2,1,4,0,0,1,1,1,2,2,1,1,3,1,1,0,3,1,0,1,4,2,2,1,1,0,1,3,1,1,0,1,1,3,2,0,1,1,1,3,4,1,0,1,2,1,5,2,0,3,3,0,2,2,2,1,4,2,1,1,3,1,2,2,2,2,0,1,1,2,1,2,2,2,2,3,1,0,1,2,3,2,1,1,1,3,0,2,0,2,0,5,0,0,1,0,0,0,2,1,2,0,0,3,2,1,3,0,0,1,1,0,0,2,2,2,9,3,0,6,0,2,0,1,3,3,1,0,0,2,0,3,1,0,0,3,1,2,1,1,1,2,3,0,1,0,1,1,2,0,2,0,1,0,0,0,2,0,2,1,0,2,1,1,0,2,1,0,1,3,4,0,0,2,0,2,0,0,0,4,2,0,1,2,1,3,0,0,1,0,1
donor_15_cell_016,0,0,0,4,1,3,4,10,1,7,4,14,4,2,0,1,2,0,2,5,1,2,1,1,2,1,2,0,0,1,0,5,0,2,1,3,0,2,2,1,0,2,2,3,2,0,1,2,0,0,2,0,2,0,5,1,2,0,2,0,2,2,4,0,0,5,0,0,0,4,1,1,2,0,1,2,1,2,1,2,1,2,3,2,0,0,3,0,0,3,1,2,3,1,1,2,2,1,1,0,3,3,0,3,1,1,2,0,0,2,2,1,3,4,0,4,1,1,1,3,7,5,1,0,1,1,1,3,2,4,0,3,1,0,0,0,1,1,2,1,1,3,4,4,1,1,0,0,1,0,1,1,2,0,1,4,1,2,1,2,0,1,2,0,3,3,0,3,0,1,0,1,1,2,2,1,1,3,2,1,2,7,1,1,1,3,1,0,1,0,2,1,1,3,1,0,1,2,1,0,3,5,1,2,1,2,2,2,3,2,2,3,2,1,5,1,0,1,1,2,2,2,2,5,1,2,0,2,3,1,2,1,0,2,1,0,2,4,0,1,1,6,2,3,2,3,1,0,0,2,2,2,1,0,2,1,2,1,1,2,1,0,1,1,1,1,0,1,0,1,2,2,1,3,0,1,1,3,2,1,0,1,2,1,2,4,0,0,2,0,3,0,4,1,1,2,1,4,3,2
donor_15_cell_017,0,0,2,1,0,1,4,4,0,4,4,13,1,3,1,0,1,1,6,1,3,2,3,1,2,1,2,0,2,1,1,4,2,2,4,0,1,1,1,0,0,3,2,0,2,4,0,0,2,0,1,0,1,1,2,1,0,1,2,2,1,2,2,3,1,2,1,1,2,3,1,1,2,1,0,0,0,2,1,3,4,0,4,2,1,1,0,2,1,0,0,3,2,2,0,3,2,4,3,1,0,2,1,3,4,2,1,2,0,0,2,2,0,0,1,0,0,3,1,1,1,3,0,1,0,0,1,2,0,3,0,1,2,3,0,4,1,2,5,2,2,3,4,1,0,1,2,0,3,1,0,2,3,2,0,2,1,0,1,6,2,2,2,1,2,2,0,1,0,0,3,2,1,1,1,1,5,1,1,3,5,2,2,0,0,5,3,1,0,0,4,2,1,3,0,1,3,4,1,0,2,0,1,1,0,2,2,1,0,2,0,1,0,0,1,1,0,2,2,1,1,2,2,1,0,2,0,0,1,1,1,1,1,1,3,1,1,3,2,1,2,3,0,3,1,2,0,0,2,2,4,1,1,0,0,2,3,0,0,0,1,2,3,0,2,2,0,1,1,1,0,1,0,0,2,1,2,0,3,2,0,1,0,0,0,1,1,2,5,1,3,1,3,0,1,3,3,1,3,1
donor_15_cell_018,1,0,1,3,1,3,4,10,2,5,9,8,3,0,0,0,1,1,0,3,2,1,0,4,2,1,5,0,0,1,2,2,1,0,1,0,0,2,0,2,2,1,2,1,3,1,2,1,1,0,0,0,1,1,2,4,2,4,0,1,5,2,0,1,1,0,0,0,0,1,2,0,4,1,0,1,1,2,1,1,1,0,1,1,0,1,2,0,0,2,1,3,1,0,2,4,0,2,1,4,2,1,1,2,1,2,1,2,0,0,2,2,3,0,1,6,3,2,1,2,1,2,0,1,2,3,0,0,0,1,2,4,2,1,2,0,0,1,1,1,0,0,2,0,1,2,1,0,4,0,2,3,1,1,0,1,1,1,1,4,0,2,0,2,1,3,2,1,0,2,0,0,0,0,1,0,1,4,1,1,0,4,0,3,1,4,2,0,3,4,2,0,0,1,0,2,3,0,2,2,3,1,1,0,1,0,0,0,1,1,1,0,0,4,0,2,1,0,2,2,2,3,1,3,1,1,5,0,0,2,1,3,3,0,0,2,1,3,0,2,2,5,4,1,3,3,0,1,1,1,0,1,3,2,0,1,1,1,0,4,0,2,1,0,2,1,0,2,0,0,1,1,2,2,2,0,1,1,1,2,1,3,0,1,2,0,1,3,3,0,2,1,3,1,1,4,0,2,5,1
donor_15_cell_019,0,0,1,0,3,2,6,6,3,1,7,8,0,1,3,1,2,1,2,1,5,2,3,2,3,0,2,2,1,3,0,6,1,1,0,1,1,1,0,0,2,1,1,2,3,2,2,0,2,2,2,2,5,0,1,0,3,0,0,1,0,1,5,0,1,2,2,1,3,2,2,1,0,0,1,2,1,1,0,2,2,3,2,1,0,1,2,3,2,3,0,0,1,1,0,2,2,1,0,4,1,4,0,3,2,0,3,3,1,3,2,1,3,0,2,4,2,3,3,3,1,2,2,3,1,0,0,0,1,2,1,1,4,2,2,0,4,1,4,1,2,2,3,2,2,2,1,1,1,1,1,4,1,1,0,2,1,1,3,2,2,2,0,2,0,1,1,3,1,1,3,0,1,1,2,0,1,1,3,4,2,3,1,5,1,1,0,1,0,1,1,2,0,2,0,1,0,5,1,3,2,2,1,0,0,0,1,4,3,1,3,1,1,4,0,3,0,1,3,2,2,1,1,1,0,3,2,1,5,0,2,1,4,2,2,0,2,3,1,0,1,2,0,1,4,0,2,0,1,1,2,1,1,0,2,0,5,2,0,1,1,3,1,1,2,0,0,2,1,0,1,1,2,1,2,1,0,1,4,1,0,0,0,2,2,2,0,4,0,1,0,2,2,3,2,1,3,2,0,3
donor_15_cell_020,0,0,1,3,1,2,8,8,3,4,4,6,1,3,4,3,1,0,1,3,2,1,2,3,2,0,1,2,0,3,2,3,2,2,1,1,1,0,0,1,1,2,1,1,1,3,4,0,2,2,0,3,4,0,4,2,4,1,2,1,4,0,3,3,2,3,1,1,2,3,0,2,2,1,1,0,0,4,4,0,4,2,0,0,1,3,2,0,3,1,1,0,2,4,2,1,2,0,2,0,2,2,2,2,4,1,3,1,2,5,2,3,2,4,1,1,0,1,1,2,4,3,1,2,0,2,1,0,3,3,2,4,2,1,4,1,7,0,2,0,1,2,0,1,2,1,2,1,5,2,2,2,0,2,1,4,2,1,2,4,2,4,2,1,0,2,3,2,4,6,0,4,0,6,1,1,2,3,1,4,2,3,2,1,4,2,4,2,2,0,3,0,0,1,0,1,3,3,0,2,1,1,3,0,1,0,0,3,0,1,1,5,0,1,2,2,2,1,1,1,0,5,1,3,3,4,0,2,1,0,2,1,3,0,1,2,3,2,1,1,6,2,0,1,2,0,4,3,0,1,1,3,2,1,3,2,5,1,1,3,2,3,2,1,3,0,1,4,0,1,2,0,1,2,1,2,0,3,2,3,0,0,1,0,0,2,1,0,4,0,0,2,2,1,2,0,5,2,1,0
donor_15_cell_021,1,0,2,1,1,1,3,9,1,3,3,6,3,2,0,2,0,1,1,2,0,3,3,1,5,3,0,0,0,5,2,1,1,1,2,0,0,2,0,2,0,2,2,1,6,2,4,3,3,0,2,0,5,0,2,1,2,2,0,1,2,3,0,2,1,1,0,1,3,1,0,0,2,0,3,1,2,2,2,1,2,0,0,1,1,2,3,1,0,1,0,2,0,2,1,0,0,0,1,2,4,2,0,2,3,2,5,2,1,4,1,1,1,1,0,2,0,2,0,0,0,1,0,0,1,5,1,1,1,0,2,1,1,0,1,0,5,4,2,0,1,1,2,2,2,1,1,0,3,3,1,5,1,2,1,0,3,2,4,1,1,1,2,0,2,0,3,2,0,1,2,0,0,2,0,1,0,4,2,3,1,3,2,1,3,0,3,0,2,0,4,2,1,2,2,1,2,2,3,2,2,0,1,3,0,1,1,2,1,3,0,2,0,3,3,4,1,2,0,4,0,1,1,4,1,0,1,2,2,2,0,1,7,1,1,2,0,0,1,2,0,1,0,4,1,4,2,2,2,0,3,5,2,2,3,0,4,2,2,1,2,1,1,0,0,0,1,1,0,1,2,0,1,1,1,0,1,1,1,2,0,0,1,2,0,1,2,0,2,1,3,0,4,2,3,5,5,2,4,1
donor_15_cell_022,0,0,1,2,0,1,0,4,2,5,2,4,0,3,0,3,1,0,2,0,2,1,1,1,3,1,2,1,0,2,0,3,0,2,1,0,0,0,2,1,2,2,3,3,2,2,2,3,2,2,1,0,1,3,2,1,1,0,0,1,2,0,1,2,2,0,2,1,3,1,1,1,0,1,3,0,0,1,2,3,0,1,1,1,0,0,4,1,0,0,1,1,2,3,1,1,2,0,1,1,1,0,0,3,4,4,1,0,0,1,1,1,0,2,1,3,5,2,0,3,1,0,1,0,0,0,0,1,3,2,0,1,0,1,0,0,6,4,3,0,0,2,4,2,0,0,1,3,1,0,1,1,1,1,1,2,2,2,2,2,0,3,0,0,0,0,5,2,2,2,2,0,0,4,1,0,0,4,0,1,3,0,0,1,2,2,2,0,2,1,3,1,1,0,0,0,1,1,0,0,2,1,0,1,1,3,0,0,0,0,0,0,1,4,2,1,0,0,4,3,3,1,1,3,1,2,1,2,1,2,0,2,2,3,5,1,0,3,0,0,3,0,1,0,0,1,1,1,0,0,1,1,0,1,5,0,4,0,1,0,2,2,2,1,2,2,1,1,1,3,2,0,2,0,2,0,0,0,1,1,1,0,1,0,2,3,1,0,1,1,1,1,3,3,1,4,1,0,1,1
donor_15_cell_023,0,1,4,2,1,1,11,10,4,4,3,8,2,4,2,1,3,1,2,4,0,1,3,2,3,1,2,2,1,2,2,2,0,0,1,1,2,2,3,1,1,2,1,1,1,1,2,3,0,1,5,1,1,3,2,2,3,1,2,1,1,3,2,2,1,1,1,2,1,1,1,1,3,1,0,6,1,0,0,1,3,0,2,2,2,1,1,0,0,4,2,1,0,0,2,2,3,1,0,3,1,1,0,3,3,3,4,2,1,2,1,0,3,4,0,1,2,3,1,2,4,2,2,1,1,1,1,0,3,4,1,3,1,0,1,1,4,2,0,2,0,1,2,3,0,1,0,1,6,1,4,2,2,1,1,1,0,2,4,3,2,5,1,2,1,1,0,2,1,0,4,1,2,1,1,1,2,2,4,2,5,4,2,3,0,3,2,1,0,1,2,0,2,1,0,3,4,2,1,0,0,0,1,1,0,1,1,2,0,1,3,1,1,1,0,1,3,1,1,0,1,2,1,1,1,1,0,0,1,0,0,4,4,1,4,2,1,2,1,1,1,3,0,3,2,3,2,1,1,0,0,3,2,0,1,3,1,1,2,1,0,2,0,0,1,1,2,0,1,1,0,0,2,2,2,3,4,1,3,5,1,2,0,3,1,2,1,1,2,2,1,1,1,1,1,2,4,1,2,2
donor_15_cell_024,0,1,2,1,2,4,5,7,2,3,6,5,1,1,5,3,3,0,2,2,1,0,3,4,1,1,1,1,1,1,0,5,2,2,2,1,1,2,1,7,1,1,4,1,1,0,2,2,3,3,0,0,2,1,1,1,2,0,0,1,4,2,2,1,0,6,3,2,2,2,2,0,2,2,0,1,0,1,1,2,3,1,2,0,0,1,1,0,1,3,0,1,0,2,0,1,1,1,0,0,3,0,2,6,2,3,0,1,1,6,1,0,1,0,0,4,2,1,0,3,1,3,0,1,2,2,2,1,1,1,1,3,3,1,2,2,3,1,3,1,2,4,0,1,1,2,5,1,2,1,3,4,0,1,1,2,2,2,1,1,2,1,0,1,2,3,2,5,1,0,0,0,6,6,2,1,2,1,3,0,2,4,2,2,3,3,0,0,5,4,2,2,1,1,2,1,1,1,4,1,3,2,2,1,0,0,1,2,1,2,3,0,1,7,0,3,1,0,4,2,4,2,1,5,2,1,2,2,3,1,2,3,4,1,5,2,0,3,0,1,2,1,0,1,0,1,6,1,1,0,3,2,1,1,3,3,1,2,1,1,1,2,3,5,2,0,0,1,0,1,0,0,0,3,1,1,0,1,4,1,0,0,0,0,1,1,0,1,1,0,1,2,2,0,4,2,2,2,6,3
donor_15_cell_025,0,1,1,1,1,0,4,8,7,6,6,9,1,5,0,1,1,0,1,0,3,3,5,2,1,1,1,0,1,1,1,4,2,2,4,0,2,0,1,1,3,1,2,2,1,1,1,1,3,1,1,1,4,2,5,1,2,0,0,0,0,2,1,2,1,4,0,3,3,1,1,2,3,2,2,1,2,2,1,1,2,4,3,1,0,0,1,1,1,3,1,4,2,2,2,2,1,2,0,3,1,2,1,3,0,2,2,0,0,1,1,2,3,3,1,4,6,0,3,2,1,5,0,2,0,0,1,0,1,1,1,3,0,0,1,2,2,0,2,0,5,0,1,2,0,2,3,2,1,0,0,1,1,2,2,5,0,0,2,1,3,2,1,1,1,1,4,4,2,6,0,3,3,2,2,2,2,2,3,1,2,3,4,1,2,3,2,2,1,0,4,2,0,0,1,1,4,3,2,1,4,0,0,0,1,0,0,0,0,1,0,1,2,0,5,2,1,0,2,0,2,0,4,3,2,1,3,2,1,0,0,1,3,1,0,0,1,5,1,0,4,5,1,2,0,2,2,1,2,1,1,1,0,1,0,1,3,0,0,3,0,2,0,0,2,1,3,0,0,0,1,2,0,2,1,1,1,0,4,1,0,1,1,1,1,0,3,1,0,1,3,0,3,0,1,1,3,2,3,0
donor_15_cell_026,0,0,1,5,1,2,5,7,2,6,0,13,4,4,2,1,3,1,1,2,2,1,1,3,5,1,0,2,0,3,2,3,0,2,6,0,1,3,1,7,3,3,2,1,4,2,3,3,2,0,1,4,3,2,2,1,1,2,2,0,1,0,2,2,2,4,2,4,0,2,1,0,1,2,1,3,1,4,2,1,2,3,2,1,1,0,1,1,1,1,3,1,3,2,1,1,0,1,3,2,4,2,4,3,1,1,3,2,2,2,3,0,3,5,0,2,2,4,2,3,0,1,0,3,1,3,2,0,0,6,2,5,2,0,0,1,3,0,5,1,3,0,4,1,4,1,2,3,2,0,2,2,2,2,0,7,2,5,1,1,0,2,4,0,1,1,1,2,2,1,0,4,2,2,1,0,2,2,2,2,3,3,3,1,2,4,0,2,4,2,3,0,1,3,0,3,2,6,1,0,0,2,1,0,0,1,1,2,2,1,4,3,1,1,10,1,0,2,1,4,0,6,3,2,1,0,1,0,3,2,2,5,4,6,5,2,0,2,1,3,1,0,1,3,4,3,0,1,1,1,3,1,3,0,0,2,10,1,1,1,1,4,2,1,4,1,1,1,1,2,0,1,0,1,2,4,0,0,0,1,3,3,1,1,3,1,2,1,1,1,3,1,3,1,2,5,3,1,0,2
donor_15_cell_027,0,0,2,6,0,0,6,9,4,5,6,5,1,3,3,1,1,4,3,1,2,2,6,0,1,4,3,1,1,0,1,2,1,2,2,2,0,3,0,0,3,3,3,1,3,1,5,0,1,1,1,1,3,1,2,1,0,0,0,0,3,2,3,0,2,2,0,2,0,2,0,2,5,0,1,1,1,1,2,1,5,2,0,2,1,1,1,3,2,1,4,0,2,2,1,3,1,4,1,0,3,2,0,3,1,1,2,0,0,0,1,0,2,3,2,1,1,4,0,1,1,2,0,0,2,1,2,0,0,4,1,2,3,2,1,0,2,2,2,0,1,1,5,0,2,0,1,2,4,0,2,0,1,2,1,4,1,2,3,3,1,4,2,0,0,1,1,2,1,1,0,6,1,2,1,3,3,2,4,1,2,0,2,1,2,4,2,1,1,2,3,0,0,1,2,1,4,1,2,3,2,1,1,2,1,0,1,2,2,2,0,1,1,2,1,2,0,0,1,1,4,2,1,3,0,1,1,5,1,0,1,3,1,2,2,1,0,2,1,3,3,6,1,2,3,3,0,2,1,1,1,4,1,2,1,0,2,1,1,1,2,2,1,2,2,0,0,1,1,0,2,2,0,1,3,2,2,2,4,4,1,1,2,3,0,1,0,2,1,2,2,1,4,1,1,1,3,1,1,6
donor_15_cell_028,1,0,2,7,3,3,10,7,1,3,6,8,4,3,2,0,0,1,4,5,0,1,0,1,1,4,1,0,1,1,3,3,1,2,3,2,0,2,0,1,3,9,0,3,3,0,2,0,2,0,1,1,2,4,3,0,2,3,0,0,1,1,2,3,1,2,0,2,3,2,4,1,0,1,1,3,1,7,3,6,5,4,2,0,1,1,2,0,1,2,2,1,2,3,0,2,5,1,4,4,2,1,3,3,3,2,0,1,0,1,1,1,2,2,3,1,6,1,0,5,3,0,1,3,0,1,3,0,2,3,0,4,2,5,3,0,1,2,3,0,4,2,2,4,2,2,2,2,1,4,3,2,4,1,1,1,3,3,1,0,1,4,2,3,1,4,2,0,0,3,1,2,0,6,3,2,0,2,2,4,4,4,0,0,4,2,1,1,1,1,6,1,1,4,0,2,3,3,0,6,1,1,2,0,0,1,1,2,3,0,1,4,1,3,0,2,0,2,4,1,0,2,1,3,0,1,2,2,3,0,1,2,2,3,4,5,1,3,1,1,2,4,2,6,3,3,2,1,0,1,3,4,2,2,0,7,5,1,0,1,0,1,0,1,8,1,5,1,1,0,0,2,1,2,2,1,0,0,3,5,1,0,3,0,1,3,1,0,0,0,1,1,2,2,5,3,3,2,3,2
donor_15_cell_029,1,0,4,1,0,2,8,12,1,6,6,8,3,0,3,0,0,0,1,2,0,0,2,1,4,1,3,0,0,3,2,4,2,0,1,2,1,1,2,2,1,3,0,2,3,1,0,0,2,3,1,0,2,2,1,1,2,4,2,2,1,1,4,1,2,0,3,2,0,2,0,0,2,1,2,1,2,2,3,3,0,1,4,2,0,0,2,4,2,3,1,3,1,1,0,0,0,1,2,3,5,2,1,1,4,1,0,2,1,4,4,2,2,1,0,2,5,0,2,1,1,0,1,1,0,1,2,0,1,1,2,2,0,2,2,2,4,1,3,1,2,0,2,0,2,2,2,2,1,2,0,2,3,1,1,2,2,0,1,2,1,1,2,1,1,0,1,0,1,1,1,0,0,3,0,0,1,2,2,3,2,3,0,2,1,1,0,1,1,0,2,0,3,1,0,3,0,3,1,2,2,0,0,1,2,3,2,1,1,0,1,0,1,2,3,3,0,2,3,0,0,1,1,2,2,1,3,2,5,2,0,1,3,2,2,5,1,3,2,1,2,1,1,3,3,1,3,0,1,1,0,1,4,0,0,0,2,1,1,0,1,1,1,0,4,1,0,0,1,1,2,3,1,2,1,1,1,0,4,3,0,0,0,1,3,1,0,3,1,1,1,0,3,0,4,2,4,1,1,0
donor_15_cell_030,0,1,2,3,1,0,7,12,2,3,6,6,1,0,2,0,1,0,3,1,3,3,6,0,0,1,4,1,1,0,3,1,2,0,0,2,1,1,2,2,1,2,2,2,4,1,2,1,4,2,0,2,2,5,1,0,4,1,1,1,1,3,1,5,3,1,1,2,1,3,1,1,1,3,1,0,0,6,0,1,0,2,2,1,1,0,0,1,2,1,1,4,0,0,1,1,1,2,0,1,2,0,3,2,4,1,0,0,0,1,2,0,2,2,0,1,4,1,1,1,1,2,1,1,0,2,1,2,0,0,0,0,0,2,3,0,1,1,0,0,3,0,2,0,1,2,1,3,1,1,1,2,0,1,0,0,2,3,3,1,2,2,1,0,2,2,4,1,3,1,2,2,1,3,2,0,1,2,1,3,0,4,3,1,3,2,3,0,1,1,3,0,0,1,0,0,0,3,0,1,1,3,3,2,1,1,0,2,1,0,2,2,1,2,2,1,1,0,2,0,1,1,0,1,3,2,1,2,2,1,2,2,4,2,2,2,3,2,0,0,1,1,3,1,0,2,0,2,0,2,0,2,1,1,1,0,2,2,1,3,0,1,2,2,1,0,0,0,3,0,1,1,2,3,0,0,1,1,0,1,0,0,0,1,0,1,1,3,4,1,3,1,1,1,3,4,4,2,3,4
donor_15_cell_031,0,0,1,1,1,3,6,7,3,4,7,7,1,0,1,1,1,0,2,2,4,2,1,3,4,0,2,3,0,1,2,2,2,0,1,0,0,1,0,2,1,2,2,4,3,3,3,2,3,0,1,0,4,2,1,3,3,2,0,0,3,2,3,1,5,1,0,2,0,1,0,0,2,1,2,2,2,4,6,1,1,0,1,0,1,2,0,4,1,4,1,1,1,2,2,1,1,3,1,2,3,4,3,3,4,3,1,3,1,3,3,1,0,1,1,4,1,5,1,2,1,4,0,2,1,2,0,1,0,3,1,1,3,1,1,2,3,2,2,1,1,1,1,1,2,3,1,2,3,1,2,2,0,0,1,1,3,2,0,3,2,3,1,1,1,0,4,6,3,3,3,1,2,2,1,2,2,1,2,2,0,5,2,0,2,4,1,2,0,1,3,0,1,4,2,1,2,2,1,2,3,3,0,1,2,1,1,1,2,0,2,2,0,0,3,2,3,0,8,1,1,0,2,3,0,2,0,4,3,2,0,2,2,2,1,2,3,3,1,1,2,4,1,4,4,1,2,1,1,2,1,4,2,2,2,3,2,1,1,0,0,3,5,1,3,0,1,2,1,2,1,0,1,2,1,4,2,2,4,1,1,1,1,3,3,1,0,1,2,2,1,1,5,3,3,2,5,0,2,2
donor_15_cell_032,0,0,0,0,2,3,4,9,1,6,2,8,3,1,3,1,4,0,0,0,2,0,7,2,1,0,4,1,0,2,4,2,1,1,3,1,1,2,0,3,2,3,3,2,4,3,4,2,4,0,3,4,1,3,2,1,1,6,1,1,2,4,3,2,1,3,1,2,1,4,0,0,2,0,3,3,2,3,0,2,8,1,1,0,2,4,3,6,1,0,0,4,1,2,0,2,2,3,0,2,2,3,1,4,0,2,2,2,2,1,1,0,2,2,0,2,2,2,2,3,4,3,2,2,1,0,4,2,4,3,0,4,3,1,3,1,4,3,2,1,2,1,2,1,2,0,3,0,2,0,4,0,1,2,3,4,1,3,1,5,2,1,2,0,4,1,2,2,2,3,2,4,2,2,0,3,2,0,8,3,2,1,1,0,2,0,5,0,3,1,1,2,1,2,2,1,1,4,2,2,1,2,2,2,1,2,0,1,4,2,1,0,3,1,3,1,0,0,5,1,1,1,2,0,0,3,2,3,2,0,0,2,5,2,0,3,3,3,2,3,1,2,1,0,1,2,4,1,2,2,1,2,2,2,2,0,6,3,0,2,0,2,2,1,1,1,1,2,1,0,3,1,1,2,3,4,2,2,1,1,2,1,1,0,2,2,3,1,1,1,1,0,0,1,3,2,2,1,2,1
donor_15_cell_033,1,0,4,2,0,0,4,5,3,2,5,6,2,1,4,1,1,0,1,0,2,2,0,2,0,1,1,0,0,1,0,4,3,1,0,0,1,3,1,2,0,0,1,0,4,0,2,1,3,2,0,1,2,3,0,3,1,2,1,0,2,0,2,0,0,0,4,1,1,0,0,1,0,0,0,1,0,3,1,1,1,1,3,0,1,0,1,0,1,2,0,1,1,1,1,2,1,0,1,1,2,1,1,0,1,4,1,1,0,0,2,0,2,1,1,1,4,1,1,1,1,2,1,2,0,3,1,1,1,2,0,2,2,0,0,2,2,0,3,1,1,0,0,1,3,3,0,0,1,1,2,2,1,2,1,1,3,2,3,2,1,1,0,0,1,2,0,0,4,1,0,4,3,3,1,2,4,3,0,5,0,0,1,0,3,3,1,0,2,2,3,1,0,4,1,2,2,1,2,0,2,2,2,0,0,2,1,0,0,2,1,1,1,1,1,1,1,2,5,2,0,0,2,2,0,2,3,0,2,1,0,1,4,2,0,0,2,3,0,1,1,2,0,1,5,2,1,1,1,4,2,4,3,3,1,2,2,0,0,3,0,0,0,0,2,2,1,0,2,0,0,1,0,1,3,0,1,2,2,4,0,1,0,3,3,1,1,0,0,2,1,1,5,2,3,2,3,2,3,2
donor_15_cell_034,0,0,4,1,1,2,6,11,3,4,7,9,2,2,2,1,1,0,3,1,5,1,6,0,4,0,1,2,0,3,0,2,0,2,0,0,0,2,1,1,3,2,7,1,4,2,2,2,3,0,0,1,4,0,4,1,1,2,0,2,3,3,0,1,3,3,4,1,1,0,2,1,1,0,1,7,0,2,1,3,1,1,1,2,1,2,3,1,1,0,2,1,2,1,0,4,3,2,0,4,3,3,1,5,4,4,2,2,4,2,1,2,2,1,2,1,2,7,2,0,2,0,0,0,1,2,1,0,1,4,1,8,3,1,2,1,1,3,4,0,0,6,3,2,0,0,2,3,4,0,0,3,0,0,0,3,2,3,7,2,1,3,1,0,3,3,3,2,1,1,4,1,1,1,1,0,2,4,0,1,2,1,1,1,3,5,3,0,1,0,3,1,3,2,3,1,2,2,2,1,4,3,1,1,2,1,0,5,3,1,4,3,1,4,0,1,0,2,2,2,1,0,1,2,4,3,3,1,2,1,0,1,2,1,2,2,3,1,0,0,2,1,2,4,1,4,1,0,2,1,1,2,3,1,0,1,2,1,2,4,0,2,1,0,3,1,2,2,0,2,0,2,3,3,3,1,1,2,4,2,1,2,2,0,3,1,3,2,1,2,1,0,3,0,3,1,4,3,3,3
